response_id,university,Question_type,true_label,predicted_label,confidence
R_2rCa1N6N3d3HwaW,"UTEP: University of Texas, El Paso",Q1_UTEP,0,0,0.9979896545410156
R_1l6k4qkDrqMeRvb,"UTEP: University of Texas, El Paso",Q1_UTEP,1,0,0.9865119457244873
R_3NIlzVxxdTzlwpc,"UTEP: University of Texas, El Paso",Q1_UTEP,1,0,0.9979325532913208
R_2WPGuT5oAsecvWe,"UTEP: University of Texas, El Paso",Q1_UTEP,0,0,0.9982019662857056
R_2wzPuumMQ1zGGe4,"UTEP: University of Texas, El Paso",Q1_UTEP,0,0,0.9980892539024353
R_1jCjVLKNgb2huSg,"UTEP: University of Texas, El Paso",Q1_UTEP,0,0,0.9982689619064331
R_7IPME13SknzIWBL,ISU: Iowa State University,Q3_ISU,1,1,0.6319851279258728
R_5Ddtdgsx9r0zrQc,ISU: Iowa State University,Q3_ISU,0,0,0.9969723224639893
R_1e5v6fwwBF04jrM,ISU: Iowa State University,Q3_ISU,0,0,0.9967787861824036
R_1jNVk8aO7n6DGcI,ISU: Iowa State University,Q3_ISU,1,0,0.9943696856498718
R_1f8rzzLS6uKlRkw,ISU: Iowa State University,Q3_ISU,1,2,0.5024609565734863
R_6e8RHrMXSwpiDIZ,ISU: Iowa State University,Q3_ISU,0,0,0.8367384672164917
R_34ywUo6x0ujtnJT,ISU: Iowa State University,Q3_ISU,2,0,0.9844580292701721
R_5rT1LgRg1A2Kkya,ISU: Iowa State University,Q3_ISU,0,0,0.9973223805427551
R_5Gjj4Jg955jPXVo,ISU: Iowa State University,Q3_ISU,1,0,0.9951348900794983
R_6gJV0etfg9R0cnf,ISU: Iowa State University,Q3_ISU,1,0,0.9972124695777893
R_3xFBEh15xQlVRnq,ISU: Iowa State University,Q3_ISU,0,0,0.9969280362129211
R_6PG1Cuv76VepqWl,ISU: Iowa State University,Q3_ISU,0,0,0.9966318011283875
R_71gpBDaoM71iOWd,ISU: Iowa State University,Q3_ISU,0,0,0.9964725375175476
R_35Lcxmkaz67yob7,ISU: Iowa State University,Q3_ISU,1,1,0.5343520641326904
R_58R6JUKSuomDZAJ,ISU: Iowa State University,Q3_ISU,0,0,0.9971128702163696
R_5gBZoyE4vNPGlI5,ISU: Iowa State University,Q3_ISU,0,0,0.9933580756187439
R_1eA84Im7beahoY1,ISU: Iowa State University,Q3_ISU,0,0,0.9965907335281372
R_7fdTODCfM0sSAS3,ISU: Iowa State University,Q3_ISU,0,0,0.9961569905281067
R_1hMg5JnEnxc5DvY,ISU: Iowa State University,Q3_ISU,0,0,0.9967498779296875
R_11ggthKN9fi3OAX,ISU: Iowa State University,Q3_ISU,0,0,0.9964728951454163
R_5pgaq0pYCpZl0Yn,ISU: Iowa State University,Q3_ISU,0,0,0.9971221089363098
R_6yeK7gFLIyf5hg3,ISU: Iowa State University,Q3_ISU,0,0,0.9972153902053833
R_1nX6cppexZiCa3f,ISU: Iowa State University,Q3_ISU,1,1,0.6114528775215149
R_32lNgQM6f5cqFfH,ISU: Iowa State University,Q3_ISU,0,0,0.9971579313278198
R_7eskBBLFPrXiCcX,ISU: Iowa State University,Q3_ISU,0,0,0.9972803592681885
R_6S6l3EmaWPCUCtQ,ISU: Iowa State University,Q3_ISU,0,0,0.9966283440589905
R_1OnLYobBrU0J9n3,ISU: Iowa State University,Q4_ISU,0,0,0.8264359831809998
R_6KW9lx7XeHmSWuY,ISU: Iowa State University,Q4_ISU,1,2,0.9850115776062012
R_6H1CDySa09NOhIF,ISU: Iowa State University,Q4_ISU,1,0,0.7587776780128479
R_5daTTG5Nj0bpgIQ,ISU: Iowa State University,Q4_ISU,0,1,0.7503029108047485
R_3clD3zfmf2dSJC9,ISU: Iowa State University,Q4_ISU,0,0,0.9965711832046509
R_1M3gVjepPyGy6gQ,ISU: Iowa State University,Q4_ISU,2,2,0.9940411448478699
R_1oAxLJaF7Ca3G4k,ISU: Iowa State University,Q4_ISU,0,0,0.9906946420669556
R_1ctEuox4xtQMb32,ISU: Iowa State University,Q4_ISU,1,2,0.9815211892127991
R_1zItB9clYizWYzB,ISU: Iowa State University,Q4_ISU,0,0,0.9969179630279541
R_7qwjqzh8MkMxwkl,ISU: Iowa State University,Q4_ISU,0,0,0.9962260723114014
R_1VR7Wcu6KzUgkBs,ISU: Iowa State University,Q4_ISU,0,1,0.9133754372596741
R_6rRMoJwCrYSQv8B,ISU: Iowa State University,Q4_ISU,1,2,0.9869691133499146
R_7PTTlI8rRTywj9x,ISU: Iowa State University,Q4_ISU,1,1,0.6032447218894958
R_2AHnha63e5ixr3O,UF: University of Florida,Q2_UF,0,1,0.9476235508918762
R_ePypgfabK1EGpoZ,UF: University of Florida,Q2_UF,0,0,0.9978973865509033
R_2yjCOIGcNitkSe9,UF: University of Florida,Q2_UF,0,0,0.9973154664039612
R_3QPJ7VxNRXXe4QR,UF: University of Florida,Q2_UF,0,0,0.9974308609962463
R_piLTsh0jCe1Nxlv,UF: University of Florida,Q2_UF,1,1,0.9886489510536194
R_3e9LXigHqb3padf,UF: University of Florida,Q2_UF,0,0,0.9980418682098389
R_1Qa1aMyxfgnMsf2,UF: University of Florida,Q2_UF,0,0,0.9977378845214844
R_1d5JCzoywo5qsHz,UF: University of Florida,Q2_UF,0,0,0.9971394538879395
R_1DYeZVlMR0yqoa0,UF: University of Florida,Q2_UF,0,0,0.9959838390350342
R_27lfLtyv1ssz1v7,UF: University of Florida,Q2_UF,1,1,0.9940205216407776
R_1FgmJdZogVIpfMA,UF: University of Florida,Q2_UF,1,1,0.9946223497390747
R_12sZ7fCjIj6oaVa,UF: University of Florida,Q2_UF,0,0,0.99783855676651
R_0MQRpHixKGKfQzf,UF: University of Florida,Q2_UF,1,1,0.9916360378265381
R_1kFdAVzfwHe76Rq,UF: University of Florida,Q2_UF,1,1,0.9887738227844238
R_12QkKp4Dmy4NhYx,UF: University of Florida,Q2_UF,2,1,0.9888790845870972
R_5gNgxPGdZeRIs4F,UF: University of Florida,Q2_UF,0,0,0.997789740562439
R_10NmNgK1lNpdI11,UF: University of Florida,Q2_UF,1,1,0.9244873523712158
R_p9HQ6d5neyHqpPz,UF: University of Florida,Q2_UF,0,0,0.9957641363143921
R_3mcP1Qiyii91Sk9,UF: University of Florida,Q2_UF,0,0,0.9970983266830444
R_2dEz1evreucmIKw,UF: University of Florida,Q2_UF,0,1,0.9869893193244934
R_2YfuUd96cpwExTw,UF: University of Florida,Q2_UF,0,0,0.9980037808418274
R_3gYR5VI4qA6FbK5,UF: University of Florida,Q2_UF,0,0,0.9975702166557312
R_2aVqGm8pYfGOllh,UF: University of Florida,Q2_UF,0,0,0.9973104000091553
R_295hwb3vc9LKKxx,UF: University of Florida,Q2_UF,0,0,0.9948707818984985
R_26hVaB2qpXKPzCX,UF: University of Florida,Q2_UF,0,1,0.9952978491783142
R_3k647OnhA32lBMB,UF: University of Florida,Q2_UF,1,1,0.9939607381820679
R_DGjYYgb95BEnuFP,,Q2_UF,0,0,0.9976034760475159
R_2cj8eoXwNaSApuq,UF: University of Florida,Q2_UF,1,1,0.9035984873771667
R_3koZDT3MjVtcQl3,UF: University of Florida,Q2_UF,1,0,0.9962990880012512
R_PIFWsY9IrVSdYRz,UF: University of Florida,Q2_UF,0,1,0.9795500636100769
R_1DoorjauORI3gzz,UF: University of Florida,Q2_UF,0,0,0.9979793429374695
R_2X4gpKhNI2hKcNA,UF: University of Florida,Q2_UF,1,1,0.9898802042007446
R_3Ez2qF0LoEhVVAp,UF: University of Florida,Q2_UF,0,0,0.9973897337913513
R_1PcwiZx3AR4goJZ,UF: University of Florida,Q2_UF,1,1,0.9358134865760803
R_3MtaUIMjvJVPBr1,UF: University of Florida,Q2_UF,0,0,0.9978005290031433
R_2Ysn7bkaI3VsNsl,UF: University of Florida,Q2_UF,1,1,0.9902178645133972
R_RUg4zD8PXY8NeaB,UF: University of Florida,Q2_UF,1,1,0.9919664859771729
R_cY25qF1A2GStINX,UF: University of Florida,Q2_UF,1,0,0.9965924620628357
R_2ckhQv4nJ90pbbi,UF: University of Florida,Q2_UF,0,0,0.9847341775894165
R_7QCipo49G0BBpRv,UF: University of Florida,Q2_UF,0,0,0.9976596832275391
R_Dq4zYA2a1jap3Mt,UF: University of Florida,Q2_UF,0,0,0.997088611125946
R_3Emv0M6VF9SEArM,UF: University of Florida,Q2_UF,0,0,0.9977853298187256
R_2dlN5B8YPmR7oto,UF: University of Florida,Q2_UF,1,1,0.9913383722305298
R_1CDUo72SFdWqrdx,UF: University of Florida,Q2_UF,0,0,0.9980331063270569
R_3qL75uYG08bPR3q,UF: University of Florida,Q2_UF,0,0,0.8020467758178711
R_1Okmze1wvWKWi8F,UF: University of Florida,Q2_UF,0,0,0.997535228729248
R_22yJ0Y9pmOWjDyn,,Q2_UF,0,0,0.997763991355896
R_1JIXEmB9Y2OEbXp,UF: University of Florida,Q2_UF,1,0,0.9955267310142517
R_29ntW4yUhZ3jVTw,ISU: Iowa State University,Q1_ISU,2,1,0.9907021522521973
R_XOfJbeM43SgeyCR,ISU: Iowa State University,Q1_ISU,2,2,0.9924702644348145
R_2axGo50ZAjOiDuU,ISU: Iowa State University,Q1_ISU,2,1,0.9628328680992126
R_27TgnY9wXz03ROk,ISU: Iowa State University,Q1_ISU,1,1,0.992362380027771
R_2WxveTvoQ3wH7ko,ISU: Iowa State University,Q1_ISU,1,1,0.9919605851173401
R_1QfQGrw6na0ToKN,ISU: Iowa State University,Q1_ISU,2,2,0.9847272634506226
R_Rk2OpraIdU5dtER,ISU: Iowa State University,Q1_ISU,1,1,0.9917116165161133
R_DNbGtGsltt6YgYp,ISU: Iowa State University,Q1_ISU,1,1,0.9922177791595459
R_1E5JRuVxt5tFEb7,ISU: Iowa State University,Q1_ISU,2,2,0.9917719960212708
R_1gTpX6pM3wk4OWR,ISU: Iowa State University,Q1_ISU,2,2,0.9928513765335083
R_8dgMJbrxG7G8pHP,ISU: Iowa State University,Q1_ISU,1,1,0.9917224049568176
R_2xF2oPGL6FBdgOn,ISU: Iowa State University,Q1_ISU,1,1,0.9920942187309265
R_3JELb6DdyEO582a,ISU: Iowa State University,Q1_ISU,1,1,0.9921234250068665
R_1dnvSLbpJgBTXTG,ISU: Iowa State University,Q1_ISU,0,1,0.9921430349349976
R_1eUBRVBVFe7Kptj,ISU: Iowa State University,Q1_ISU,0,1,0.9911981225013733
R_3hcqL3C6mWBEbJb,ISU: Iowa State University,Q1_ISU,1,1,0.9923900961875916
R_1LBvWtTcENRcy8k,ISU: Iowa State University,Q1_ISU,2,2,0.981770932674408
R_29pUU9hefrTU9SV,ISU: Iowa State University,Q1_ISU,1,1,0.9919344186782837
R_a9msDKjrZEl5GNj,ISU: Iowa State University,Q1_ISU,2,2,0.9916146993637085
R_2R9SUOW2ZT1pXG8,ISU: Iowa State University,Q1_ISU,1,1,0.9921413660049438
R_d7tF60k75vbvT8t,ISU: Iowa State University,Q1_ISU,2,1,0.9921567440032959
R_2fdm2ahugqnQ1gy,ISU: Iowa State University,Q1_ISU,2,2,0.9925518035888672
R_28TDDGf7GzEEHzc,ISU: Iowa State University,Q1_ISU,1,2,0.9916253685951233
R_3fIw1FqGaReMayQ,"UTEP: University of Texas, El Paso",Q2_UTEP,2,2,0.9935173988342285
R_p0F6iCLjlEQhDLb,"UTEP: University of Texas, El Paso",Q2_UTEP,2,2,0.9943155646324158
R_3EPZt3AVC1eAWhq,"UTEP: University of Texas, El Paso",Q2_UTEP,2,2,0.993970513343811
R_5tJ3ynU4siwIVWS,UF: University of Florida,Q3_UF,0,1,0.8644512295722961
R_6f2JAYNwP81ksnH,UF: University of Florida,Q3_UF,1,0,0.9979709982872009
R_1Sjc3roe8FisWlK,UF: University of Florida,Q3_UF,1,1,0.9965088963508606
R_7EFRGsa74t7oM38,UF: University of Florida,Q3_UF,1,1,0.9715670347213745
R_1KdQca4KWwKdD4Y,UF: University of Florida,Q3_UF,1,0,0.979033887386322
R_5kGqmTz1vdukKyK,UF: University of Florida,Q3_UF,1,1,0.9972988963127136
R_5CBDHIlaFdj9lId,UF: University of Florida,Q3_UF,1,1,0.9974068999290466
R_6pAY1Q8n5arb4M9,UF: University of Florida,Q3_UF,1,1,0.9945579767227173
R_6rOQj5qVrXuAwiP,UF: University of Florida,Q3_UF,0,1,0.8054141998291016
R_3prtB5xdbyn3lHd,UF: University of Florida,Q3_UF,0,1,0.9746628403663635
R_6n75A5TuRRb8loF,UF: University of Florida,Q3_UF,1,1,0.9943256974220276
R_3DjssqxHrlc9va2,UF: University of Florida,Q3_UF,1,1,0.963668704032898
R_6EbAVWqL3pqCIBT,UF: University of Florida,Q3_UF,1,1,0.9973347783088684
R_1FPx1OjtRRqNupz,UF: University of Florida,Q3_UF,1,1,0.9037668704986572
R_1P5SP3qsdZ2HRP0,UF: University of Florida,Q3_UF,1,1,0.997270405292511
R_5gK7xhiFiQDc6kh,UF: University of Florida,Q3_UF,1,2,0.9906072616577148
R_708WX9eJAXho1M7,UF: University of Florida,Q3_UF,0,0,0.9954326152801514
R_6PAmsAB2DIovf26,,Q3_UF,1,1,0.9970748424530029
R_3kRcNmN3w7xthd1,UF: University of Florida,Q3_UF,1,1,0.9971365928649902
R_5MLNMWlrdIf7FW7,UF: University of Florida,Q3_UF,0,1,0.9857111573219299
R_5pD4dbFCNbp9XTH,UF: University of Florida,Q3_UF,1,1,0.9967586398124695
R_52PYXUm2b2fRsbM,UF: University of Florida,Q3_UF,1,1,0.9970477223396301
R_1q7GF4zeSCW6Lgt,UF: University of Florida,Q3_UF,1,0,0.8143156170845032
R_3GjgeOrkp430l6g,UF: University of Florida,Q3_UF,1,1,0.9958179593086243
R_7mRkMVTi5G3y8SZ,UF: University of Florida,Q3_UF,0,0,0.9982047080993652
R_3pu04idHWaoye1P,UF: University of Florida,Q3_UF,1,1,0.9974599480628967
R_5MYB7xbQeHOO9rP,UF: University of Florida,Q3_UF,1,1,0.9971681237220764
R_5dEtdaqgptWpRqU,UF: University of Florida,Q3_UF,1,1,0.997273862361908
R_5r7J416BO7270iX,UF: University of Florida,Q3_UF,1,1,0.9972352385520935
R_32nUsTCDIoepgYu,UF: University of Florida,Q3_UF,0,0,0.9982678890228271
R_1OU9X6ExOijr4X3,UF: University of Florida,Q3_UF,1,1,0.99729984998703
R_3TgX0eQJ92QnKjT,UF: University of Florida,Q3_UF,1,1,0.9959631562232971
R_7Dvfn8EScYZbh5A,UF: University of Florida,Q3_UF,1,1,0.997036337852478
R_3AHrftA3jFePBYd,UF: University of Florida,Q3_UF,2,2,0.9885807633399963
R_11aJ3cfI0bDKxom,UF: University of Florida,Q3_UF,1,1,0.9961336851119995
R_5fdAQJTHurpx44s,UF: University of Florida,Q3_UF,1,1,0.9967764019966125
R_7FUScCCZMiaK40h,UF: University of Florida,Q3_UF,2,2,0.9922006726264954
R_1D6PR4bgRK1fIKT,UF: University of Florida,Q3_UF,0,0,0.9974193572998047
R_71ib9FDCtiMdLHi,UF: University of Florida,Q3_UF,1,1,0.9973105192184448
R_75GAPg8OLOb019L,UF: University of Florida,Q3_UF,1,0,0.9966602325439453
R_5BFh78XlBiyCl3j,UF: University of Florida,Q3_UF,1,1,0.9965369701385498
R_1MSRO5fSQNYzRhk,UF: University of Florida,Q3_UF,1,1,0.9950869679450989
R_52McQwPqUJMCJ8l,UF: University of Florida,Q3_UF,1,1,0.9973419308662415
R_51VmIJwuL5hq5JT,UF: University of Florida,Q3_UF,2,2,0.972453773021698
R_33fJS5tTlZLDChO,UF: University of Florida,Q3_UF,1,2,0.6521335244178772
R_5fPJ0K0qs0M5Ndv,UF: University of Florida,Q3_UF,2,2,0.9932957291603088
R_7rpwISz2NGts20i,UF: University of Florida,Q3_UF,1,1,0.9962266683578491
R_5HOV47Y6SiAFvZn,UF: University of Florida,Q3_UF,1,0,0.9978029131889343
R_3vArAD8WcItpXpf,UF: University of Florida,Q3_UF,1,2,0.9547002911567688
R_710I5UYMVp9RYwx,UF: University of Florida,Q3_UF,1,1,0.9972586631774902
R_6QF3nHP5N5mf6Nt,UF: University of Florida,Q3_UF,0,0,0.988885760307312
R_3R3ZPjqLAzxJ07n,UF: University of Florida,Q3_UF,1,1,0.9884414672851562
R_7ARNGecEe0nQqId,UF: University of Florida,Q3_UF,2,2,0.8080907464027405
R_5k0lgVz79EdpbwJ,UF: University of Florida,Q3_UF,1,1,0.9800339937210083
R_5ogPKgku3CfrXtW,UF: University of Florida,Q3_UF,1,1,0.9887506365776062
R_6fPmEWEamRphBPA,UF: University of Florida,Q3_UF,2,2,0.9816753268241882
R_5bQapqbluhObCWO,UF: University of Florida,Q3_UF,1,0,0.9157959818840027
R_52PIzgED58tfzVv,UF: University of Florida,Q3_UF,1,2,0.9833071231842041
R_7WDbZ32ZNybh7Vl,UF: University of Florida,Q3_UF,0,0,0.9975090026855469
R_3CDfsfW027lM41H,UF: University of Florida,Q3_UF,1,1,0.9971480965614319
R_5TC7lQssV2wprpm,UF: University of Florida,Q3_UF,1,2,0.9930786490440369
R_1VJAPHKtCT9jVFo,UF: University of Florida,Q3_UF,1,1,0.9937419295310974
R_191FRVR2Pbc3ilH,UF: University of Florida,Q3_UF,1,1,0.9973068237304688
R_3jHSEpkLfp7KXPH,UF: University of Florida,Q3_UF,0,0,0.9970459342002869
R_3jZdJrrOie2R5BH,UF: University of Florida,Q3_UF,2,2,0.9869468212127686
R_1o6AUF1nDMrlJOI,UF: University of Florida,Q3_UF,0,0,0.9927635788917542
R_6cvdCsMKmSrSbfh,UF: University of Florida,Q3_UF,1,1,0.9906716346740723
R_1mmHwSeaSiUgqyT,UF: University of Florida,Q3_UF,1,1,0.9970433115959167
R_6f3RBWd7pESfeaW,UF: University of Florida,Q3_UF,2,2,0.9920434355735779
R_5EcDAWuQNdphsKB,UF: University of Florida,Q3_UF,0,1,0.996637225151062
R_2axUzEdQEVNcYxZ,UF: University of Florida,Q1_UF,1,1,0.9342362284660339
R_bE1WQrorAN4TxS1,UF: University of Florida,Q1_UF,0,0,0.8224236965179443
R_1pZ38OBWPH40rXQ,UF: University of Florida,Q1_UF,0,1,0.7635858654975891
R_3Ic6jHu5XT17XAp,UF: University of Florida,Q1_UF,1,0,0.4879302382469177
R_W03kc79KofbGISZ,UF: University of Florida,Q1_UF,0,0,0.9685488343238831
R_3hc1f2f6aNrqRWU,UF: University of Florida,Q1_UF,0,2,0.5095288157463074
R_1jxCcm2EVh20ivB,UF: University of Florida,Q1_UF,0,0,0.9934836030006409
R_3fk208ryYqLI8wo,UF: University of Florida,Q1_UF,0,1,0.8099713921546936
R_1gNs1RzNEsd4EQK,UF: University of Florida,Q1_UF,0,1,0.9945263266563416
R_3qs5goZIsBmUqLr,UF: University of Florida,Q1_UF,0,0,0.9940475225448608
R_28HXJe5hPJiKYvq,Other university:,Q1_UF,0,1,0.9645172357559204
R_6zENg8ZqDL2R6NP,UF: University of Florida,Q1_UF,0,0,0.70823734998703
R_PN9EHIhg162qBWh,UF: University of Florida,Q1_UF,0,0,0.9961978793144226
R_12FpowXCnZZub3M,UF: University of Florida,Q1_UF,0,0,0.996661901473999
R_3k0zZXwyth2iLbp,UF: University of Florida,Q1_UF,0,2,0.990648090839386
R_1ocEL0hVlJbPrSJ,UF: University of Florida,Q1_UF,1,0,0.9948550462722778
R_TvVmGpA5A8sJMg9,UF: University of Florida,Q1_UF,0,0,0.9967969059944153
R_1jvREj3Vh4JZYr9,UF: University of Florida,Q1_UF,0,0,0.9954047203063965
R_2e4LDZ9gJ8akzMm,UF: University of Florida,Q1_UF,1,1,0.9917347431182861
R_3iED9dXG3vMkQtO,UF: University of Florida,Q1_UF,1,1,0.8613439202308655
R_SWa6KpztPFgaH4d,UF: University of Florida,Q1_UF,1,1,0.9248916506767273
R_3j2mBrl56eg5472,UF: University of Florida,Q1_UF,1,2,0.9893680214881897
R_22FjvlOAWJ40wYV,UF: University of Florida,Q1_UF,1,2,0.9916986227035522
R_3HCy8H6Id2E8xp2,UF: University of Florida,Q1_UF,0,0,0.9342133402824402
R_3O00uQ2kSsIHE8L,UF: University of Florida,Q1_UF,1,2,0.9635480642318726
R_wZwmLYtTBPyDFDz,UF: University of Florida,Q1_UF,0,1,0.7731956243515015
R_Rrd8uNImBOCZ2gx,UF: University of Florida,Q1_UF,1,2,0.6239928007125854
R_1pSvjYMNwt2KLPu,UF: University of Florida,Q1_UF,0,0,0.9890912175178528
R_3PdA4XvblNA4ifX,UF: University of Florida,Q1_UF,0,1,0.9942595958709717
R_TiTu4HTYUXQBmH7,UF: University of Florida,Q1_UF,0,1,0.9894948601722717
R_0psEIPRnolBvo7T,UF: University of Florida,Q1_UF,0,1,0.7570123672485352
R_ehti7b1UuCdZ3IB,UF: University of Florida,Q1_UF,0,1,0.9907426238059998
R_3Q02Uz64JoEDQun,UF: University of Florida,Q1_UF,0,0,0.9961112141609192
R_2DOBQpj8vv1IIrY,UF: University of Florida,Q1_UF,1,1,0.967898428440094
R_YbEWRRVxWhJxiU1,UF: University of Florida,Q1_UF,1,1,0.4925280809402466
R_3dX7z9Eran1niln,UF: University of Florida,Q1_UF,1,2,0.7311943769454956
R_3LZ4zns72Ugwq21,UF: University of Florida,Q1_UF,0,0,0.7626402378082275
R_12x1SNm2PF9Iwsv,UF: University of Florida,Q1_UF,2,2,0.9862940907478333
R_sZiLdceASgYZTSV,UF: University of Florida,Q1_UF,0,0,0.9935423135757446
R_1GyvTlBg10lV6Ea,UF: University of Florida,Q1_UF,0,0,0.9971557855606079
R_29nx98mTCTGojHL,UF: University of Florida,Q1_UF,0,0,0.9947364926338196
R_2zN5kzF16UQxfCI,UF: University of Florida,Q1_UF,1,1,0.40050891041755676
R_2t0hRCsV4zuyKlD,UF: University of Florida,Q1_UF,0,1,0.4796823263168335
R_3qyrhhsNpxpFfK0,UF: University of Florida,Q1_UF,0,0,0.9904824495315552
R_R33PZNIBO2GIBc5,UF: University of Florida,Q1_UF,0,0,0.9854405522346497
R_1pnAarAtdp1Ovgu,UF: University of Florida,Q1_UF,0,0,0.8544178009033203
R_2U9nJMzCj7JYVAd,UF: University of Florida,Q1_UF,0,0,0.9644084572792053
R_3Rt0WHXog4dsuG2,UF: University of Florida,Q1_UF,0,0,0.9913538098335266
R_3qecDzy6VNi5Ciz,UF: University of Florida,Q1_UF,0,0,0.996619462966919
R_2xXaLkxlxxHrdFG,UF: University of Florida,Q1_UF,1,2,0.6281347870826721
R_3plOQLIA3Cm8nN7,UF: University of Florida,Q1_UF,0,0,0.9964210987091064
R_3OlAYb7NfPIlAV2,UF: University of Florida,Q1_UF,0,0,0.9889651536941528
R_2YsQIm4vodmsNXs,UF: University of Florida,Q1_UF,0,0,0.9970646500587463
R_1psb9hIz9JIwoo6,UF: University of Florida,Q1_UF,0,0,0.9948006868362427
R_325DVUJh0vmAQ9M,UF: University of Florida,Q1_UF,0,1,0.5528103709220886
R_2f26Tq5LnG4uRiH,UF: University of Florida,Q1_UF,0,0,0.9963358640670776
R_2y2gZ7o9zunL5ER,UF: University of Florida,Q1_UF,0,0,0.9952734112739563
R_2tyPkJrbCBwnUO7,UF: University of Florida,Q1_UF,0,0,0.9968066215515137
R_3fUfWXj9WBanb8u,UF: University of Florida,Q1_UF,1,1,0.5033837556838989
R_6GzuH2AJ0ooUBnr,UF: University of Florida,Q1_UF,1,1,0.9110832810401917
R_3EyjIJenUgM5Xzm,UF: University of Florida,Q1_UF,1,2,0.9923803806304932
R_1CHdyx3mIjjrJCl,UF: University of Florida,Q1_UF,0,0,0.6148267984390259
R_2B9gEeL4AaswYbt,UF: University of Florida,Q1_UF,0,0,0.9962823987007141
R_Um5yxfYzjGApcbL,UF: University of Florida,Q1_UF,0,0,0.9969449639320374
R_OkTPKLbdZfXogyR,UF: University of Florida,Q1_UF,0,0,0.9963201284408569
R_5A6MkjpmdbnTNBL,UF: University of Florida,Q1_UF,0,0,0.9664396047592163
R_1QzPHWGWPrQiigw,UF: University of Florida,Q1_UF,0,0,0.9965206384658813
R_1FLdHh1S6LK9Uyd,UF: University of Florida,Q1_UF,1,2,0.9915174841880798
R_1dg0ND2VRVymdAq,UF: University of Florida,Q1_UF,0,1,0.9555956125259399
R_2uqiyL7a6xYe1Cu,UF: University of Florida,Q1_UF,0,0,0.877354085445404
R_3qII9X98ejQxdfy,UF: University of Florida,Q1_UF,0,0,0.9936779141426086
R_D5yGKOLKAMINYdP,UF: University of Florida,Q1_UF,1,1,0.6194961071014404
R_2e25SP747IjcqXi,UF: University of Florida,Q1_UF,1,1,0.7397459149360657
R_2P1JAGBYotSvjUE,UF: University of Florida,Q1_UF,2,2,0.9753775596618652
R_3NTVqWGauMN166Y,UF: University of Florida,Q1_UF,0,0,0.990872859954834
R_28IDI1K78Lee3mG,UF: University of Florida,Q1_UF,1,1,0.7173068523406982
R_2YrGaINRHS7lFXP,UF: University of Florida,Q1_UF,1,0,0.9966148734092712
R_3nk1SGbaw76vr0P,UF: University of Florida,Q1_UF,0,1,0.5899457931518555
R_6F2Q2DN0SrQwYAa,ISU: Iowa State University,Q5_ISU,2,1,0.9865255355834961
R_5dahScFCd55lccN,ISU: Iowa State University,Q5_ISU,1,1,0.9895138740539551
R_1q3rxomtvT2yDFo,ISU: Iowa State University,Q5_ISU,1,1,0.9881706237792969
R_73ea097tfA1a2ly,ISU: Iowa State University,Q5_ISU,1,1,0.9897961020469666
R_8rkV1v92RzWNg9H,ISU: Iowa State University,Q5_ISU,1,1,0.9843169450759888
R_6eFDJZrymjAjM6e,ISU: Iowa State University,Q5_ISU,1,1,0.9884822368621826
R_7L6EuWQVV3Vc7kd,ISU: Iowa State University,Q5_ISU,2,2,0.9799013137817383
R_7RO2MvqrAOYIpRf,ISU: Iowa State University,Q5_ISU,1,1,0.982319176197052
R_5WuxtqA9AwINx9D,ISU: Iowa State University,Q5_ISU,1,1,0.9740639925003052
R_6fSI7yvLBIlUZUp,ISU: Iowa State University,Q5_ISU,1,1,0.9903919696807861
R_7qJBH6wiKmenHu1,ISU: Iowa State University,Q5_ISU,1,1,0.9917564392089844
R_6PTPqLerhtOBPQl,ISU: Iowa State University,Q5_ISU,1,2,0.6754794120788574
R_7uVT5JwFutYuUNk,ISU: Iowa State University,Q5_ISU,1,1,0.9859390258789062
R_7tlo45IlHK4JQcb,ISU: Iowa State University,Q5_ISU,1,1,0.9918583035469055
R_7rPaUO4yAqQJfyQ,ISU: Iowa State University,Q5_ISU,2,2,0.9836708307266235
R_62L6BcsIde16pvD,ISU: Iowa State University,Q5_ISU,1,1,0.9912376403808594
R_71YfguVmAeLdWB5,ISU: Iowa State University,Q4_ISU,1,0,0.9949702620506287
R_5FsQmj2YxEz599u,ISU: Iowa State University,Q4_ISU,0,0,0.9966752529144287
R_3thxRrflwUltlDH,ISU: Iowa State University,Q4_ISU,0,0,0.9969016313552856
R_579kqVKX1AGGGE1,ISU: Iowa State University,Q4_ISU,0,0,0.9969651103019714
R_3CarpUGbizlsMQF,ISU: Iowa State University,Q4_ISU,1,1,0.4783163070678711
R_14U2fa9sH0ngQcF,ISU: Iowa State University,Q4_ISU,2,2,0.9938585162162781
R_5agixZHgZYhiufb,ISU: Iowa State University,Q4_ISU,0,0,0.9968752861022949
R_7NwbIsPUfIjDTgD,ISU: Iowa State University,Q4_ISU,2,2,0.9946539402008057
R_7pwK0D86lU4DGrn,ISU: Iowa State University,Q4_ISU,2,2,0.9904503226280212
R_3NsKTAJNqctlqHn,ISU: Iowa State University,Q4_ISU,0,0,0.9969269633293152
R_7HMZpqnfGMQ1OmZ,ISU: Iowa State University,Q4_ISU,0,0,0.9928298592567444
R_6daUI4YrWTcCPZr,ISU: Iowa State University,Q4_ISU,1,1,0.6650873422622681
R_7fy5aZeiU9zX0Rt,ISU: Iowa State University,Q4_ISU,0,0,0.9965772032737732
R_1T5C9v4J2UaB78d,ISU: Iowa State University,Q4_ISU,2,2,0.9846867918968201
R_7NwCfch8nYmYYD1,ISU: Iowa State University,Q4_ISU,0,1,0.6715049743652344
R_6gu3IOn7bwNzHdx,ISU: Iowa State University,Q4_ISU,2,2,0.9936845898628235
R_71Y1m8Z4USRAlIB,ISU: Iowa State University,Q4_ISU,0,0,0.9965925812721252
R_5lTzA6c7y7zULOF,ISU: Iowa State University,Q4_ISU,0,0,0.9951220154762268
R_3mqreFCGNT4C1pf,ISU: Iowa State University,Q4_ISU,2,2,0.9945304989814758
R_5MGNPkbMSfvEQ4I,ISU: Iowa State University,Q4_ISU,1,2,0.9922481775283813
R_3Ia9YLh4riFHBKx,ISU: Iowa State University,Q4_ISU,1,2,0.9744365811347961
R_1rrcNDBhigOJMYL,MSU: Michigan State University,Q1_MSU,1,1,0.9879264831542969
R_3YPxnom0pYPhhN7,MSU: Michigan State University,Q1_MSU,0,0,0.9921796321868896
R_3zVbCvOBru17Kyt,MSU: Michigan State University,Q1_MSU,1,1,0.9601073861122131
R_7EKM1d6TyzPzV2M,MSU: Michigan State University,Q1_MSU,1,1,0.9882119297981262
R_1mPDQRQivLmB0Ln,MSU: Michigan State University,Q1_MSU,0,0,0.9909349083900452
R_1x20Qvk81v0CVXP,MSU: Michigan State University,Q1_MSU,0,0,0.9904468059539795
R_1kaYBm2DnjdW0kc,MSU: Michigan State University,Q1_MSU,1,1,0.9606091976165771
R_13VOsG7XqVs1Sq0,MSU: Michigan State University,Q1_MSU,1,1,0.9649487137794495
R_59uL8jXt6GsON3A,MSU: Michigan State University,Q1_MSU,2,1,0.9725315570831299
R_38G6ll6T62X9wRj,MSU: Michigan State University,Q1_MSU,0,0,0.9578375220298767
R_3dgBkeBlhbcDtoR,MSU: Michigan State University,Q1_MSU,1,0,0.5466711521148682
R_6MGXqv8IaItaKIl,MSU: Michigan State University,Q1_MSU,2,1,0.6859606504440308
R_11z01Xs29MD2l2x,MSU: Michigan State University,Q1_MSU,1,1,0.9142019152641296
R_7trjWHeGVGFpkZ7,Other university:,Q1_MSU,0,0,0.9877927899360657
R_1iese2Z0ZEHVCgj,MSU: Michigan State University,Q1_MSU,1,1,0.9744463562965393
R_7J4vaNaKpQuCYwE,MSU: Michigan State University,Q1_MSU,1,2,0.9669404625892639
R_6PFtaI3ePCjL6jo,MSU: Michigan State University,Q1_MSU,2,2,0.9940378665924072
R_3Va2gufsSPmEK1H,MSU: Michigan State University,Q1_MSU,0,0,0.9432473182678223
R_69zscSJurwTPdrX,MSU: Michigan State University,Q1_MSU,0,0,0.9713094234466553
R_1ac7Y73kCavEeL7,MSU: Michigan State University,Q1_MSU,1,1,0.9553025364875793
R_5CHZZWLGALTDjJ0,MSU: Michigan State University,Q1_MSU,0,0,0.9882701635360718
R_6cMqBsGyITeFSsV,MSU: Michigan State University,Q1_MSU,1,1,0.9890913367271423
R_7Jn0lIOYwdXgVYH,MSU: Michigan State University,Q1_MSU,1,1,0.9483641386032104
R_60fRjcBkqTvXQBj,MSU: Michigan State University,Q1_MSU,1,1,0.9488333463668823
R_6UwYwSiXzUahELT,MSU: Michigan State University,Q1_MSU,1,0,0.9790452122688293
R_3QhMKVeUIiUk9Xx,MSU: Michigan State University,Q1_MSU,1,1,0.9233251214027405
R_6hciMyXhxHOq7PX,MSU: Michigan State University,Q1_MSU,1,1,0.979911744594574
R_7VdxtJcHI68zIhN,MSU: Michigan State University,Q1_MSU,0,1,0.984257698059082
R_7JNok79i02eovWF,MSU: Michigan State University,Q1_MSU,0,1,0.9413730502128601
R_6Konj5zP7AmMx97,MSU: Michigan State University,Q1_MSU,1,1,0.9859842658042908
R_7gMVqWKuvvRreMV,MSU: Michigan State University,Q1_MSU,0,0,0.8216035962104797
R_6bNQW251Rt1uQFW,MSU: Michigan State University,Q1_MSU,1,1,0.9064276218414307
R_3kiyb4pjnrNV3yP,MSU: Michigan State University,Q1_MSU,1,1,0.9345521926879883
R_36LzFJJjugZFCqB,MSU: Michigan State University,Q1_MSU,0,1,0.5735730528831482
R_6WwIJOaXHQrd9CN,MSU: Michigan State University,Q1_MSU,0,1,0.6601160764694214
R_36kIxZHBXmSVsj5,MSU: Michigan State University,Q1_MSU,1,1,0.8996507525444031
R_51nTvWE8CtGAjMt,MSU: Michigan State University,Q1_MSU,2,2,0.9955482482910156
R_6fqTg7qLbPFJCo1,MSU: Michigan State University,Q1_MSU,0,0,0.9904943704605103
R_7EnKopAC3kerUGZ,MSU: Michigan State University,Q1_MSU,0,0,0.9900903701782227
R_3EgNp6QidZ6Acw4,MSU: Michigan State University,Q1_MSU,1,0,0.8247572183609009
R_34WyoEycwlHfI1b,MSU: Michigan State University,Q1_MSU,2,2,0.9936457872390747
R_5JIbpIlsyqPEFeV,MSU: Michigan State University,Q1_MSU,0,0,0.9866586327552795
R_3iD1pXuwcmDeAjD,MSU: Michigan State University,Q1_MSU,2,2,0.9951478838920593
R_5Ed9L8dmxr1pHvA,MSU: Michigan State University,Q1_MSU,2,2,0.9595928192138672
R_75u59XTkmhThAlE,MSU: Michigan State University,Q1_MSU,2,2,0.9942394495010376
R_7PLBvsheONZHviA,MSU: Michigan State University,Q1_MSU,0,0,0.6312989592552185
R_7fNwYuqKpftkqkS,MSU: Michigan State University,Q1_MSU,1,1,0.9727546572685242
R_3ouMzXlE2gZwQjq,MSU: Michigan State University,Q1_MSU,0,1,0.9865152835845947
R_6EbzxTbYF10swpf,MSU: Michigan State University,Q1_MSU,0,0,0.9872087836265564
R_3FLM1K1qvXJAQrD,MSU: Michigan State University,Q1_MSU,1,1,0.985919713973999
R_6y9L42XTqI8eEGR,MSU: Michigan State University,Q1_MSU,0,0,0.966239333152771
R_5pRWS0OdFxLiL4o,MSU: Michigan State University,Q1_MSU,1,2,0.9787436127662659
R_11zW0WQjk6A6cdi,MSU: Michigan State University,Q1_MSU,0,0,0.9809123277664185
R_1uVb1eZOU8fPDJr,MSU: Michigan State University,Q1_MSU,1,1,0.8754759430885315
R_3FFjg6DFlhGHNiv,MSU: Michigan State University,Q1_MSU,1,1,0.9623216390609741
R_3BJHGXDHJ72OEal,MSU: Michigan State University,Q1_MSU,2,2,0.9951658248901367
R_7YP3yKEvDE3m1t2,MSU: Michigan State University,Q1_MSU,1,1,0.9843594431877136
R_5hYnnVXO65On5uZ,MSU: Michigan State University,Q1_MSU,0,1,0.5452026724815369
R_62x1G5AEuxhOa1a,MSU: Michigan State University,Q1_MSU,1,1,0.9686545133590698
R_3BxvaMpIApMj0Dq,MSU: Michigan State University,Q1_MSU,1,2,0.9823938608169556
R_5gwrShzSNJxnjes,MSU: Michigan State University,Q1_MSU,2,2,0.9946634769439697
R_51ZwoosOdWtlI0d,MSU: Michigan State University,Q1_MSU,0,0,0.6920730471611023
R_5wFCc6Mdb9FLS5H,MSU: Michigan State University,Q1_MSU,0,0,0.9919896721839905
R_3hz2MHsu9DNdBhq,MSU: Michigan State University,Q1_MSU,1,1,0.9538666009902954
R_6x3q6mPvo7T4Wbf,MSU: Michigan State University,Q1_MSU,1,1,0.9915511608123779
R_6fcA4P67V3OUPgB,MSU: Michigan State University,Q1_MSU,1,1,0.9844932556152344
R_5Qm8ar9HkrwtTtd,MSU: Michigan State University,Q1_MSU,1,1,0.9508954882621765
R_7PYipIIW1ol5PaI,MSU: Michigan State University,Q1_MSU,0,1,0.7248773574829102
R_1Q73HFL8qM31sit,MSU: Michigan State University,Q1_MSU,1,1,0.9856833815574646
R_5iVWAbNh8L2KGvn,MSU: Michigan State University,Q1_MSU,2,2,0.9953094124794006
R_1cTsI5uiUtLBIIh,MSU: Michigan State University,Q1_MSU,1,1,0.9836801886558533
R_6PZ6ELr5SFUmScy,MSU: Michigan State University,Q1_MSU,1,0,0.9841543436050415
R_6IPUNkx07J7OSQx,MSU: Michigan State University,Q1_MSU,2,2,0.9925478100776672
R_3FfxeLqezypACSn,MSU: Michigan State University,Q1_MSU,0,0,0.9926275610923767
R_56Zu6qKWcPuHv3P,MSU: Michigan State University,Q1_MSU,0,1,0.9870412349700928
R_3mqFfcRcx3ovOql,MSU: Michigan State University,Q1_MSU,1,1,0.9593746662139893
R_7ohIgJOjFCHuVcf,MSU: Michigan State University,Q1_MSU,0,0,0.7746588587760925
R_6Hc6rwOCNxNUoj7,MSU: Michigan State University,Q1_MSU,0,0,0.9528511166572571
R_6b2ZbpSxAfMxFg3,MSU: Michigan State University,Q1_MSU,1,0,0.9804581999778748
R_3ZSLXxjF3rCamSR,MSU: Michigan State University,Q1_MSU,0,0,0.9688912630081177
R_6GB6MVoPxsx0oYx,MSU: Michigan State University,Q1_MSU,2,2,0.9954333901405334
R_7k3YQfn6NOvrXTX,MSU: Michigan State University,Q1_MSU,1,1,0.9813453555107117
R_7JqSkBna4vbWjAz,MSU: Michigan State University,Q1_MSU,0,0,0.6818633675575256
R_6GWj3ErZsy6pKA8,MSU: Michigan State University,Q1_MSU,2,2,0.9943830966949463
R_6Ioa580RfwN2xQu,MSU: Michigan State University,Q1_MSU,1,1,0.9620429873466492
R_5DNdcTTWedVsgmk,MSU: Michigan State University,Q1_MSU,1,1,0.9292446374893188
R_3PuH6v1YMozuGdh,MSU: Michigan State University,Q1_MSU,0,0,0.9877519607543945
R_1XcJ1tj1P7rbixN,MSU: Michigan State University,Q1_MSU,1,1,0.8950376510620117
R_5rZY8sEqUkNfzYJ,MSU: Michigan State University,Q1_MSU,2,2,0.9943650960922241
R_72twU7BEwZj3CKc,MSU: Michigan State University,Q1_MSU,2,2,0.9949585795402527
R_71MAssMkXMlu2c6,MSU: Michigan State University,Q1_MSU,1,1,0.9575274586677551
R_1Lj7kApA0HZBbk4,MSU: Michigan State University,Q1_MSU,0,1,0.9651530981063843
R_7n3eS8R3JNufIM9,MSU: Michigan State University,Q1_MSU,1,1,0.954622209072113
R_74CU3Z5JZJGvmti,MSU: Michigan State University,Q1_MSU,0,0,0.6909946203231812
R_7CqCCDpVaP4efiM,MSU: Michigan State University,Q1_MSU,2,1,0.9452986121177673
R_5TVqx5Bi4qr5453,MSU: Michigan State University,Q1_MSU,0,0,0.982399582862854
R_11KK5c1n91mQ1OY,MSU: Michigan State University,Q1_MSU,1,1,0.9877666234970093
R_7fMJWn88hUi5j5q,MSU: Michigan State University,Q1_MSU,1,1,0.786793053150177
R_5NTkpJxt1rRPp8B,MSU: Michigan State University,Q1_MSU,0,0,0.9904502034187317
R_16OmtmxGCTNgoNz,MSU: Michigan State University,Q1_MSU,1,1,0.9702851176261902
R_5LwiP1Z1By0lC5d,MSU: Michigan State University,Q1_MSU,1,1,0.9759995937347412
R_77dOfUsgqw4caYf,MSU: Michigan State University,Q1_MSU,1,1,0.9856173396110535
R_7jexuvuGRktOJFO,MSU: Michigan State University,Q1_MSU,0,0,0.9786842465400696
R_2O8sZ1t4U6eUfZM,MSU: Michigan State University,Q1_MSU,1,1,0.9883560538291931
R_3GPDu7LWJjcN7Tb,MSU: Michigan State University,Q1_MSU,1,2,0.9934999346733093
R_6yWbOlmdVi9ve5b,MSU: Michigan State University,Q1_MSU,1,0,0.6871626377105713
R_5PkzvO3h0wUldoR,MSU: Michigan State University,Q1_MSU,1,1,0.9282733798027039
R_6f10U7BrWKuuqpK,MSU: Michigan State University,Q1_MSU,1,1,0.9788548350334167
R_2JPH3g8V5VlcQ6W,MSU: Michigan State University,Q1_MSU,2,2,0.9952632188796997
R_1nT9DDVNmfFKBQB,MSU: Michigan State University,Q1_MSU,1,0,0.9586942195892334
R_3jjtWvNbMzZMfli,MSU: Michigan State University,Q1_MSU,1,1,0.978567898273468
R_1lWkduRnUVxFUcT,MSU: Michigan State University,Q1_MSU,0,0,0.864865779876709
R_1NPNmt3pGPAnYQZ,MSU: Michigan State University,Q1_MSU,0,0,0.9904935956001282
R_7Gv13ummxx7zPQp,MSU: Michigan State University,Q1_MSU,2,2,0.9930023550987244
R_1WlM2sb66m6k0tb,MSU: Michigan State University,Q1_MSU,1,1,0.9849676489830017
R_6HqGWGq61jTjHd7,MSU: Michigan State University,Q1_MSU,1,1,0.9803661704063416
R_1llz9UsQ2G7EDIV,MSU: Michigan State University,Q1_MSU,2,1,0.969916045665741
R_5mXCflFxiH6u6Il,MSU: Michigan State University,Q1_MSU,1,1,0.9913923740386963
R_3402BnXsFFRY5Rn,Other university:,Q1_MSU,1,1,0.9584196209907532
R_3Q4bkAnLvTLe4j7,MSU: Michigan State University,Q1_MSU,0,1,0.9890505075454712
R_5l3YEbaX8okSrkZ,MSU: Michigan State University,Q1_MSU,1,1,0.7243127226829529
R_7jq9t33ETKSL0pw,,Q1_MSU,0,0,0.9861770272254944
R_1eayBidtUgHQ51Z,,Q1_MSU,1,1,0.9807033538818359
R_539PIMg9I0M4X4B,,Q1_MSU,1,1,0.9616541266441345
R_7m1WQoGQ0JM3UsC,,Q1_MSU,1,1,0.9692814946174622
R_5Cg4aHvsuoC1AyM,MSU: Michigan State University,Q1_MSU,2,2,0.9931279420852661
R_1g5vFGo4S8whfJ5,MSU: Michigan State University,Q1_MSU,0,1,0.8925092816352844
R_32M6D3RZffqwXQL,,Q1_MSU,1,0,0.698172390460968
R_5dHoJVCxHS6cQJa,MSU: Michigan State University,Q1_MSU,0,0,0.990236222743988
R_6e9RCcoEqadUo8Z,,Q1_MSU,1,1,0.9900156855583191
R_7KFRVFP4xZ5upBT,,Q1_MSU,0,0,0.9832853674888611
R_3zBikvBLvMZzDcl,MSU: Michigan State University,Q1_MSU,1,1,0.9911183714866638
R_7Li0OhRdbnmVldw,MSU: Michigan State University,Q1_MSU,1,1,0.9756945371627808
R_3ni7vrPjH1N54At,,Q1_MSU,1,1,0.9844627380371094
R_69rYiXd9yPXJY5W,MSU: Michigan State University,Q1_MSU,0,0,0.9901911020278931
R_67IIDiDUQcGwTlK,MSU: Michigan State University,Q1_MSU,1,1,0.9676632881164551
R_7OMUCs2SBuEjXOx,,Q1_MSU,2,2,0.9929025769233704
R_6tZSDtSYQcPHJTP,MSU: Michigan State University,Q1_MSU,0,0,0.922072172164917
R_7gdx8nIpnCw2LZJ,,Q1_MSU,2,2,0.994109034538269
R_6JDGMFSAbmkd8bm,MSU: Michigan State University,Q2_MSU,2,2,0.9974387884140015
R_3fUfPMhZ25y4EmO,MSU: Michigan State University,Q2_MSU,2,2,0.9983593821525574
R_31EZ04DJnQoOZtL,MSU: Michigan State University,Q2_MSU,2,1,0.9661223888397217
R_5ix7Dgdw8mZrPQI,MSU: Michigan State University,Q2_MSU,2,2,0.9983957409858704
R_32mgwK5dUNZrM0j,MSU: Michigan State University,Q2_MSU,2,1,0.9376270771026611
R_3dngdXgpwmPhiMS,MSU: Michigan State University,Q2_MSU,0,0,0.9936695694923401
R_3jD4tW9Chv7gXhT,MSU: Michigan State University,Q2_MSU,2,2,0.9958665370941162
R_1RfwXG8IoBY4TMl,MSU: Michigan State University,Q2_MSU,1,2,0.9979490637779236
R_5IR6vKxuKJAy4fD,MSU: Michigan State University,Q2_MSU,2,2,0.9983024597167969
R_5I3Osqs5pN4l07V,MSU: Michigan State University,Q2_MSU,2,2,0.9984040856361389
R_5g0aJNsaFAQ2RLC,MSU: Michigan State University,Q2_MSU,2,2,0.9977322816848755
R_5hwGMHHP7D8rSjn,MSU: Michigan State University,Q2_MSU,1,0,0.8254291415214539
R_7JXm2BmklIl3hCx,MSU: Michigan State University,Q2_MSU,2,2,0.996973991394043
R_1L1lvju9xMhWvkG,MSU: Michigan State University,Q2_MSU,2,1,0.9927297234535217
R_5FIMRLiHHUApuSx,MSU: Michigan State University,Q2_MSU,0,0,0.9262326955795288
R_1Q02NTBQfiQPLLv,MSU: Michigan State University,Q2_MSU,0,0,0.9956845045089722
R_6WNDKhLb9PWVlRL,MSU: Michigan State University,Q2_MSU,0,1,0.9403154850006104
R_1dqVuAHFbt8V4Sl,MSU: Michigan State University,Q2_MSU,2,2,0.9981558918952942
R_63WEGB3zOE0d4J3,MSU: Michigan State University,Q2_MSU,2,2,0.9973180890083313
R_3ROqoKb3j8QKGHy,MSU: Michigan State University,Q2_MSU,2,2,0.9977774024009705
R_138DnNPyoaLvhRv,MSU: Michigan State University,Q2_MSU,1,2,0.9977649450302124
R_51WVTjeJgxqdG1o,MSU: Michigan State University,Q2_MSU,2,1,0.9940715432167053
R_3gNJLgPZqP1c2Ir,MSU: Michigan State University,Q2_MSU,2,2,0.9982244372367859
R_7myFmUREgh644df,MSU: Michigan State University,Q2_MSU,2,2,0.9971677660942078
R_1Qyf3YfJtu6Y0xF,MSU: Michigan State University,Q2_MSU,0,0,0.9981149435043335
R_58rNQxb05guKLxD,MSU: Michigan State University,Q2_MSU,1,1,0.9935359954833984
R_7DS1QopTVEWaVhx,MSU: Michigan State University,Q2_MSU,1,2,0.9690421223640442
R_5Ft9zoBys4rbZEa,MSU: Michigan State University,Q2_MSU,2,2,0.9983931183815002
R_62Er0fSuL5OF10T,MSU: Michigan State University,Q2_MSU,1,1,0.9884049892425537
R_6Cz9s5yLi9RzqJH,MSU: Michigan State University,Q2_MSU,2,1,0.9926247000694275
R_61n61LlfhRR3hy1,MSU: Michigan State University,Q2_MSU,1,1,0.9637520909309387
R_8HvIPDAOP6BWB32,MSU: Michigan State University,Q2_MSU,2,2,0.9975550770759583
R_5hSfSSuVue5T9yc,MSU: Michigan State University,Q2_MSU,1,2,0.9948765635490417
R_1eWOpDXuaM6KUlo,MSU: Michigan State University,Q2_MSU,2,2,0.9976429343223572
R_1shuWylWVuEwuT6,MSU: Michigan State University,Q2_MSU,2,2,0.9924031496047974
R_7x1MtrKFx9k2dvb,MSU: Michigan State University,Q2_MSU,2,2,0.9973157048225403
R_7RWFGXn3kHsM8cu,MSU: Michigan State University,Q2_MSU,2,2,0.8844027519226074
R_7GIYsYK6Dq8bm9u,MSU: Michigan State University,Q2_MSU,2,1,0.9928086996078491
R_7QivyI5WNrDehxO,MSU: Michigan State University,Q2_MSU,2,2,0.9983291029930115
R_1krCUcWYo64vKhP,MSU: Michigan State University,Q2_MSU,2,2,0.998525083065033
R_7LOwQ1e5V6SdaLB,MSU: Michigan State University,Q2_MSU,2,2,0.9932843446731567
R_3YycE1c75FadYRO,MSU: Michigan State University,Q2_MSU,0,0,0.991105854511261
R_3YlCz5rS8Ip3hhr,MSU: Michigan State University,Q2_MSU,2,2,0.9949234127998352
R_5qOao6R8yga3vW1,MSU: Michigan State University,Q2_MSU,1,2,0.9503642916679382
R_3Qb99pycyjfwsrx,MSU: Michigan State University,Q2_MSU,2,1,0.9472301602363586
R_1ysyccor5vPwM34,MSU: Michigan State University,Q2_MSU,1,2,0.9984386563301086
R_5x2d0RqcIVzfhjr,MSU: Michigan State University,Q2_MSU,1,2,0.9932938814163208
R_51LtttmKtLzGEp3,MSU: Michigan State University,Q2_MSU,2,1,0.9814361929893494
R_1dmMtIVeYnxQQSt,MSU: Michigan State University,Q2_MSU,2,2,0.998085618019104
R_54vMO6gnjYeJ2do,MSU: Michigan State University,Q2_MSU,1,1,0.9920253753662109
R_1MPYBKBVzfgugnH,MSU: Michigan State University,Q2_MSU,1,2,0.9914271831512451
R_5ROnCR00R1cZJdv,MSU: Michigan State University,Q2_MSU,1,2,0.9958090782165527
R_6cingnDc2T0Lyj2,MSU: Michigan State University,Q2_MSU,2,1,0.9401324391365051
R_18FCrN4fv70FAkh,MSU: Michigan State University,Q2_MSU,1,2,0.498223215341568
R_6aggYSOHgudaggd,MSU: Michigan State University,Q2_MSU,1,2,0.9979152083396912
R_3wh4fXNyHCZOuFP,MSU: Michigan State University,Q2_MSU,2,2,0.998206377029419
R_7lQPRqlon8cyF69,MSU: Michigan State University,Q2_MSU,0,0,0.7012020349502563
R_7bNS8tB9ewadUzS,MSU: Michigan State University,Q2_MSU,2,2,0.9983271956443787
R_7e3rA4NNPFKaOOY,MSU: Michigan State University,Q2_MSU,0,1,0.9789891839027405
R_5G1zSUSNcWMaWsM,MSU: Michigan State University,Q2_MSU,0,0,0.9956551790237427
R_7lzcJatgGkGDzeV,MSU: Michigan State University,Q2_MSU,1,1,0.7414383888244629
R_6Bt9ozEwo7Nxvy1,MSU: Michigan State University,Q2_MSU,2,1,0.9926345944404602
R_71avrQtgFghNzdn,MSU: Michigan State University,Q2_MSU,2,2,0.9922294020652771
R_7oDP6VqxP9Xecgx,MSU: Michigan State University,Q2_MSU,1,2,0.9878617525100708
R_3zezhApjRU8FEwV,MSU: Michigan State University,Q2_MSU,1,2,0.8479794859886169
R_5cjfgUUBwepPJpc,MSU: Michigan State University,Q2_MSU,1,2,0.997514009475708
R_6Yd2oQUSby0pGxP,MSU: Michigan State University,Q2_MSU,1,1,0.8790857195854187
R_1oT2BZomdhJ0ObQ,MSU: Michigan State University,Q2_MSU,2,2,0.9983483552932739
R_5oXSv7KAv1aXL5Y,MSU: Michigan State University,Q2_MSU,1,2,0.994674563407898
R_5UYGakvF4Dz3rVF,MSU: Michigan State University,Q2_MSU,1,2,0.9107669591903687
R_1mDG9MlGKcCNYUV,MSU: Michigan State University,Q2_MSU,1,1,0.5816879272460938
R_7R3gaHDJXBfUNk9,MSU: Michigan State University,Q2_MSU,1,1,0.8801537156105042
R_7VO10yXIpg3hXkZ,MSU: Michigan State University,Q2_MSU,1,1,0.9273934960365295
R_3SkI3eYTsfAdzPP,MSU: Michigan State University,Q2_MSU,0,2,0.9782397150993347
R_5dL1Z2NnSPo7blP,MSU: Michigan State University,Q2_MSU,0,2,0.964449942111969
R_8q31Rtx6VbAgo6t,MSU: Michigan State University,Q2_MSU,0,1,0.7979788184165955
R_37ztKLzI16YcmOZ,MSU: Michigan State University,Q2_MSU,0,0,0.9982078075408936
R_7mqhDEvsTeSVbMy,MSU: Michigan State University,Q2_MSU,2,2,0.9981824159622192
R_6WMtkbefIktybyk,MSU: Michigan State University,Q2_MSU,2,2,0.9981622099876404
R_5kFeI7sV6MJvyZT,MSU: Michigan State University,Q2_MSU,1,2,0.989220917224884
R_1n9iZ055SRxGVSA,MSU: Michigan State University,Q2_MSU,2,1,0.664733350276947
R_10tNqZwtrLY44O7,MSU: Michigan State University,Q2_MSU,2,2,0.9918952584266663
R_5nUzlSZm3P4bR7Y,MSU: Michigan State University,Q2_MSU,1,2,0.9946946501731873
R_5NJ9VZw9U9lyD3k,MSU: Michigan State University,Q2_MSU,2,2,0.9935410022735596
R_7tbUeJbN819T7BH,MSU: Michigan State University,Q2_MSU,2,2,0.998443067073822
R_5Sc7WcidVxdxQV4,UF: University of Florida,Q4_ALL,2,2,0.9911311268806458
R_1VkaAi3FSeefSQj,UF: University of Florida,Q4_ALL,2,2,0.9900884032249451
R_5lW7F1zDaLvP5HB,UF: University of Florida,Q4_ALL,0,0,0.9984229803085327
R_5wAW5zhSI9ZO5Cu,UF: University of Florida,Q4_ALL,1,2,0.9825738072395325
R_1y30PzPBISyrX7i,UF: University of Florida,Q4_ALL,1,2,0.9914889335632324
R_6wMRIVQRArtXWvk,UF: University of Florida,Q4_ALL,2,2,0.9927005171775818
R_7NRfKgo36Arcylz,UF: University of Florida,Q4_ALL,2,2,0.9914297461509705
R_138th3Ce40TRBJY,UF: University of Florida,Q4_ALL,2,2,0.989870011806488
R_7rqSo8tzZeC0fba,UF: University of Florida,Q4_ALL,0,1,0.8749361634254456
R_1dlJ9Wt3BWBXfHd,UF: University of Florida,Q4_ALL,1,2,0.9904402494430542
R_7CI8GSfrcWXm22W,UF: University of Florida,Q4_ALL,2,2,0.9937501549720764
R_2abiHkjgNrZi9Cp,UF: University of Florida,Q4_ALL,1,0,0.9985270500183105
R_7rHwAdLiCjjU1T7,UF: University of Florida,Q4_ALL,0,0,0.9985539317131042
R_6oplSmrv61yszVn,UF: University of Florida,Q4_ALL,0,0,0.9986670017242432
R_6CQxtOdd6WmlnEL,UF: University of Florida,Q4_ALL,0,0,0.998627781867981
R_6Ei4xkIg59sRoKg,UF: University of Florida,Q4_ALL,0,0,0.9986705780029297
R_17eVAviwMLR1HZ3,UF: University of Florida,Q4_ALL,1,2,0.99284827709198
R_5zjGuipnC0x1j0Z,UF: University of Florida,Q4_ALL,2,2,0.9948322772979736
R_3JhidioczXyANCV,UF: University of Florida,Q4_ALL,2,2,0.9916850328445435
R_62sOS2eT2geNDKw,UF: University of Florida,Q4_ALL,1,2,0.9843235611915588
R_1hSYfJR1FpoFjqH,ISU: Iowa State University,Q4_ALL,1,2,0.9068204760551453
R_1fDxFRsubmvoKcS,MSU: Michigan State University,Q4_ALL,0,0,0.9986507296562195
R_1Kw7iggLXn5fFsf,MSU: Michigan State University,Q4_ALL,2,2,0.7610247731208801
R_5w68hXkYSf5fVRe,MSU: Michigan State University,Q4_ALL,0,0,0.9984561204910278
R_5Sq6EZsfxxIcz12,MSU: Michigan State University,Q4_ALL,0,1,0.6150217056274414
R_1VD8PrgpvwtUOD7,MSU: Michigan State University,Q4_ALL,0,0,0.9986268281936646
R_3Gqxlt6wO0VxfVd,MSU: Michigan State University,Q4_ALL,0,0,0.9977274537086487
R_5PoOPMxUfv9yQyC,MSU: Michigan State University,Q4_ALL,0,0,0.9985119700431824
R_1t523P7I35ML2hD,MSU: Michigan State University,Q4_ALL,0,0,0.9986563920974731
R_5EiIRExQ1kyqPrk,MSU: Michigan State University,Q4_ALL,2,2,0.9920972585678101
R_5P5H5lz9SFCKUKx,MSU: Michigan State University,Q4_ALL,0,0,0.9974660873413086
R_3KuVPHtRKp2GdAE,MSU: Michigan State University,Q4_ALL,0,0,0.9986670017242432
R_2syOsFnC6Vipuut,MSU: Michigan State University,Q4_ALL,0,0,0.996440589427948
R_3VxW1LpHLO96vc0,MSU: Michigan State University,Q4_ALL,0,0,0.9984357953071594
R_1mefenPVuBQR2cT,MSU: Michigan State University,Q4_ALL,0,2,0.9943174719810486
R_3cRPtcAtLXHcfrw,MSU: Michigan State University,Q4_ALL,0,0,0.9984604120254517
R_3KuvErbnFg5T6Lr,MSU: Michigan State University,Q4_ALL,0,2,0.9748245477676392
R_3QhKYD6gT48cfTE,MSU: Michigan State University,Q4_ALL,1,2,0.9835505485534668
R_7ZKTFh95nTKyrSk,MSU: Michigan State University,Q4_ALL,2,2,0.9878227710723877
R_7NIAb3AUpVrJ34u,MSU: Michigan State University,Q4_ALL,0,0,0.996722400188446
R_3Pp8XtecBeq9cBN,MSU: Michigan State University,Q4_ALL,0,0,0.9984593391418457
R_78TzGSEEr1T3H8U,ISU: Iowa State University,Q4_ALL,2,2,0.9000818729400635
R_1r9ssNGGMVT7Zii,ISU: Iowa State University,Q4_ALL,0,1,0.8335869312286377
R_3EiooPlrwIQuxy6,ISU: Iowa State University,Q4_ALL,0,0,0.9981160163879395
R_6QCbTfnOZcaJLMZ,ISU: Iowa State University,Q4_ALL,0,2,0.9915253520011902
R_7ub5lj1dqyFvt3b,ISU: Iowa State University,Q4_ALL,0,0,0.9984400868415833
R_7dtQpyFpUYv86GH,ISU: Iowa State University,Q4_ALL,0,0,0.9985194802284241
R_6Nybqf8kCA1W3Tl,ISU: Iowa State University,Q4_ALL,0,0,0.9985547661781311
R_3uxnnx3hfoemMF9,ISU: Iowa State University,Q4_ALL,0,2,0.9910351634025574
R_5PYpUmDYRayNl61,ISU: Iowa State University,Q6_ISU,2,2,0.9936307072639465
R_33Su9vhR0mOTfOh,ISU: Iowa State University,Q6_ISU,2,2,0.9957719445228577
R_3nSLOBTD2Or9sJk,ISU: Iowa State University,Q6_ISU,2,2,0.995516836643219
R_6od82oDyURxou9Y,ISU: Iowa State University,Q6_ISU,2,2,0.9955226182937622
R_1gwILDZtledHSGl,ISU: Iowa State University,Q6_ISU,2,2,0.9956041574478149
R_1b1xs56eswvzUB5,ISU: Iowa State University,Q6_ISU,0,1,0.992708146572113
R_548kf8qQ5UeKNlO,ISU: Iowa State University,Q6_ISU,2,2,0.993770182132721
R_62XWBk40ZgppBiD,ISU: Iowa State University,Q6_ISU,2,2,0.9948116540908813
R_1VCLxBgJkn2SZ8y,ISU: Iowa State University,Q6_ISU,2,2,0.99290931224823
R_7Io8oP4Swd7A6U1,ISU: Iowa State University,Q6_ISU,0,0,0.99297696352005
R_71hAviR0x3IE67u,ISU: Iowa State University,Q6_ISU,2,2,0.9941030144691467
R_66uEJFefjbdQbm1,ISU: Iowa State University,Q6_ISU,1,2,0.9942989349365234
R_6ydPdk5g4vs56G6,UF: University of Florida,Q4_UF,1,1,0.8379287123680115
R_3m2bBCYRRPbJ8w9,UF: University of Florida,Q4_UF,1,1,0.9969700574874878
R_1FJYvwNgOfMbbuN,UF: University of Florida,Q4_UF,2,1,0.9974236488342285
R_1jjDR2YLRBhzK6W,UF: University of Florida,Q4_UF,0,0,0.9984080195426941
R_72AcckWwESOYblL,UF: University of Florida,Q4_UF,2,1,0.9971544742584229
R_1eXkguvyEvJDqru,UF: University of Florida,Q4_UF,1,1,0.9975806474685669
R_5tSfqhWEvzRR5Lj,UF: University of Florida,Q4_UF,1,1,0.9898030757904053
R_6znzuEL3eXkwaNA,UF: University of Florida,Q4_UF,0,0,0.9987069368362427
R_7PDOoDAFPim5wVb,UF: University of Florida,Q4_UF,1,1,0.9969979524612427
R_5NJw0kY4lTZRd6J,UF: University of Florida,Q4_UF,0,0,0.9985395669937134
R_1CTuvwbpHiYWNoa,UF: University of Florida,Q4_UF,0,1,0.7691143751144409
R_5eZ4CXM3OJZwS6l,UF: University of Florida,Q4_UF,0,0,0.841744601726532
R_7luC4e753yVcePv,UF: University of Florida,Q4_UF,1,1,0.9974883794784546
R_6urD4xTgJ4LDby9,UF: University of Florida,Q4_UF,1,1,0.9976587295532227
R_5LglKmHhbUZjyU1,UF: University of Florida,Q4_UF,0,0,0.9986907839775085
R_7wxKyfbNFheHn0d,Other university:,Q4_UF,0,0,0.9984160661697388
R_6nUCVNHwGh6HgyT,UF: University of Florida,Q4_UF,1,1,0.9923824667930603
R_7oT6mOHFkkUlmCX,UF: University of Florida,Q4_UF,1,2,0.9918387532234192
R_6P1WOpvRjYpdHmX,UF: University of Florida,Q4_UF,0,0,0.99858558177948
R_35HiYdTcrkGde2o,UF: University of Florida,Q4_UF,1,1,0.9940139651298523
R_1njdZ4DQHBeRmZr,UF: University of Florida,Q4_UF,0,0,0.9873458743095398
R_7xMTwlTuYHEciat,UF: University of Florida,Q4_UF,1,1,0.9975740313529968
R_6Cpvl1U8CUfGJtU,UF: University of Florida,Q4_UF,0,0,0.9980701804161072
R_3w8uNYwsIjGtujD,UF: University of Florida,Q4_UF,1,1,0.9875307083129883
R_7g0n0bGevWxssaa,UF: University of Florida,Q4_UF,1,1,0.9972028732299805
R_1PMrZ0odqfY5c1d,UF: University of Florida,Q4_UF,1,1,0.9966775178909302
R_7lRD3hZuiNJMvmh,UF: University of Florida,Q4_UF,0,0,0.98861163854599
R_7KxvrVWhTJRQhTR,UF: University of Florida,Q4_UF,0,0,0.9986944794654846
R_7rTtq3yCoBstyMK,UF: University of Florida,Q4_UF,1,1,0.9925788044929504
R_3CJYWhaSKmxiHrw,UF: University of Florida,Q4_UF,1,1,0.9975330829620361
R_1i41ZAvDh5cnNrr,UF: University of Florida,Q4_UF,0,0,0.998049259185791
R_30jFK17JrpjvgbY,UF: University of Florida,Q4_UF,1,1,0.9975872039794922
R_74b73OF38E4lJMB,UF: University of Florida,Q4_UF,1,1,0.9975396394729614
R_7rCCqAaYeoMrhys,UF: University of Florida,Q4_UF,1,1,0.9973529577255249
R_3XjtC1iba9ijDNw,UF: University of Florida,Q4_UF,1,1,0.9967412352561951
R_10DjuuOgBLUUKA1,UF: University of Florida,Q4_UF,1,1,0.9976314306259155
R_6idzJSWcU2cEf0l,UF: University of Florida,Q4_UF,0,0,0.998580813407898
R_6OpFRUoioBwfObQ,UF: University of Florida,Q4_UF,0,0,0.9987175464630127
R_3flMfWpCrECNdVl,UF: University of Florida,Q4_UF,1,1,0.9976667165756226
R_3r0WiuvHBE1pG8f,UF: University of Florida,Q4_UF,0,0,0.9987202882766724
R_7rZNne5es08unAI,UF: University of Florida,Q4_UF,0,0,0.9980484247207642
R_6gRz58RVb0ltsuR,UF: University of Florida,Q4_UF,1,1,0.9970383644104004
R_3qjoczGG8VnyufT,UF: University of Florida,Q4_UF,0,1,0.984103798866272
R_6PE92SlJMSAXN6N,UF: University of Florida,Q4_UF,1,1,0.9975892305374146
R_1kYNQauHBGJgdrx,UF: University of Florida,Q4_UF,1,1,0.9975706934928894
R_52WSLieADmxaQgT,Other university:,Q4_UF,0,1,0.989382803440094
R_6Qy7zxlXy7YmmLw,UF: University of Florida,Q4_UF,0,1,0.9934718608856201
R_7fa5LeNNl6lmm1D,UF: University of Florida,Q4_UF,0,0,0.9979153275489807
R_1cqWOGFJZsnLWil,UF: University of Florida,Q4_UF,1,1,0.9972587823867798
R_5LUWWDXHiex2kIs,UF: University of Florida,Q4_UF,1,1,0.9973158240318298
R_1Wn11rCWivxno0V,UF: University of Florida,Q4_UF,1,1,0.9975277781486511
R_6XbWFpho70SFtxa,UF: University of Florida,Q4_UF,0,0,0.7893473505973816
R_3eIANwqH9DabFw5,UF: University of Florida,Q4_UF,1,1,0.9450979232788086
R_1eJcx41mG80JQt3,UF: University of Florida,Q4_UF,1,1,0.9971603155136108
R_5jTGPnsxOJ2lNg2,UF: University of Florida,Q4_UF,0,0,0.9986395239830017
R_3Slb2liT6ZuZvf8,UF: University of Florida,Q4_UF,0,0,0.9984900951385498
R_1Vy8J4To76MINSp,UF: University of Florida,Q4_UF,1,1,0.9976682066917419
R_60TywvGQ1HYe6Rl,UF: University of Florida,Q4_UF,1,1,0.9703473448753357
R_5hOXV2RMzJuQfAZ,UF: University of Florida,Q4_UF,0,0,0.9985355138778687
R_7gT3KdkBDhPqHn2,UF: University of Florida,Q4_UF,1,1,0.9974125027656555
R_7j4bIuIe6Tmv9qp,UF: University of Florida,Q4_UF,0,0,0.9986804127693176
R_1anW3EzujyyPntR,UF: University of Florida,Q4_UF,1,1,0.9970706701278687
R_1nGICjeeOYOKHHj,UF: University of Florida,Q4_UF,1,1,0.9974468946456909
R_2AEDtXITFwDhsBS,UF: University of Florida,Q4_UF,0,0,0.9983170032501221
R_3QARhryOh37U2SA,UF: University of Florida,Q4_UF,1,1,0.9973928928375244
R_31acOu9xsj5JMzH,UF: University of Florida,Q4_UF,1,1,0.9974499344825745
R_1G0xY53SDinjSVc,UF: University of Florida,Q4_UF,0,0,0.9985723495483398
R_3FsnstQnSMtyV4s,UF: University of Florida,Q4_UF,0,0,0.998611569404602
R_3mkPxTfC016iG8B,UF: University of Florida,Q4_UF,1,1,0.983809232711792
R_1kgFDuDN5881paz,UF: University of Florida,Q4_UF,0,0,0.9986163377761841
R_3DJxLrVzgDLU2bf,UF: University of Florida,Q4_UF,1,1,0.9975624084472656
R_7C4jNP4Jv3MbNy9,UF: University of Florida,Q4_UF,1,1,0.9949836730957031
R_7ur7XHRlyT0AXM5,UF: University of Florida,Q4_UF,0,1,0.9129446148872375
R_6pSySxH5BzIb2ow,UF: University of Florida,Q4_UF,0,1,0.9912286996841431
R_7KDWDMeUnW0u4Hx,Other university:,Q4_UF,0,1,0.9951276779174805
R_6vZ0wJ3U3cEVxGN,UF: University of Florida,Q4_UF,1,1,0.9910603165626526
R_6EFT6DpSLhHZ00d,UF: University of Florida,Q4_UF,1,1,0.9977237582206726
R_1HcXxe24JBjeBvo,UF: University of Florida,Q4_UF,1,1,0.9974045157432556
R_6pVQkIBcBdxxCCt,UF: University of Florida,Q4_UF,1,1,0.9975169897079468
R_3Cx3L1DD9bjW7qs,UF: University of Florida,Q4_UF,1,1,0.9973843693733215
R_5SCYqoKEVohcwUa,UF: University of Florida,Q4_UF,1,1,0.9973019361495972
R_7xJGQxRviA8x6Bc,UF: University of Florida,Q4_UF,1,1,0.9974011182785034
R_1kFhgmfxp14f2cV,UF: University of Florida,Q4_UF,1,1,0.9961901903152466
R_13PNMLYykaBjQ9r,UF: University of Florida,Q4_UF,1,1,0.7565445303916931
R_1n9hm2TiLDSGRSt,UF: University of Florida,Q4_ALL,0,0,0.9984285235404968
R_3eQ8eUIQPJvrOiR,UF: University of Florida,Q4_ALL,0,0,0.9934263229370117
R_3BWQywseoSlUGgC,UF: University of Florida,Q4_ALL,2,2,0.9948262572288513
R_1wMjBbFLrA0Gnmj,UF: University of Florida,Q4_ALL,2,2,0.9932343363761902
R_1fk4V5aT9KskIdB,UF: University of Florida,Q4_ALL,0,0,0.9985878467559814
R_6FPu5YzD5CtuHJR,UF: University of Florida,Q4_ALL,2,2,0.9916203022003174
R_1OfxHYVMBIuYL16,UF: University of Florida,Q4_ALL,2,2,0.9940237402915955
R_57BClUyMcbVTMul,UF: University of Florida,Q4_ALL,2,2,0.8718456029891968
R_3zCLOyVIIkiMegZ,UF: University of Florida,Q4_ALL,0,1,0.7317256927490234
R_1ziQtGrVtzBj0OV,UF: University of Florida,Q4_ALL,1,2,0.9698940515518188
R_7l9pouek2YcKZON,UF: University of Florida,Q4_ALL,2,2,0.9895631670951843
R_3YavVYuBQdSf6E1,UF: University of Florida,Q4_ALL,2,2,0.9927782416343689
R_3rsMIuGvtuWsSsN,UF: University of Florida,Q4_ALL,0,0,0.9979591369628906
R_6LG9PnMBKzqSPdk,UF: University of Florida,Q4_ALL,2,2,0.9926459789276123
R_52WY9O19lBiBWpB,UF: University of Florida,Q4_ALL,2,2,0.9949485063552856
R_1oSiIsqOpQMJcRP,UF: University of Florida,Q4_ALL,1,2,0.6157281994819641
R_5pupjLAtPWsRL5p,UF: University of Florida,Q4_ALL,2,2,0.9943618774414062
R_18UoxyQSiZmcUxa,UF: University of Florida,Q4_ALL,2,2,0.9476605653762817
R_5CBWPjWrfTk5LdQ,UF: University of Florida,Q4_ALL,2,2,0.9912311434745789
R_5NO0clWgYn7xs0a,UF: University of Florida,Q4_ALL,1,2,0.9922549724578857
R_7AI3QAkpym40rvz,UF: University of Florida,Q4_ALL,0,0,0.9985505938529968
R_7rKpZ7C61UY1JVn,UF: University of Florida,Q4_ALL,0,0,0.9983749389648438
R_6gi3ew5vhzjpZEB,UF: University of Florida,Q4_ALL,2,2,0.9930940866470337
R_5paCMaggz0sYhb3,UF: University of Florida,Q4_ALL,1,2,0.9879841804504395
R_6ePfXn4p5mYNXfr,UF: University of Florida,Q4_ALL,0,0,0.9983373880386353
R_7iqFUvQrRhsJIEt,UF: University of Florida,Q4_ALL,0,0,0.9977619647979736
R_60NGa7izmCJuTWY,UF: University of Florida,Q4_ALL,1,2,0.9538790583610535
R_72PUDfL0MdH5iYx,ISU: Iowa State University,Q4_ALL,0,0,0.9984993934631348
R_3sgNLnQZFkPGFI9,ISU: Iowa State University,Q4_ALL,0,0,0.9984644651412964
R_5cpV6wKZ7dvNupW,ISU: Iowa State University,Q4_ALL,1,2,0.9917860627174377
R_7F9XN48EqpUkTWk,ISU: Iowa State University,Q4_ALL,0,2,0.9912277460098267
R_1YmPjrVRDr5xHML,"UCSB: University of California, Santa Barbara",Q4_ALL,0,2,0.9867059588432312
R_7jvKghKk29TrBp9,"UCSB: University of California, Santa Barbara",Q4_ALL,1,2,0.9259569644927979
R_1PLh5ueUszBzouD,"UCSB: University of California, Santa Barbara",Q4_ALL,1,0,0.9980727434158325
R_7rY4qm7yN3K5GZg,"UCSB: University of California, Santa Barbara",Q4_ALL,2,2,0.9919201135635376
R_1sTRx9Q7QkdU8O4,"UCSB: University of California, Santa Barbara",Q4_ALL,1,2,0.9910209774971008
R_55ydwSf7BG8EhZa,"UCSB: University of California, Santa Barbara",Q4_ALL,2,2,0.9951979517936707
R_77lkNlE6WS33L8d,"UCSB: University of California, Santa Barbara",Q4_ALL,1,2,0.9895386695861816
R_7NWHRmF42Sgzb1S,"UCSB: University of California, Santa Barbara",Q4_ALL,1,1,0.5699688196182251
R_1nZxb4U9RL8I1l5,"UCSB: University of California, Santa Barbara",Q4_ALL,2,2,0.988307535648346
R_1McBjnwg7ahlPtH,"UCSB: University of California, Santa Barbara",Q4_ALL,1,1,0.5909742712974548
R_7G2tSbDHU4cmKtD,MSU: Michigan State University,Q4_ALL,0,0,0.9952875375747681
R_3INqaB64CTI4BK6,MSU: Michigan State University,Q4_ALL,1,0,0.9825908541679382
R_62chwJC8vepv1zh,MSU: Michigan State University,Q4_ALL,0,0,0.9984601736068726
R_5RTSizdGBYZWQcp,MSU: Michigan State University,Q4_ALL,1,0,0.9893708229064941
R_3UYEYB6sqll4VR2,MSU: Michigan State University,Q4_ALL,2,1,0.5915745496749878
R_13rb0UZBCfl43Kh,MSU: Michigan State University,Q4_ALL,1,0,0.8187615275382996
R_1zKqpppmgCydqSt,MSU: Michigan State University,Q4_ALL,1,1,0.6559208035469055
R_62zXrbwGDlx3LHH,MSU: Michigan State University,Q4_ALL,0,2,0.9797848463058472
R_1B8ceQOOUD5mVgd,MSU: Michigan State University,Q4_ALL,0,0,0.9983918070793152
R_2wN6mowzZG4heJn,MSU: Michigan State University,Q1_MSU,2,1,0.8958386182785034
R_xls9F5vX3dG0pEJ,MSU: Michigan State University,Q1_MSU,0,0,0.6823856830596924
R_3Mum1K2hLpp2e7J,MSU: Michigan State University,Q1_MSU,1,1,0.9853801131248474
R_RlUhJOU5dCcKB6F,MSU: Michigan State University,Q1_MSU,0,1,0.9718011617660522
R_XNwFaAxEleMgLnP,MSU: Michigan State University,Q1_MSU,0,0,0.9908748865127563
R_zfgLVGV9qAZVxuN,MSU: Michigan State University,Q1_MSU,0,1,0.5500064492225647
R_41nImkUsbSaIhFf,Other university:,Q1_MSU,2,2,0.9680289626121521
R_1IAbzCFeKjaKmES,MSU: Michigan State University,Q1_MSU,2,1,0.8522774577140808
R_2VgqT15MGr6ZceV,MSU: Michigan State University,Q1_MSU,1,1,0.9907243847846985
R_2WDxuJnEcHAIxa5,MSU: Michigan State University,Q1_MSU,2,1,0.9284833073616028
R_AukmwHV3LOgMxPz,MSU: Michigan State University,Q1_MSU,1,0,0.6700295209884644
R_1IFYaAfaO7HgXGy,MSU: Michigan State University,Q1_MSU,1,1,0.9822544455528259
R_WAp3qSnJEwIL3jj,MSU: Michigan State University,Q1_MSU,2,1,0.9820652604103088
R_2qwmmIi2QJ6ac27,MSU: Michigan State University,Q1_MSU,1,0,0.987544059753418
R_2w1C8HmOZyWVmcQ,MSU: Michigan State University,Q1_MSU,1,2,0.9948201179504395
R_2wN7ydqJSmDpQSS,MSU: Michigan State University,Q1_MSU,1,2,0.9863809943199158
R_1LTOBB7obycj85s,MSU: Michigan State University,Q1_MSU,2,2,0.9914044141769409
R_vrwjqc6R1HKp9N7,MSU: Michigan State University,Q1_MSU,0,0,0.9919896721839905
R_29ntWn1t9BetUOD,MSU: Michigan State University,Q1_MSU,1,0,0.9846640229225159
R_yPguPTBgoCxEZ69,MSU: Michigan State University,Q1_MSU,1,1,0.979282796382904
R_1OrAyF09BsDFao5,MSU: Michigan State University,Q1_MSU,1,0,0.9852596521377563
R_2Y4j6zrjBV5Pez0,MSU: Michigan State University,Q1_MSU,0,0,0.988023042678833
R_8vRtoHJGHG7Qy6R,MSU: Michigan State University,Q1_MSU,1,1,0.9463151693344116
R_1g55hJQ6RlzLfxt,MSU: Michigan State University,Q1_MSU,2,2,0.9900652766227722
R_3GwtZEiAA2FptKb,MSU: Michigan State University,Q1_MSU,1,0,0.9880032539367676
R_11iT3oGRuKcnZLp,MSU: Michigan State University,Q1_MSU,0,0,0.9901242852210999
R_2qaZMSiGytKJWGq,MSU: Michigan State University,Q1_MSU,2,2,0.9944076538085938
R_31t42Bf2Flx3OAz,MSU: Michigan State University,Q1_MSU,1,1,0.9467180371284485
R_50IJypRtNJY466R,MSU: Michigan State University,Q1_MSU,1,0,0.5562999248504639
R_2zZK3R2EAYDzwcB,MSU: Michigan State University,Q1_MSU,0,0,0.9843888282775879
R_1IlL9WQKWjJqyRN,MSU: Michigan State University,Q1_MSU,2,1,0.9825928211212158
R_PY8b9raZgMaXKz7,MSU: Michigan State University,Q1_MSU,1,0,0.9914565682411194
R_29PTWUsHTK9CHkt,MSU: Michigan State University,Q1_MSU,0,1,0.9908162355422974
R_2zeeK1Zqd6vIz3M,MSU: Michigan State University,Q1_MSU,2,2,0.9931738972663879
R_2whuDGp7upB0mvN,MSU: Michigan State University,Q1_MSU,1,0,0.9175089597702026
R_3dS15TbKxnFYmVT,MSU: Michigan State University,Q1_MSU,1,1,0.9218437671661377
R_2Y9PMBmrw0L0Sw2,MSU: Michigan State University,Q1_MSU,1,0,0.9862502813339233
R_r1E5Xc0MjTWSW7n,MSU: Michigan State University,Q1_MSU,1,1,0.9203630685806274
R_1RjA69kNovNAkzD,MSU: Michigan State University,Q1_MSU,2,2,0.7499903440475464
R_cN27DPkNHBC56LL,MSU: Michigan State University,Q1_MSU,2,2,0.9928120970726013
R_2wAlpvjjmd8K0eS,MSU: Michigan State University,Q1_MSU,2,1,0.977875828742981
R_6fhpRnLsB8wNdPX,MSU: Michigan State University,Q1_MSU,1,1,0.8857414126396179
R_22PxzIwpRwfrFtJ,MSU: Michigan State University,Q1_MSU,0,0,0.9918939471244812
R_XGKy5Z94UKaVVv3,MSU: Michigan State University,Q1_MSU,2,2,0.99294114112854
R_1OTbLE4jl1nBDpc,MSU: Michigan State University,Q1_MSU,2,2,0.9906682372093201
R_28IDxZt44Axf1Tw,MSU: Michigan State University,Q1_MSU,1,1,0.980815052986145
R_8ppPRE9OhGGeHnj,MSU: Michigan State University,Q1_MSU,1,1,0.9856204986572266
R_sjaZgbToUMFHrod,MSU: Michigan State University,Q1_MSU,0,0,0.9859613180160522
R_1igmCniK7aDHt8m,MSU: Michigan State University,Q1_MSU,0,0,0.9919489622116089
R_Xw9MBdAZhCsv8U9,MSU: Michigan State University,Q1_MSU,0,1,0.5065339207649231
R_1LbM8b0DfIe2G6s,MSU: Michigan State University,Q1_MSU,1,1,0.8971951007843018
R_1K0y5gWZIB3JxDh,MSU: Michigan State University,Q1_MSU,2,1,0.9815898537635803
R_7QG0acT6uXxrP9L,MSU: Michigan State University,Q1_MSU,1,1,0.9846059083938599
R_3plRBhu2ghjYrP3,MSU: Michigan State University,Q1_MSU,0,1,0.8577370047569275
R_eRu7eQ8GMqvypz3,MSU: Michigan State University,Q1_MSU,1,0,0.9874601364135742
R_T6MBSpviCVMOyFX,MSU: Michigan State University,Q1_MSU,0,0,0.9880038499832153
R_33EIY6LRSaJHlNQ,MSU: Michigan State University,Q1_MSU,0,0,0.9895575642585754
R_1IZ9Ja7Aufl2a3e,MSU: Michigan State University,Q1_MSU,0,0,0.990799069404602
R_3MDnChi737RGbzk,MSU: Michigan State University,Q1_MSU,1,1,0.9585237503051758
R_269Lb9kCrqD0AWY,MSU: Michigan State University,Q1_MSU,1,1,0.6879538297653198
R_29sTa52gLAebJlB,MSU: Michigan State University,Q1_MSU,2,2,0.9949544072151184
R_2ZPsxd5X013XMws,MSU: Michigan State University,Q1_MSU,2,1,0.9694185256958008
R_3enoAPZoupjTrVO,MSU: Michigan State University,Q1_MSU,0,0,0.9890028238296509
R_2XpnbrNHXhg2CUZ,MSU: Michigan State University,Q1_MSU,1,1,0.9642462730407715
R_3Wzh8PmxDQxJovT,MSU: Michigan State University,Q1_MSU,1,0,0.991434633731842
R_1MKTTn4moTa6MSp,MSU: Michigan State University,Q1_MSU,0,0,0.9887300133705139
R_1Ih0tc47jXDJDHb,MSU: Michigan State University,Q1_MSU,2,2,0.9934033751487732
R_XYA3El8nvg79uj7,MSU: Michigan State University,Q1_MSU,1,0,0.9874416589736938
R_9pIMogSmMCiXy5X,MSU: Michigan State University,Q1_MSU,1,0,0.9051755666732788
R_2WZleVz6a5DIA4C,MSU: Michigan State University,Q1_MSU,2,1,0.9202364087104797
R_3I4w9rAEwgIjxiY,MSU: Michigan State University,Q1_MSU,2,0,0.9385168552398682
R_qwO0RVBf9Tp0RWN,MSU: Michigan State University,Q1_MSU,2,2,0.9946818947792053
R_3G6uh46Iydp7vuy,MSU: Michigan State University,Q1_MSU,0,1,0.9241963028907776
R_1Nk9ixMjVqxeXU2,MSU: Michigan State University,Q1_MSU,2,1,0.9281471371650696
R_1QmdvMRoIm0TjBn,MSU: Michigan State University,Q1_MSU,1,1,0.9834148287773132
R_1QiM7hB2jSuymbn,MSU: Michigan State University,Q1_MSU,1,0,0.989024817943573
R_1F5tjJyIZCmrk6t,MSU: Michigan State University,Q1_MSU,1,0,0.9913716316223145
R_ZkonjznfZJGgpod,MSU: Michigan State University,Q1_MSU,2,1,0.9386422038078308
R_Uin7fHiL3TxgNbz,MSU: Michigan State University,Q1_MSU,1,0,0.5439027547836304
R_12upxVjIfS4G55q,MSU: Michigan State University,Q1_MSU,2,1,0.9409274458885193
R_3MF027YTNrvJazc,MSU: Michigan State University,Q1_MSU,1,2,0.9952837824821472
R_3oZ31VLufaxEX7A,MSU: Michigan State University,Q1_MSU,0,0,0.9879283308982849
R_3ewqESeQXPpuzRj,MSU: Michigan State University,Q1_MSU,2,1,0.9208185076713562
R_1rlB4oXcQZaXgOY,MSU: Michigan State University,Q1_MSU,2,1,0.8874430060386658
R_ThKlAPv27pubgl3,MSU: Michigan State University,Q1_MSU,1,2,0.9780004620552063
R_3NxlVZM157vd5Ra,MSU: Michigan State University,Q1_MSU,0,0,0.9926028847694397
R_2VqNDjI7kwElCK6,MSU: Michigan State University,Q1_MSU,1,1,0.7818219065666199
R_10PCeM3bcUOGwQS,MSU: Michigan State University,Q1_MSU,1,2,0.8285760879516602
R_33svHYtA86jo60W,MSU: Michigan State University,Q1_MSU,2,1,0.9459762573242188
R_2aJ3n58HyLUJvJl,MSU: Michigan State University,Q1_MSU,2,1,0.9838014245033264
R_3NI2D3almz0W2Sd,MSU: Michigan State University,Q1_MSU,2,1,0.9854815602302551
R_AbMq6ua4jN2e60p,MSU: Michigan State University,Q1_MSU,1,0,0.9802256226539612
R_2Et7BI3azjhgZxf,MSU: Michigan State University,Q1_MSU,1,0,0.9880614280700684
R_1FyVhd0wKwONmaC,MSU: Michigan State University,Q1_MSU,0,0,0.9904091358184814
R_3dRjj8bOvMYwP0x,MSU: Michigan State University,Q1_MSU,1,2,0.9938265681266785
R_Dw7sTL1rqUZbOWR,MSU: Michigan State University,Q1_MSU,0,0,0.9908060431480408
R_9ERa5Si65ggTpzr,MSU: Michigan State University,Q1_MSU,1,1,0.9702050089836121
R_1IGjAog7cn99lri,MSU: Michigan State University,Q1_MSU,2,1,0.9806146025657654
R_2tygxTeyqZjO3lS,MSU: Michigan State University,Q1_MSU,1,1,0.708962619304657
R_pN399gbn5bAqged,MSU: Michigan State University,Q1_MSU,2,2,0.9949945211410522
R_3iU7TQUAB1NHeVr,MSU: Michigan State University,Q1_MSU,2,1,0.9724496006965637
R_1LbC2oRNEQ1BF9L,MSU: Michigan State University,Q1_MSU,2,2,0.6190289855003357
R_abH5vzrWA1pF49r,MSU: Michigan State University,Q1_MSU,2,1,0.9451726078987122
R_zYwIflLAw10CQ8h,,Q1_MSU,2,1,0.8903933167457581
R_3DbvCgmHv8gSIFT,MSU: Michigan State University,Q1_MSU,2,1,0.9746007323265076
R_1nW0thp3SfUjq7O,,Q1_MSU,1,1,0.8147540092468262
R_1LNLxrGpriTX2im,MSU: Michigan State University,Q1_MSU,2,2,0.9848047494888306
R_1C8a67vAuW8O8dN,,Q1_MSU,2,1,0.9724138975143433
R_2pQzvG3XofNaaUz,MSU: Michigan State University,Q1_MSU,1,1,0.9640214443206787
R_3oC3w6Ly0TFgm7q,,Q1_MSU,0,0,0.9913548827171326
R_29mEOnMJifyx0bf,,Q1_MSU,0,0,0.98879075050354
R_24eXEUuyYJ87rrG,MSU: Michigan State University,Q1_MSU,1,0,0.987179696559906
R_25GcfRTCZCOm7t0,,Q1_MSU,1,1,0.9897454977035522
R_Zn6H4gY51KQsQdH,,Q1_MSU,2,1,0.9858818054199219
R_2th8Tb1qUZNw5gO,,Q1_MSU,1,1,0.9871459007263184
R_3kgZg6dI452Dehp,,Q1_MSU,0,0,0.991915225982666
R_28TeWtKswiZJYfu,,Q1_MSU,2,1,0.8842169046401978
R_2uTJSD6VDtmfDT7,MSU: Michigan State University,Q1_MSU,2,1,0.9475011825561523
R_3kmI3PNgsK4inTO,,Q1_MSU,0,1,0.9439122676849365
R_6YhbxBTcCEtsG9X,ISU: Iowa State University,Q1_ISU,2,2,0.989216685295105
R_50SlQNaHHOpXoG4,ISU: Iowa State University,Q1_ISU,1,1,0.9912768602371216
R_63OAgsewew6cDGV,ISU: Iowa State University,Q1_ISU,1,1,0.9907165169715881
R_1nffHhuxWeDh7dn,ISU: Iowa State University,Q1_ISU,2,1,0.9438088536262512
R_71iPXsUXBuyL8mj,ISU: Iowa State University,Q1_ISU,2,2,0.9755733609199524
R_5DOe5TkWSncP5TG,ISU: Iowa State University,Q1_ISU,1,1,0.9907177090644836
R_1nCM1MaAtQ17TFv,ISU: Iowa State University,Q1_ISU,1,2,0.5036157369613647
R_1cO5hApluPuZteh,ISU: Iowa State University,Q1_ISU,0,1,0.9903332591056824
R_12xU0jnFJHdtach,ISU: Iowa State University,Q1_ISU,2,2,0.9613468647003174
R_6oQYw13WZX4eqml,ISU: Iowa State University,Q1_ISU,2,2,0.53519207239151
R_6d4TicFGLxTZe2O,ISU: Iowa State University,Q1_ISU,1,1,0.9914048910140991
R_5rRI9fVOvUiMH61,ISU: Iowa State University,Q1_ISU,0,1,0.9914759397506714
R_1dxYdvDGGAuluQV,ISU: Iowa State University,Q1_ISU,1,1,0.9902520179748535
R_11ZVUpIhxWJj4Mp,ISU: Iowa State University,Q1_ISU,1,1,0.9906538128852844
R_3Ebe02lVs7ybYGT,ISU: Iowa State University,Q1_ISU,1,2,0.9856693744659424
R_6YETTy9BbybSaB0,ISU: Iowa State University,Q1_ISU,2,2,0.9867796897888184
R_5HOzK81QMyrFikV,ISU: Iowa State University,Q1_ISU,1,1,0.9905269145965576
R_3EFZ3Uhm01KKs4R,ISU: Iowa State University,Q1_ISU,1,1,0.9907795190811157
R_1dAMSbaO5nGpNCw,ISU: Iowa State University,Q1_ISU,1,1,0.9908181428909302
R_7uGjVY3mDTF2N9L,ISU: Iowa State University,Q1_ISU,0,1,0.5421921610832214
R_56mvwl0oTATh18I,ISU: Iowa State University,Q1_ISU,1,1,0.9891370534896851
R_5KlLU0wc1QD9epi,ISU: Iowa State University,Q1_ISU,2,2,0.9892003536224365
R_1ps4ijvmKLlegTB,ISU: Iowa State University,Q1_ISU,1,2,0.9660671949386597
R_7IpVDf0pFv5R8fT,ISU: Iowa State University,Q1_ISU,0,1,0.9901490211486816
R_1p4EdzQnmAbIin1,ISU: Iowa State University,Q1_ISU,2,2,0.591097354888916
R_1iI4ZCorRDbPmdA,ISU: Iowa State University,Q1_ISU,0,2,0.9285840392112732
R_636YhBEiDGbqM5H,UF: University of Florida,Q1_UF,0,1,0.8144379258155823
R_6hGR6uNGDSZwxAr,UF: University of Florida,Q1_UF,1,1,0.9798839092254639
R_62IWCEAZnyR705H,UF: University of Florida,Q1_UF,0,1,0.604973554611206
R_3kv17DyfHIgRYtF,UF: University of Florida,Q1_UF,0,1,0.48153436183929443
R_160hCwwsijmHpkt,UF: University of Florida,Q1_UF,0,0,0.9966403245925903
R_5QYQyh4jF71hykc,UF: University of Florida,Q1_UF,0,1,0.5081717371940613
R_3DCLVA1ECEmNma2,UF: University of Florida,Q1_UF,1,0,0.9724198579788208
R_6IaWR3NvRQAz4a9,UF: University of Florida,Q1_UF,0,1,0.47332659363746643
R_6V1q5B32ZGaL0q5,UF: University of Florida,Q1_UF,0,0,0.9966822266578674
R_7CN95cBkmwKLGxl,UF: University of Florida,Q1_UF,0,0,0.9901662468910217
R_342LxyOwMX0Dlfz,UF: University of Florida,Q1_UF,1,2,0.735395073890686
R_3rHDSmpBALgVF5G,UF: University of Florida,Q1_UF,1,1,0.6212954521179199
R_7kNWTppU6f3Ukh4,UF: University of Florida,Q1_UF,0,0,0.9963372945785522
R_5NmszRi1UoV9rEO,UF: University of Florida,Q1_UF,0,0,0.9943441152572632
R_3KJxdQKg3tN3sFb,UF: University of Florida,Q1_UF,0,0,0.9963127970695496
R_5GRpABgIbhi7LC9,UF: University of Florida,Q1_UF,0,0,0.9952934384346008
R_3O4s4IsCpqZXFZv,UF: University of Florida,Q1_UF,1,1,0.9919409155845642
R_1iPEF16hgncEO70,UF: University of Florida,Q1_UF,0,1,0.5061377286911011
R_3bUGDxX3qDoWgKk,UF: University of Florida,Q1_UF,0,1,0.8000287413597107
R_7oNiQ8qFLGamBCk,UF: University of Florida,Q1_UF,1,2,0.9628036618232727
R_7Mwi0Re5TdlKZoZ,UF: University of Florida,Q1_UF,0,0,0.9887688159942627
R_5CJyUHRU9tErzvH,UF: University of Florida,Q1_UF,1,1,0.9572566747665405
R_63s8SIFJQKna1WT,UF: University of Florida,Q1_UF,0,0,0.9965548515319824
R_1m478MbWuaiivwa,UF: University of Florida,Q1_UF,0,0,0.749906599521637
R_6QhAtH4MLbwOG61,UF: University of Florida,Q1_UF,0,0,0.9968016147613525
R_6lEo0x224UTUFK9,UF: University of Florida,Q1_UF,0,0,0.9970632195472717
R_1DnggKL9BQuiyqt,UF: University of Florida,Q1_UF,1,2,0.9929249286651611
R_1t2MQBJp4Fp7xcb,UF: University of Florida,Q1_UF,2,1,0.9219176769256592
R_1FnC1VutDcHA24N,UF: University of Florida,Q1_UF,0,0,0.9923656582832336
R_1dfZ29ui7Zj1Fl8,UF: University of Florida,Q1_UF,0,2,0.6701593995094299
R_1AGakOZ0x0yAxvv,UF: University of Florida,Q1_UF,0,0,0.9971405267715454
R_3AGvSeQg1p94V9l,UF: University of Florida,Q1_UF,0,1,0.6707910299301147
R_6dmAv9lp9FyO5nY,UF: University of Florida,Q1_UF,0,0,0.9668848514556885
R_6aFumJ8Enopwic1,UF: University of Florida,Q1_UF,0,0,0.997032642364502
R_6qDWvT3ii9b6fcD,UF: University of Florida,Q1_UF,0,0,0.9299654960632324
R_531REq95FhDwn6O,UF: University of Florida,Q1_UF,1,1,0.8451014757156372
R_6OE7OIl2sFKJdNs,UF: University of Florida,Q1_UF,0,1,0.5401833057403564
R_1qgB3y0S1QHCz78,UF: University of Florida,Q1_UF,0,0,0.9942041039466858
R_5ZkOa772yi7t7zz,UF: University of Florida,Q1_UF,1,0,0.9957120418548584
R_5VxVptwuH9mXIVO,UF: University of Florida,Q1_UF,0,2,0.9919310212135315
R_7RwirSjrcMyLAZo,UF: University of Florida,Q1_UF,0,0,0.8634222149848938
R_7J9OeKN7idxEvsi,UF: University of Florida,Q1_UF,0,0,0.9964597821235657
R_60dUorgi2r1e7jg,UF: University of Florida,Q1_UF,1,1,0.9844281077384949
R_1rPsOF2KQk8TJuc,UF: University of Florida,Q1_UF,0,0,0.993421733379364
R_3h9qLkrjcyQV6x2,UF: University of Florida,Q1_UF,0,1,0.6393345594406128
R_3BkrbaM7zjjess9,UF: University of Florida,Q1_UF,0,0,0.8634222149848938
R_31B18BRC78DilSY,UF: University of Florida,Q1_UF,2,1,0.7723748087882996
R_74kpKpdADRaiihG,UF: University of Florida,Q1_UF,0,0,0.9959514141082764
R_5j0V7RMjG53rnQR,UF: University of Florida,Q1_UF,0,0,0.9963818788528442
R_3eyouToC3XkRQ2V,UF: University of Florida,Q1_UF,1,1,0.9941473007202148
R_6oG7WQeP45pjbSb,UF: University of Florida,Q1_UF,0,0,0.9647760391235352
R_7enytx4QBFdS3nr,UF: University of Florida,Q1_UF,0,0,0.9762184619903564
R_7Alk9xEXggdijip,UF: University of Florida,Q1_UF,0,0,0.9707967638969421
R_3qkPOaqWxFkMLIo,UF: University of Florida,Q1_UF,0,0,0.8623626232147217
R_3D5C2RNZin2GgJl,UF: University of Florida,Q1_UF,0,2,0.9876062273979187
R_1ekKG7whes2mrrb,UF: University of Florida,Q1_UF,0,0,0.9316607117652893
R_723UIqeNz0TIemt,UF: University of Florida,Q1_UF,0,0,0.9961475133895874
R_7PtQPVcaYrGkEuH,UF: University of Florida,Q1_UF,0,0,0.9966316819190979
R_2uNYnb1Bc2OHft2,UF: University of Florida,Q1_UF,1,2,0.5107149481773376
R_5ilOdUytgeoI825,UF: University of Florida,Q1_UF,1,2,0.8758255243301392
R_5sn8JvCUzWXLaQu,UF: University of Florida,Q1_UF,0,1,0.7625924944877625
R_18LVwisGRLWjweR,UF: University of Florida,Q1_UF,0,1,0.9937911629676819
R_7KRB7lCn2ouFx5L,UF: University of Florida,Q1_UF,1,2,0.9911974668502808
R_7t37vm9YLN9ZLoS,UF: University of Florida,Q1_UF,0,1,0.9428995847702026
R_7FKDiNbhdeDraNh,UF: University of Florida,Q1_UF,0,0,0.9969437718391418
R_1Fqkqc2yDyIET2V,ISU: Iowa State University,Q6_ISU,2,2,0.9946087598800659
R_3mh3M0KySPBLQnQ,ISU: Iowa State University,Q6_ISU,0,0,0.9937251210212708
R_1CVmDIG3iS6vXPA,ISU: Iowa State University,Q6_ISU,2,2,0.9921355247497559
R_69nWVZUYdKQ43oH,ISU: Iowa State University,Q6_ISU,1,2,0.9947406649589539
R_6prA2VRrJghe0BX,ISU: Iowa State University,Q6_ISU,2,2,0.9959861636161804
R_7pR4y7KabIKNoDk,ISU: Iowa State University,Q6_ISU,2,2,0.9953321814537048
R_52256p43h3NslzP,ISU: Iowa State University,Q6_ISU,1,1,0.9621192216873169
R_3wNP9ZdOMH2f6E2,ISU: Iowa State University,Q6_ISU,2,2,0.9793197512626648
R_3kqXw2uhrubVuE1,ISU: Iowa State University,Q6_ISU,2,2,0.9959303736686707
R_7PoP0Z8uOQNx3zW,ISU: Iowa State University,Q6_ISU,2,2,0.9939627051353455
R_62YpOxcPLag0Uc0,ISU: Iowa State University,Q6_ISU,1,2,0.9945574998855591
R_1s6zyGGxSvJrVdO,ISU: Iowa State University,Q6_ISU,2,2,0.9950674772262573
R_52rAfxfgNoVeNe9,ISU: Iowa State University,Q6_ISU,2,2,0.9923410415649414
R_7rTQctawAkEuglw,ISU: Iowa State University,Q6_ISU,2,2,0.9946087598800659
R_7Ehg63O79xBb10j,ISU: Iowa State University,Q6_ISU,0,0,0.9890524744987488
R_5xEqZ3GaAnxpfBl,MSU: Michigan State University,Q3_ALL,0,0,0.9952706694602966
R_6ndxE7Msqqe2RAb,MSU: Michigan State University,Q3_ALL,0,1,0.9228417873382568
R_59sitB0lfvbkTPq,MSU: Michigan State University,Q3_ALL,1,1,0.9972518086433411
R_1D5ykGsjLM2zPoK,MSU: Michigan State University,Q3_ALL,1,0,0.9911503791809082
R_7L07kvdDUKGKu0T,MSU: Michigan State University,Q3_ALL,0,1,0.9921131134033203
R_7C3i7zkSjslMGqU,MSU: Michigan State University,Q3_ALL,0,0,0.9927026033401489
R_65o5jbHfmOSs5Gh,MSU: Michigan State University,Q3_ALL,1,1,0.9946639537811279
R_1aahIVwj0WRCdZj,MSU: Michigan State University,Q3_ALL,0,0,0.9933607578277588
R_31pnpcAaM1x0eKp,MSU: Michigan State University,Q3_ALL,1,0,0.9738216996192932
R_1xKKVjOvxfOZaQG,MSU: Michigan State University,Q3_ALL,1,1,0.996940016746521
R_5jJI8XrshZvZqn5,MSU: Michigan State University,Q3_ALL,1,1,0.9975281357765198
R_5cHvMoBk4OCT4S5,MSU: Michigan State University,Q3_ALL,1,0,0.6988736987113953
R_6gNoxqardlH7Sj8,MSU: Michigan State University,Q3_ALL,0,0,0.9854956269264221
R_6jN80wZeBYgovYe,MSU: Michigan State University,Q3_ALL,0,0,0.9910019040107727
R_59kWAd9JwwJBQaJ,MSU: Michigan State University,Q3_ALL,0,0,0.9908213019371033
R_710zDNzz7JN9akF,MSU: Michigan State University,Q3_ALL,1,1,0.9970360994338989
R_3HUOGEyIBBuEBJT,MSU: Michigan State University,Q3_ALL,0,0,0.9950247406959534
R_6VDUng2ENjpLLNl,MSU: Michigan State University,Q3_ALL,1,1,0.9967573285102844
R_3NylhurQUL3JmSh,MSU: Michigan State University,Q3_ALL,0,0,0.9889073371887207
R_3KUPyKRx5N3X2vf,MSU: Michigan State University,Q3_ALL,1,1,0.9962064027786255
R_5krhJbEMCIiMGhH,MSU: Michigan State University,Q3_ALL,0,0,0.9918768405914307
R_5qE0Q7UgYvs77ua,UF: University of Florida,Q3_ALL,1,1,0.9969384670257568
R_1P5dWG4QNoEBaGC,MSU: Michigan State University,Q3_ALL,1,1,0.7186964154243469
R_6tKk9F3oQC4avFd,MSU: Michigan State University,Q3_ALL,0,0,0.9891936182975769
R_74u9IX99crNm8bj,MSU: Michigan State University,Q3_ALL,1,1,0.9964926838874817
R_30GjRdB4GB82Wyt,MSU: Michigan State University,Q3_ALL,0,0,0.9349269866943359
R_7IsWd9V3L79rNtM,MSU: Michigan State University,Q3_ALL,0,1,0.8277738690376282
R_79nx23ouy8cpQSO,MSU: Michigan State University,Q3_ALL,2,1,0.9970937967300415
R_5H5FW4LsGnRFjlF,MSU: Michigan State University,Q3_ALL,0,0,0.9925824403762817
R_6nlhrpn1ggn85UZ,MSU: Michigan State University,Q3_ALL,0,0,0.9952059388160706
R_15tgliPnM4gHAoY,MSU: Michigan State University,Q3_ALL,0,0,0.9931623935699463
R_7z03pH0BIQHN8yd,MSU: Michigan State University,Q3_ALL,0,0,0.9931977987289429
R_3L3AEMj11nwHSOl,MSU: Michigan State University,Q3_ALL,1,1,0.9970533847808838
R_7nCcHiHD0d4AlcN,MSU: Michigan State University,Q3_ALL,0,0,0.9273728728294373
R_6LniLKih2pVcbSB,MSU: Michigan State University,Q3_ALL,0,0,0.9881069660186768
R_51iZ0Le1Z0L87TQ,PSU: Penn State University,Q3_ALL,1,1,0.9967095851898193
R_1Ei4vJjelpmHzZB,MSU: Michigan State University,Q3_ALL,1,1,0.9952334761619568
R_1VoVxmJJVJM0qxb,MSU: Michigan State University,Q3_ALL,0,1,0.9960700273513794
R_7xsVvGAutLTSPzH,MSU: Michigan State University,Q3_ALL,1,1,0.9970343112945557
R_71NUrVOfmKPNytg,MSU: Michigan State University,Q3_ALL,0,1,0.9961817264556885
R_7outVbSMMYT7lut,MSU: Michigan State University,Q3_ALL,1,0,0.9931089878082275
R_3m9SnNLPSdyThF8,MSU: Michigan State University,Q3_ALL,1,0,0.9918485879898071
R_7GfByeqO6EQHvG2,MSU: Michigan State University,Q3_ALL,1,1,0.9918408393859863
R_19Mv64JQhEMtsQN,MSU: Michigan State University,Q3_ALL,0,1,0.992275059223175
R_7noWAEQbkldvo0b,MSU: Michigan State University,Q3_ALL,0,0,0.9908568263053894
R_37HWJz5iqvFkzyV,MSU: Michigan State University,Q3_ALL,0,1,0.9965519905090332
R_6kzGQcGpzJgH0dE,MSU: Michigan State University,Q3_ALL,1,1,0.9488308429718018
R_3xXLT9ZH0HIugdU,MSU: Michigan State University,Q3_ALL,1,1,0.9965640902519226
R_6rTD2OyU4PLjq93,MSU: Michigan State University,Q3_ALL,1,1,0.9973773956298828
R_5nP05M0FqRxSDvI,MSU: Michigan State University,Q3_ALL,1,1,0.9957098960876465
R_1dih85jhhenkgoy,MSU: Michigan State University,Q3_ALL,1,1,0.9131205081939697
R_3VJg5YdO3JrxqMG,MSU: Michigan State University,Q3_ALL,0,0,0.9860623478889465
R_71mwRAtx11QESAR,MSU: Michigan State University,Q3_ALL,0,1,0.9955487251281738
R_54YqlfnyBkqEusN,MSU: Michigan State University,Q3_ALL,0,1,0.9858720898628235
R_73bH1Zf9Y3SE5y1,MSU: Michigan State University,Q3_ALL,0,0,0.8296483159065247
R_7nrpunqmNHom2ZN,MSU: Michigan State University,Q3_ALL,0,0,0.9920899868011475
R_70TcxXedsoKJkLT,MSU: Michigan State University,Q3_ALL,1,1,0.9971690773963928
R_5QQX6rIy9DFEagF,MSU: Michigan State University,Q3_ALL,0,0,0.9096705317497253
R_1uV5vzgun13TmY2,MSU: Michigan State University,Q3_ALL,1,1,0.9959483742713928
R_6AHybb8XSCJJrbz,MSU: Michigan State University,Q3_ALL,1,1,0.9908649325370789
R_1EAWJJiT93y2Frq,MSU: Michigan State University,Q3_ALL,1,0,0.9912694692611694
R_3wda0E40quBfMvE,MSU: Michigan State University,Q3_ALL,0,0,0.9921618103981018
R_3AMtqyEuPXdX7xs,MSU: Michigan State University,Q3_ALL,0,0,0.9140344858169556
R_5pzjEpsRPXjR9sG,MSU: Michigan State University,Q3_ALL,1,1,0.9099810719490051
R_78TWR7CqeVgaqSj,MSU: Michigan State University,Q3_ALL,1,1,0.9972085356712341
R_6W03wtTJOZRHL21,MSU: Michigan State University,Q3_ALL,1,1,0.9970767498016357
R_6n5Tnrqpw7IR2Ul,MSU: Michigan State University,Q3_ALL,1,1,0.9961745738983154
R_3FPTcHeX4pjEPji,Other university:,Q3_ALL,0,0,0.9886349439620972
R_7DnFcu3yGm6yBre,MSU: Michigan State University,Q3_ALL,0,0,0.991462767124176
R_3OGUn3HcE7A0v2V,MSU: Michigan State University,Q3_ALL,0,0,0.9930269122123718
R_5P0FkHMXle1DBp4,MSU: Michigan State University,Q3_ALL,1,0,0.9908096790313721
R_5TSL1XRYUMIcUIy,MSU: Michigan State University,Q3_ALL,0,1,0.9727943539619446
R_32LUezXhxtcXTOH,MSU: Michigan State University,Q3_ALL,0,0,0.9754778146743774
R_6jffragraj0lMM5,MSU: Michigan State University,Q3_ALL,0,1,0.9944770932197571
R_3ZCiLsjERvdkDXr,MSU: Michigan State University,Q3_ALL,1,1,0.996590256690979
R_5Oa25rpCivqM8Mh,MSU: Michigan State University,Q3_ALL,0,0,0.9929226636886597
R_5htqGReAWRF4OI0,MSU: Michigan State University,Q3_ALL,1,1,0.9970007538795471
R_70NkjaYQwjgZcDQ,MSU: Michigan State University,Q3_ALL,1,1,0.9956116080284119
R_6hNeq9XdSZqR1e0,MSU: Michigan State University,Q3_ALL,1,1,0.9972366094589233
R_3f8rVYlFCdjLh0R,,Q3_ALL,0,0,0.9899111390113831
R_3xvCAqjn7LwAUed,,Q3_ALL,0,1,0.9955936074256897
R_5zdOk2GVqa1sLh6,,Q3_ALL,0,1,0.9899536371231079
R_1f2bHOEmamv6e67,,Q3_ALL,1,1,0.9900195598602295
R_3uUoZa0AM6CMYMV,UF: University of Florida,Q3_ALL,1,1,0.9932214021682739
R_7EiDjff7hcg7kn7,UF: University of Florida,Q3_ALL,1,1,0.9273381233215332
R_1DAuexjFli8Z0mX,UF: University of Florida,Q3_ALL,1,1,0.9972789883613586
R_3qJAfbPfw1NzD51,UF: University of Florida,Q3_ALL,1,1,0.997073769569397
R_3emnyFl097T8eZ3,ISU: Iowa State University,Q3_ALL,1,1,0.9972443580627441
R_1EgonFTrtZqvWtP,UF: University of Florida,Q3_ALL,1,1,0.9971377849578857
R_5a5XFVqRFCQ4Xzb,UF: University of Florida,Q3_ALL,1,2,0.9945585131645203
R_1yfoODGRm9vs3wR,UF: University of Florida,Q3_ALL,1,1,0.9965196847915649
R_5yLZdu3BBizv6jD,ISU: Iowa State University,Q3_ALL,2,2,0.995170533657074
R_5plLQNpNJNuWBNq,ISU: Iowa State University,Q3_ALL,1,0,0.9849610328674316
R_8JfKA6KwxMpVloE,UF: University of Florida,Q3_ALL,1,1,0.9971672892570496
R_3ktAU6E0ZBE6T3p,UF: University of Florida,Q3_ALL,1,1,0.9953472018241882
R_3G2f22XYnow0vm1,UF: University of Florida,Q3_ALL,1,1,0.9957410097122192
R_5zcmd3sf796gqtz,UF: University of Florida,Q3_ALL,1,1,0.9972930550575256
R_6pnHobQ0PPqp6A2,UF: University of Florida,Q3_ALL,1,2,0.9923756718635559
R_3NaxH55W3u6fdKB,UF: University of Florida,Q3_ALL,0,0,0.9888712763786316
R_3Gy02Pnu7yzpZdF,UF: University of Florida,Q3_ALL,1,1,0.9973850846290588
R_6ayHNJTZSfFZ9M5,UF: University of Florida,Q3_ALL,1,1,0.9965542554855347
R_535bi99VS6TByTL,ISU: Iowa State University,Q3_ALL,1,1,0.9950906038284302
R_3PkdAFoTsciKyhX,UF: University of Florida,Q3_ALL,0,1,0.9923007488250732
R_3NWkeD9fqUu8jcC,UF: University of Florida,Q3_ALL,1,1,0.9966484904289246
R_32AqJNYXsayC4Eq,UF: University of Florida,Q3_ALL,1,1,0.9893313646316528
R_5dWLuv5rHIxaJGN,ISU: Iowa State University,Q3_ALL,1,1,0.9961774349212646
R_1JxsGBtD0MNFzdg,UF: University of Florida,Q3_ALL,1,1,0.9968168139457703
R_8hzuev9qOdp3bJA,ISU: Iowa State University,Q3_ALL,2,2,0.9935203194618225
R_79jrzKxbh2fUkqh,UF: University of Florida,Q3_ALL,1,1,0.9972766041755676
R_32JG0Rfd2kFyIsm,ISU: Iowa State University,Q3_ALL,2,2,0.994083821773529
R_70PNHBUrjsrShYQ,UF: University of Florida,Q3_ALL,1,1,0.9965658783912659
R_3ay1ICYhBPXeIic,UF: University of Florida,Q3_ALL,2,2,0.9923202395439148
R_7dSbOyrewjrumo9,UF: University of Florida,Q3_ALL,1,1,0.9968612194061279
R_3veSnCK7EbrN1FP,UF: University of Florida,Q3_ALL,1,0,0.9929243326187134
R_1TSKcTxOSDBe6wt,UF: University of Florida,Q3_ALL,1,1,0.9969208240509033
R_5lQg0KYFoYxKvAS,UF: University of Florida,Q3_ALL,1,1,0.9965528249740601
R_19bP9Mfhzah9nAS,UF: University of Florida,Q3_ALL,1,1,0.9969754219055176
R_3dUyPpUEjsCydIB,UF: University of Florida,Q3_ALL,1,1,0.9973101615905762
R_79tDNgzAH683NKt,UF: University of Florida,Q3_ALL,1,1,0.9956823587417603
R_1u46nYdMxIcbEZ3,UF: University of Florida,Q3_ALL,1,2,0.9672460556030273
R_5CZj1923uDwLfpk,UF: University of Florida,Q3_ALL,1,1,0.9489750266075134
R_3GCDokSKXmSl4jL,UF: University of Florida,Q3_ALL,1,1,0.9969250559806824
R_5qjZnIbEndO8BGR,ISU: Iowa State University,Q3_ALL,1,1,0.997244119644165
R_3PiKvRraQW9LGwp,UF: University of Florida,Q3_ALL,1,1,0.9968576431274414
R_5fkZ1nqXLu9s5tf,UF: University of Florida,Q3_ALL,2,1,0.9961531758308411
R_5vC8ZwRfKXli4BH,UF: University of Florida,Q3_ALL,1,1,0.9971479773521423
R_5qBKMz21lmziQcV,ISU: Iowa State University,Q3_ALL,1,1,0.9919779300689697
R_1pKzbhUwaLHLDcR,ISU: Iowa State University,Q3_ALL,1,1,0.996451735496521
R_6LSxrYOcsVmP2tL,ISU: Iowa State University,Q3_ALL,1,2,0.991675078868866
R_5J4YZ3DuJKF7pKN,UF: University of Florida,Q3_ALL,1,1,0.6972737908363342
R_3Jz0YlwJBEuMGhE,UF: University of Florida,Q3_ALL,1,1,0.9969913959503174
R_5lgfirYC3WnbCP7,UF: University of Florida,Q3_ALL,1,2,0.994132936000824
R_7rorGcy6uD4wZGL,ISU: Iowa State University,Q3_ALL,2,2,0.9939817786216736
R_65vax0FlcyQ8K1q,UF: University of Florida,Q3_ALL,1,1,0.9969159364700317
R_6V4G6E44GM1LUA3,UF: University of Florida,Q3_ALL,1,1,0.9970376491546631
R_5IsmUqSgkJNPaFE,UF: University of Florida,Q3_ALL,1,1,0.9952297210693359
R_52PknlHBswB49lI,ISU: Iowa State University,Q3_ALL,1,1,0.99661785364151
R_76nHCbUSmMhYnBS,ISU: Iowa State University,Q3_ALL,0,1,0.9963156580924988
R_5s1g7DhqzjPKm55,ISU: Iowa State University,Q3_ALL,0,1,0.9960653185844421
R_8qJ8HpLFtvYgV4q,ISU: Iowa State University,Q3_ALL,1,1,0.7408105134963989
R_6q7twzwPdl6cnZv,ISU: Iowa State University,Q3_ALL,0,1,0.9973719120025635
R_7moppSkW21fdxK1,ISU: Iowa State University,Q3_ALL,1,1,0.9949094653129578
R_1kvqn6UOVYRRQfQ,ISU: Iowa State University,Q3_ALL,1,0,0.932810366153717
R_3sXdLI1GnRoJdqZ,ISU: Iowa State University,Q3_ALL,1,1,0.9966536164283752
R_5I9GwnkAQ5LE4ha,ISU: Iowa State University,Q3_ALL,2,2,0.9947379231452942
R_1HMw0hk5gUWjGgv,ISU: Iowa State University,Q3_ALL,1,1,0.9966781139373779
R_7R3SfNYRvKBahFq,ISU: Iowa State University,Q3_ALL,1,1,0.9947860240936279
R_1mEZ4L9LTB7Eavn,ISU: Iowa State University,Q3_ALL,1,1,0.7067739367485046
R_7TiIZLlE0oyLqTL,UF: University of Florida,Q3_ALL,1,1,0.9964196681976318
R_7kpnbw6OvKYCAQB,UF: University of Florida,Q3_ALL,1,1,0.9969384670257568
R_1FlFKLLJLtsjGZi,UF: University of Florida,Q3_ALL,2,2,0.9932605624198914
R_1LmFxCC3djJIKgF,UF: University of Florida,Q3_ALL,0,1,0.9920073747634888
R_7QGhk9bVUWyf9DJ,UF: University of Florida,Q3_ALL,1,1,0.9967740178108215
R_6RrRdUVeHbSUjdg,UF: University of Florida,Q3_ALL,1,1,0.9971290230751038
R_3DEBgB7ruJRbqo1,UF: University of Florida,Q3_ALL,1,1,0.9908406138420105
R_1rAFUMHsBspozPr,UF: University of Florida,Q3_ALL,1,1,0.9947473406791687
R_5LuOnFyMgpWLOYV,UF: University of Florida,Q3_ALL,1,1,0.9968218803405762
R_7k81fO6CV4qNa2L,UF: University of Florida,Q3_ALL,2,1,0.996126115322113
R_6t1Eb6cpOlgNzxL,UF: University of Florida,Q3_ALL,2,2,0.9832131266593933
R_7NR9SVXwsQEG57r,UF: University of Florida,Q3_ALL,1,1,0.996732234954834
R_5glNeQ69xrVZHk5,UF: University of Florida,Q3_ALL,1,1,0.997248113155365
R_5Lv9WDzOoftrqHA,UF: University of Florida,Q3_ALL,1,1,0.9969167709350586
R_10kuI59hY1qQpP1,UF: University of Florida,Q3_ALL,1,1,0.9969311952590942
R_6f1JV2ikd8zqoiK,UF: University of Florida,Q3_ALL,1,2,0.9914277791976929
R_7NGB1DDq6ZbIPrb,UF: University of Florida,Q3_ALL,2,2,0.9701778888702393
R_6EgsKKJ1LQuoA8N,UF: University of Florida,Q3_ALL,1,1,0.9966012239456177
R_7Nbr5hvXjeDi79X,UF: University of Florida,Q3_ALL,0,1,0.9956638216972351
R_7RfRtakkQPiOqSo,UF: University of Florida,Q3_ALL,0,1,0.980364203453064
R_3PT6XIPbWRekjAM,UF: University of Florida,Q3_ALL,0,1,0.9935213923454285
R_1kzldWYPTjs9fi5,UF: University of Florida,Q3_ALL,1,2,0.9936627149581909
R_3QerROJLGnPCo0h,Other university:,Q3_ALL,1,0,0.9916002750396729
R_31oil0GjFcdo4sN,UF: University of Florida,Q3_ALL,1,1,0.9971490502357483
R_5bOBqiNSt7qLL78,UF: University of Florida,Q3_ALL,0,1,0.9872042536735535
R_6loAH0MGlzJW2yZ,UF: University of Florida,Q3_ALL,1,1,0.9969410300254822
R_3rja50hX8Oe6LNF,UF: University of Florida,Q3_ALL,1,1,0.9969327449798584
R_6q9FqgBSL8eu3fQ,ISU: Iowa State University,Q7_ISU,1,1,0.9948478937149048
R_3FP8MFsc6GUwqqu,ISU: Iowa State University,Q7_ISU,1,1,0.9943832159042358
R_7bKna3X5beSSLOU,ISU: Iowa State University,Q7_ISU,0,1,0.6895695328712463
R_7tHFm08ZqpS7Goh,ISU: Iowa State University,Q7_ISU,2,2,0.9921128749847412
R_7HncCA1Up5ZBQPN,ISU: Iowa State University,Q7_ISU,2,2,0.9932056665420532
R_110QPtui6InPSxu,ISU: Iowa State University,Q7_ISU,2,2,0.9785919785499573
R_5hyuLMPAF88us20,ISU: Iowa State University,Q7_ISU,2,2,0.982027530670166
R_7CCB4JqaaVnZ48C,ISU: Iowa State University,Q7_ISU,1,1,0.9892182350158691
R_6dNNWPpK7HpEeYx,ISU: Iowa State University,Q7_ISU,1,1,0.9627940654754639
R_1BQPDWWp7WY6Z5P,ISU: Iowa State University,Q7_ISU,2,1,0.9950542449951172
R_75zHxnfel6miHhl,ISU: Iowa State University,Q7_ISU,1,1,0.9942282438278198
R_7VZ8z8tcaLN4HT3,ISU: Iowa State University,Q7_ISU,1,2,0.9926940202713013
R_3rOpLYX8G2tGsQS,ISU: Iowa State University,Q7_ISU,1,1,0.995152473449707
R_1O4yoiRUuTeeAF3,ISU: Iowa State University,Q2_ISU,1,2,0.9908424615859985
R_1OU55NYB4iCMHpE,ISU: Iowa State University,Q2_ISU,1,1,0.9904214143753052
R_7w30HTp7BI4JKbn,ISU: Iowa State University,Q2_ISU,2,2,0.995563268661499
R_5IgScZUQ7AcRdBB,ISU: Iowa State University,Q2_ISU,2,2,0.9935272336006165
R_6KC0LpR90K7wCJH,ISU: Iowa State University,Q2_ISU,1,1,0.9882213473320007
R_1szWpyYIuKytJ5f,ISU: Iowa State University,Q2_ISU,0,0,0.9979402422904968
R_7DqCHDf1bYc9EnI,ISU: Iowa State University,Q2_ISU,0,2,0.9866268038749695
R_3mOh4V1cd5hcT5A,ISU: Iowa State University,Q2_ISU,0,0,0.9987757802009583
R_7i4k7ZRP7z20kxn,ISU: Iowa State University,Q2_ISU,0,0,0.6364718079566956
R_7OIUO3hE8uJphJZ,ISU: Iowa State University,Q2_ISU,1,1,0.9946742057800293
R_7CIfQEfAdlD487n,ISU: Iowa State University,Q2_ISU,0,0,0.9989663362503052
R_1hF9DdcoYwkcjCK,ISU: Iowa State University,Q2_ISU,0,0,0.9988547563552856
R_67q9FFmGrNTmTKS,ISU: Iowa State University,Q2_ISU,2,2,0.993772566318512
R_5eBsr2ov5i1W5Mt,ISU: Iowa State University,Q2_ISU,2,2,0.9940099716186523
R_7jxxwewMdDTiSyZ,ISU: Iowa State University,Q2_ISU,1,1,0.9958261251449585
R_37jPA5YD84K5cVP,ISU: Iowa State University,Q2_ISU,0,0,0.9987786412239075
R_1Mu0w2xlje29wax,ISU: Iowa State University,Q2_ISU,1,1,0.9967676401138306
R_7pttRIBgqJG6a8F,ISU: Iowa State University,Q2_ISU,2,2,0.9942611455917358
R_6izIkiSgNi8P7iN,MSU: Michigan State University,Q3_ALL,1,1,0.9959897398948669
R_1MuGH3yAikZ9TBT,MSU: Michigan State University,Q3_ALL,0,1,0.9925846457481384
R_34iayBDTuout3vl,MSU: Michigan State University,Q3_ALL,0,1,0.9823238849639893
R_3Eyj5WLstFvUuwa,MSU: Michigan State University,Q3_ALL,0,0,0.9749413728713989
R_7Rz20VaXbThzAa5,MSU: Michigan State University,Q3_ALL,0,1,0.9965028762817383
R_31aU7TbLkJTYTa4,MSU: Michigan State University,Q3_ALL,1,1,0.9967352747917175
R_6Dp9jD48dsTLEwn,MSU: Michigan State University,Q3_ALL,1,0,0.9913973808288574
R_65Hm9agDfzPJ5V7,MSU: Michigan State University,Q3_ALL,1,1,0.997270405292511
R_7ekRNVZDNJfgDlL,MSU: Michigan State University,Q3_ALL,1,0,0.9908125996589661
R_715YlYKNNHvNCFr,MSU: Michigan State University,Q3_ALL,0,1,0.996467113494873
R_7cUqLDuxDjP9AID,MSU: Michigan State University,Q3_ALL,1,0,0.988095760345459
R_3O6xYk5FbraCvrr,MSU: Michigan State University,Q3_ALL,0,1,0.9967843294143677
R_6ALfSwzRwGizlF7,MSU: Michigan State University,Q3_ALL,0,0,0.9952905178070068
R_5L6ztovVPAj03PY,MSU: Michigan State University,Q3_ALL,1,1,0.9972027540206909
R_6onBDjtLW0Vbo82,MSU: Michigan State University,Q3_ALL,1,1,0.9970236420631409
R_5sq5mvIU281VSgh,MSU: Michigan State University,Q3_ALL,1,1,0.9940201044082642
R_70YsX2CqcUGvIgN,MSU: Michigan State University,Q3_ALL,0,0,0.9758316278457642
R_6IjaeYuO112Xs3x,MSU: Michigan State University,Q3_ALL,1,1,0.9958111047744751
R_7EyaseCICINhdva,MSU: Michigan State University,Q3_ALL,1,1,0.9971907734870911
R_5GwsT07bwf7Uk6j,MSU: Michigan State University,Q3_ALL,1,1,0.9972288012504578
R_7oGt8hUZxm4ZnR0,MSU: Michigan State University,Q3_ALL,1,1,0.9973166584968567
R_1QGDPdf3JeVSuyM,MSU: Michigan State University,Q3_ALL,1,1,0.9970711469650269
R_1Qy2IgjGhs1hBGU,MSU: Michigan State University,Q3_ALL,1,1,0.9972315430641174
R_3DYwbTIWEPTy0yR,MSU: Michigan State University,Q3_ALL,0,1,0.9809117317199707
R_3LjaL9nDLDPzccb,MSU: Michigan State University,Q3_ALL,0,1,0.970649778842926
R_5mjTjs9D4Z3wDjz,MSU: Michigan State University,Q3_ALL,1,1,0.9259558320045471
R_63Cr6k9NlCnLIl6,MSU: Michigan State University,Q3_ALL,1,1,0.9928374886512756
R_3HSIvqdnnzwYmuf,MSU: Michigan State University,Q3_ALL,0,0,0.9909776449203491
R_6aJjsk8pExXqpDG,MSU: Michigan State University,Q3_ALL,0,1,0.989274799823761
R_5KxOKZL1I8W1Tlt,MSU: Michigan State University,Q3_ALL,1,1,0.986257791519165
R_1hwseMrABSHLdQd,MSU: Michigan State University,Q3_ALL,0,0,0.9952690005302429
R_7GCFoJrhwEQVqJa,MSU: Michigan State University,Q3_ALL,1,1,0.9926361441612244
R_3ZEUmwa5IecSlrT,MSU: Michigan State University,Q3_ALL,0,1,0.5529444217681885
R_1PGdsNELTeSAV9b,MSU: Michigan State University,Q3_ALL,0,1,0.7901437878608704
R_76SxxsrSjhiacgh,MSU: Michigan State University,Q3_ALL,0,0,0.9709365367889404
R_1TPtVXJDVM9IKNb,MSU: Michigan State University,Q3_ALL,0,0,0.9929136633872986
R_1QyeMApIFjN1e6U,MSU: Michigan State University,Q3_ALL,0,0,0.9893807172775269
R_32TwEfaOPfERfrj,MSU: Michigan State University,Q3_ALL,0,0,0.9933531284332275
R_5i7YThwB74GL9AW,MSU: Michigan State University,Q3_ALL,1,1,0.9970665574073792
R_3Pl6HofbKrQRUXL,MSU: Michigan State University,Q3_ALL,1,1,0.9971787929534912
R_7M5JmakjV6B0BZy,MSU: Michigan State University,Q3_ALL,1,1,0.996359646320343
R_3aSnvInvbN2tLmF,MSU: Michigan State University,Q3_ALL,1,1,0.9970316886901855
R_1tDTPqelswJ3aT1,MSU: Michigan State University,Q3_ALL,0,0,0.9936116337776184
R_6nMEUJVYDWKdLmv,MSU: Michigan State University,Q3_ALL,0,1,0.9715288877487183
R_6KqZHap7WxP97ID,MSU: Michigan State University,Q3_ALL,0,1,0.6454077959060669
R_3hng6NmlyNfsJUZ,MSU: Michigan State University,Q3_ALL,0,1,0.9916131496429443
R_316nS0o73WSOuP9,MSU: Michigan State University,Q3_ALL,0,1,0.9908512234687805
R_5IQ55R8OpPXoGJP,MSU: Michigan State University,Q3_ALL,1,2,0.902302622795105
R_1m2SYecI7SA8kWR,MSU: Michigan State University,Q3_ALL,0,0,0.992455244064331
R_7PSLsKAB30MyZuF,MSU: Michigan State University,Q3_ALL,1,1,0.9972053170204163
R_1DEcdMTFGCTr9HH,MSU: Michigan State University,Q3_ALL,0,1,0.8678540587425232
R_6JykZk1kcpoM22d,MSU: Michigan State University,Q3_ALL,1,1,0.9974564909934998
R_5YQdxu72o2LvYNt,MSU: Michigan State University,Q3_ALL,1,0,0.9835767149925232
R_73cfxZNNUgl8V8J,MSU: Michigan State University,Q3_ALL,1,1,0.9965282082557678
R_7lEvkIY2xf8fuBv,MSU: Michigan State University,Q3_ALL,0,0,0.9729009866714478
R_7CLtKdwZKOGCCZ3,MSU: Michigan State University,Q3_ALL,0,1,0.9962595701217651
R_6lDM5rKKYPLoEVr,MSU: Michigan State University,Q3_ALL,0,0,0.9923763871192932
R_3PAFwxKNwMjNPKU,MSU: Michigan State University,Q3_ALL,0,0,0.8864381313323975
R_52CqUntRTqi4IAF,MSU: Michigan State University,Q3_ALL,0,0,0.8947566747665405
R_5hnhvEZB50BPW74,MSU: Michigan State University,Q3_ALL,0,1,0.9955942034721375
R_3zRQBcbpYsORmP5,MSU: Michigan State University,Q3_ALL,1,1,0.9964727759361267
R_1CTIbxXfWOHCF2N,MSU: Michigan State University,Q3_ALL,0,0,0.9800890684127808
R_3j59BDlW4dn2Kpb,MSU: Michigan State University,Q3_ALL,1,1,0.9939935803413391
R_7EmAVcDZXbKdpP9,MSU: Michigan State University,Q3_ALL,1,0,0.9847762584686279
R_3hWFoUAG0CKISCp,MSU: Michigan State University,Q3_ALL,0,0,0.995284378528595
R_1y2yKw7dD3djUIZ,MSU: Michigan State University,Q3_ALL,1,0,0.9890129566192627
R_6McCOUV6p5JJl6t,MSU: Michigan State University,Q3_ALL,1,1,0.9972219467163086
R_6QGxFS85TIqnepV,MSU: Michigan State University,Q3_ALL,0,0,0.9914727210998535
R_1nBGnboYDraia96,MSU: Michigan State University,Q3_ALL,1,1,0.9968589544296265
R_1rMwsv0og9zF0aJ,MSU: Michigan State University,Q3_ALL,0,0,0.9820162653923035
R_1VyDJOKcwjCeINq,MSU: Michigan State University,Q3_ALL,1,1,0.9376460313796997
R_5CNOfvT3xjhSP92,MSU: Michigan State University,Q3_ALL,1,1,0.996948778629303
R_7POb0pt1F2gw4oq,MSU: Michigan State University,Q3_ALL,0,0,0.9932507872581482
R_6lLmw2np3PPrOHD,MSU: Michigan State University,Q3_ALL,0,0,0.9926397800445557
R_6tnCTiZ0f1dCNLH,MSU: Michigan State University,Q3_ALL,0,0,0.9936218857765198
R_6SeiJf1ODqvjF26,,Q3_ALL,1,0,0.9905361533164978
R_5F4nkjp3blPUIU0,,Q3_ALL,0,0,0.9918791055679321
R_6qsvAOXRbwzofw7,,Q3_ALL,0,0,0.9951980710029602
R_6e3DA2M03fbXf2q,MSU: Michigan State University,Q3_ALL,1,1,0.9968801736831665
R_6c5DPUanosOypS9,,Q3_ALL,1,0,0.9766948223114014
R_7q7OzXqni6VH4Fr,,Q3_ALL,1,0,0.9919466376304626
R_7zev1uatBuv7Fbg,ISU: Iowa State University,Q3_ALL,0,0,0.9690834283828735
R_7kGOLCuydXUdM5w,ISU: Iowa State University,Q3_ALL,0,0,0.6787845492362976
R_5CCbxxosOS8OJk4,ISU: Iowa State University,Q3_ALL,0,0,0.9675050973892212
R_1DOxfH26RgqpXMk,ISU: Iowa State University,Q3_ALL,1,0,0.9903815388679504
R_5bUBABfpTEFSXSA,ISU: Iowa State University,Q3_ALL,1,1,0.9822281002998352
R_51bK1m9GsW3pX3z,MSU: Michigan State University,Q3_ALL,1,1,0.9961376786231995
R_1o18QxjDfxb8YNP,ISU: Iowa State University,Q3_ALL,1,1,0.9963964819908142
R_6OlXQXZBOhaVNFk,ISU: Iowa State University,Q3_ALL,0,0,0.9774264693260193
R_6bdNd21OA8PRM5j,ISU: Iowa State University,Q3_ALL,2,2,0.9948298335075378
R_1F7xJeD8ubuWXD3,ISU: Iowa State University,Q3_ALL,2,2,0.9844521284103394
R_1MahFDOQp3kwBrv,ISU: Iowa State University,Q3_ALL,1,1,0.9974250793457031
R_6aQ5I73rlbe9Y95,ISU: Iowa State University,Q3_ALL,0,1,0.9967561364173889
R_5zuqIH4JZeu6haN,ISU: Iowa State University,Q3_ALL,1,1,0.9972460269927979
R_6SpGPOAWHIgzDMJ,ISU: Iowa State University,Q3_ALL,0,0,0.9890252947807312
R_5h0x5HqxkyUXZ1G,ISU: Iowa State University,Q3_ALL,1,1,0.9655117988586426
R_7n3C1JOWAIQBE8k,ISU: Iowa State University,Q3_ALL,2,2,0.9951373934745789
R_5B5xCbQBsNTD3jm,ISU: Iowa State University,Q3_ALL,0,1,0.9947338104248047
R_6oYkh2Ihcih7dMC,ISU: Iowa State University,Q3_ALL,1,1,0.9966198205947876
R_5rYgn4KkaCfE9mP,ISU: Iowa State University,Q3_ALL,1,1,0.9972841739654541
R_7XoZHzQuxbxPPmD,ISU: Iowa State University,Q3_ALL,1,1,0.9943708777427673
R_6o0zwdrmHTfIA6i,ISU: Iowa State University,Q3_ALL,0,0,0.890856146812439
R_7mVpuzbAh6Ld8GZ,ISU: Iowa State University,Q3_ALL,1,1,0.659192681312561
R_64w4tHTpnbOFarD,ISU: Iowa State University,Q3_ALL,1,1,0.9963597655296326
R_6SDUnbumW3sfqIp,ISU: Iowa State University,Q3_ALL,0,0,0.991828978061676
R_62tcAf5CLCuSqVM,UF: University of Florida,Q3_ALL,0,1,0.9928252696990967
R_6gZqcJ6vaS2IYVY,UF: University of Florida,Q3_ALL,1,1,0.995241641998291
R_708fXumuunscKIN,UF: University of Florida,Q3_ALL,0,0,0.9893341660499573
R_77PhrWt3NDAlhya,UF: University of Florida,Q3_ALL,2,2,0.9941832423210144
R_7loWg6yrgvSIgYK,UF: University of Florida,Q3_ALL,1,1,0.9970014691352844
R_1Gu3pnQUr09zqZH,UF: University of Florida,Q3_ALL,2,2,0.9920260310173035
R_5qdXZGrMTEN3pXf,UF: University of Florida,Q3_ALL,2,2,0.9948337078094482
R_67WOzyPNuUiQDHb,UF: University of Florida,Q3_ALL,1,1,0.9970537424087524
R_6GdjVJT4IXKUNjd,UF: University of Florida,Q3_ALL,2,2,0.9919271469116211
R_7GxbNPD47HpiY44,UF: University of Florida,Q3_ALL,1,1,0.9968920350074768
R_6hCelUgOkIS6GOt,UF: University of Florida,Q3_ALL,2,2,0.9944783449172974
R_7MSBgNhMGgoI2oe,UF: University of Florida,Q3_ALL,1,1,0.9970154762268066
R_7Hfp21A3ntrZFmN,UF: University of Florida,Q3_ALL,1,1,0.997159481048584
R_7nSGDXV7IcR4mHw,UF: University of Florida,Q3_ALL,2,2,0.9805746078491211
R_6FrFFoAxqMr9gnz,UF: University of Florida,Q3_ALL,1,1,0.9973008036613464
R_6i54MM2Wbgp27W5,UF: University of Florida,Q3_ALL,1,1,0.9970594048500061
R_3FRLgMTSzgK8bK8,UF: University of Florida,Q3_ALL,1,1,0.9970582723617554
R_3rBb2fC3ZSacF7p,UF: University of Florida,Q3_ALL,1,1,0.9859138131141663
R_6XSe2b08yvIj1El,UF: University of Florida,Q3_ALL,1,1,0.9965393543243408
R_1EasEVeEQrI4Yer,UF: University of Florida,Q3_ALL,1,1,0.9948427081108093
R_4U6rficFoWdek6q,UF: University of Florida,Q3_ALL,0,1,0.9971017241477966
R_5dGbFHRY6vXTXSU,UF: University of Florida,Q3_ALL,1,1,0.9955593347549438
R_1M9DiegLkeqFrQn,UF: University of Florida,Q3_ALL,1,1,0.9969612956047058
R_7783dl1o7i8zW4W,UF: University of Florida,Q3_ALL,2,1,0.9317376017570496
R_7rISokYfmiUPmeG,UF: University of Florida,Q3_ALL,1,1,0.7048917412757874
R_6YwXmlubIimopdR,UF: University of Florida,Q3_ALL,1,1,0.9969521760940552
R_5BU1JVcYe7Z1ojL,UF: University of Florida,Q3_ALL,2,2,0.9853560328483582
R_5IWBJ9n9xK8nBqg,UF: University of Florida,Q3_ALL,1,1,0.9970268607139587
R_6qaDKZUfiROknoM,UF: University of Florida,Q3_ALL,1,1,0.9970434308052063
R_6s6bMnl4ImJBxnB,UF: University of Florida,Q3_ALL,1,1,0.9971966743469238
R_6H8EpgdpypozkZP,UF: University of Florida,Q3_ALL,1,1,0.9974791407585144
R_6eiwPtJY0lIoVX3,UF: University of Florida,Q3_ALL,1,1,0.7213659286499023
R_1lBgKya8h2yZ8SB,UF: University of Florida,Q3_ALL,0,1,0.9963881969451904
R_50ADNoM95amXTYy,UF: University of Florida,Q3_ALL,1,1,0.9970225691795349
R_1CPKqUjx6ly5jje,UF: University of Florida,Q3_ALL,2,2,0.9937756061553955
R_1rFZuZeeRNX8NUK,UF: University of Florida,Q3_ALL,0,0,0.9914740324020386
R_1SwPjBzP2rfhQUF,UF: University of Florida,Q3_ALL,1,1,0.9965125918388367
R_3o6dkxwXmjoeAVB,UF: University of Florida,Q3_ALL,2,2,0.9928540587425232
R_5Iy6gxzeOCDbEl3,UF: University of Florida,Q3_ALL,1,2,0.7662591338157654
R_3fIZtj0Lr8e7YAU,UF: University of Florida,Q3_ALL,1,1,0.9969377517700195
R_52m4uUMuX5h8RoA,UF: University of Florida,Q3_ALL,1,1,0.9962538480758667
R_75EkvSyd29tcHiC,UF: University of Florida,Q3_ALL,1,1,0.9889810085296631
R_3oTSWTFZonif9sg,UF: University of Florida,Q3_ALL,1,1,0.9969712495803833
R_5H7CywyEpUOkyCH,UF: University of Florida,Q3_ALL,2,2,0.9940405488014221
R_13gEP2HpJoafLRB,UF: University of Florida,Q3_ALL,1,2,0.9065161943435669
R_5qPFX2bXNTcAxzj,UF: University of Florida,Q3_ALL,1,1,0.9970552921295166
R_5hQyZe0z9plMVC9,UF: University of Florida,Q3_ALL,1,1,0.9971231818199158
R_5nq4TcG2zFP1C1q,UF: University of Florida,Q3_ALL,1,1,0.9971911311149597
R_3JJXaisz3C85Yj3,UF: University of Florida,Q3_ALL,1,1,0.9957125186920166
R_2VsBoUFGmZVzg41,UF: University of Florida,Q3_ALL,1,1,0.976536750793457
R_1FJkH2HjaBCL9G7,UF: University of Florida,Q3_ALL,1,2,0.9941878318786621
R_6VKEkUQ7AEAuZo2,UF: University of Florida,Q3_ALL,1,1,0.9971696734428406
R_5hhAWUHIRZDEdfq,UF: University of Florida,Q3_ALL,2,2,0.9939029216766357
R_57BZ0Q1S2b7HK35,UF: University of Florida,Q3_ALL,2,1,0.9962098598480225
R_5DRCY0iOY5md31K,UF: University of Florida,Q3_ALL,1,1,0.9964075684547424
R_5khA2ysidM6gCWJ,UF: University of Florida,Q3_ALL,1,1,0.997025191783905
R_7TVLvCbZyVL0IBr,UF: University of Florida,Q3_ALL,1,1,0.997077465057373
R_5Jk2iOwV4ayvUxU,UF: University of Florida,Q3_ALL,1,1,0.9971728324890137
R_1Pinh7R2Fw6F3F2,UF: University of Florida,Q3_ALL,1,2,0.9903762936592102
R_31GVm5VnXQK4T7K,UF: University of Florida,Q3_ALL,2,1,0.9959088563919067
R_68HOK2Rwsm0zuc9,UF: University of Florida,Q3_ALL,1,2,0.9919038414955139
R_6Lea9gPVW2r5g1j,UF: University of Florida,Q3_ALL,1,1,0.9962933659553528
R_7cXJBMt1cmpLOL8,UF: University of Florida,Q3_ALL,1,1,0.9964337348937988
R_12QicaNNttjblaN,UF: University of Florida,Q3_ALL,1,1,0.9960564374923706
R_1fwz3hjct5bn9jX,UF: University of Florida,Q3_ALL,1,1,0.9792277216911316
R_3Oy65C7brWGhtUE,UF: University of Florida,Q3_ALL,0,1,0.996698260307312
R_5QuINK0SBWNTKKN,UF: University of Florida,Q3_ALL,1,1,0.9970893263816833
R_1TAx5HnKJqGe5gM,UF: University of Florida,Q3_ALL,1,1,0.995161235332489
R_1DHkJF4InRXNfZ2,UF: University of Florida,Q3_ALL,2,2,0.9951366782188416
R_3Ed16VR1KryQo9a,UF: University of Florida,Q3_ALL,2,1,0.9959583878517151
R_7TSihQRIZur3cLC,UF: University of Florida,Q3_ALL,1,2,0.9923604130744934
R_7F5mGPCe4saP45r,UF: University of Florida,Q3_ALL,1,1,0.9963011741638184
R_3dimpMg1jEAsxH3,UF: University of Florida,Q3_ALL,1,1,0.9969484210014343
R_5Lh40mM3DJ1nF6Y,,Q3_ALL,1,1,0.996293842792511
R_6Qs0dv8gfHzdIQx,UF: University of Florida,Q3_ALL,1,1,0.9965566396713257
R_6rYAgNzjCWP5uhP,UF: University of Florida,Q3_ALL,0,1,0.9896152019500732
R_1GZZmrQBMcFdjgW,"UCSB: University of California, Santa Barbara",Q3_ALL,2,2,0.9949953556060791
R_60uz5mm0qL1IOAx,"UCSB: University of California, Santa Barbara",Q3_ALL,1,1,0.9970165491104126
R_5zSxa9lQ6vbmm8G,"UCSB: University of California, Santa Barbara",Q3_ALL,2,1,0.993806004524231
R_3P0MDAIgSkB2hOw,"UCSB: University of California, Santa Barbara",Q3_ALL,1,1,0.9290710687637329
R_5SrYvCHgzPdpID7,"UCSB: University of California, Santa Barbara",Q3_ALL,1,2,0.9404615163803101
R_18YgzR8yYhZ3Anm,"UCSB: University of California, Santa Barbara",Q3_ALL,1,1,0.9635310173034668
R_1mfXQccBAXL2qFU,"UCSB: University of California, Santa Barbara",Q3_ALL,1,1,0.9964683055877686
R_3BnfjstK0APDBlh,"UCSB: University of California, Santa Barbara",Q3_ALL,1,1,0.997089684009552
R_1wgjZ9mK8Z9zU7D,"UCSB: University of California, Santa Barbara",Q3_ALL,2,2,0.994768500328064
R_5GUgg2JOX5tD0d3,"UCSB: University of California, Santa Barbara",Q3_ALL,1,2,0.9929631352424622
R_1eixBtY8H3ej83f,"UCSB: University of California, Santa Barbara",Q3_ALL,1,1,0.9969552755355835
R_1xJQS4UgVzdljy1,"UCSB: University of California, Santa Barbara",Q3_ALL,1,2,0.9865505695343018
R_5riZRCrmg7LuwIS,"UCSB: University of California, Santa Barbara",Q3_ALL,1,1,0.9966157078742981
R_6MNbXjI0n5gXLJw,"UCSB: University of California, Santa Barbara",Q3_ALL,2,1,0.9951674938201904
R_7ZZHBOz1XH2AcOV,"UCSB: University of California, Santa Barbara",Q3_ALL,1,1,0.9967420697212219
R_6OYNpYeNgYGN5Cu,"UCSB: University of California, Santa Barbara",Q3_ALL,2,1,0.9970965385437012
R_7fXrRFetdF9M9A5,"UCSB: University of California, Santa Barbara",Q3_ALL,2,2,0.9950323104858398
R_1rU78uwsVrcY1pv,"UCSB: University of California, Santa Barbara",Q3_ALL,1,1,0.996747612953186
R_79jvmZxdJxGQD1n,"UCSB: University of California, Santa Barbara",Q3_ALL,1,1,0.9964233040809631
R_7qaFxMa4daxkMgY,"UCSB: University of California, Santa Barbara",Q3_ALL,1,1,0.9965904951095581
R_3aFggcKG0B3JH9W,"UCSB: University of California, Santa Barbara",Q3_ALL,1,1,0.9972374439239502
R_5AYExmwPy8Syk5j,"UCSB: University of California, Santa Barbara",Q3_ALL,0,1,0.9956681728363037
R_5JrYsaHlRReiRCp,"UCSB: University of California, Santa Barbara",Q3_ALL,1,1,0.9971291422843933
R_1qJONcTM1qobaj7,"UCSB: University of California, Santa Barbara",Q3_ALL,1,1,0.9972744584083557
R_1pS6zvvENTI795r,"UCSB: University of California, Santa Barbara",Q3_ALL,1,1,0.9961814880371094
R_7lxiZJFf1f5LoeY,"UCSB: University of California, Santa Barbara",Q3_ALL,0,1,0.9899251461029053
R_1MgDGH9N6uPQ0QF,"UCSB: University of California, Santa Barbara",Q3_ALL,1,1,0.9966424703598022
R_1l64W7aJGYyrmkz,"UCSB: University of California, Santa Barbara",Q3_ALL,2,2,0.9852014183998108
R_5hQROw89sqXdibn,"UCSB: University of California, Santa Barbara",Q3_ALL,1,1,0.9972346425056458
R_3RyLI9RDQjcbhrE,UF: University of Florida,Q4_UF,1,1,0.9975747466087341
R_7gbRRQXt5Jg6ezu,UF: University of Florida,Q4_UF,1,1,0.9977003931999207
R_1frzvJIGKcm6Fdx,UF: University of Florida,Q4_UF,0,0,0.9985331296920776
R_1amUGgfsJzfvYZ3,UF: University of Florida,Q4_UF,1,1,0.9967654943466187
R_1WMAo0ilmhZwzPp,UF: University of Florida,Q4_UF,1,1,0.997164785861969
R_3kUbaBUkaZ8Wffz,UF: University of Florida,Q4_UF,1,1,0.9971997737884521
R_5ZV6wBdT3f4a1lD,UF: University of Florida,Q4_UF,0,0,0.9983552098274231
R_72P9s5pldZY7MZ5,UF: University of Florida,Q4_UF,1,1,0.9975032210350037
R_1eNX389YIbM0sz7,UF: University of Florida,Q4_UF,1,1,0.996726393699646
R_6GxkH2Bd6CVPWUV,Other university:,Q4_UF,0,1,0.9924054741859436
R_4aqOq6LqHnf1fBo,UF: University of Florida,Q4_UF,1,1,0.9933104515075684
R_7hF9HRViA6LJDlB,UF: University of Florida,Q4_UF,1,1,0.9975340366363525
R_7cBfO9vJx5xUPb3,UF: University of Florida,Q4_UF,1,0,0.9982404708862305
R_6KTo9GL1PyhZJ25,UF: University of Florida,Q4_UF,0,1,0.9791503548622131
R_3dKrxU8SJv9jCJj,UF: University of Florida,Q4_UF,1,1,0.9974527955055237
R_5azDcJdFE7K9zUZ,UF: University of Florida,Q4_UF,2,2,0.9914416670799255
R_7VnQjEJ14Cvbk3L,UF: University of Florida,Q4_UF,1,1,0.9964824914932251
R_52m7mNidFq6neal,UF: University of Florida,Q4_UF,1,1,0.997168242931366
R_5OOybiSNaayy99G,UF: University of Florida,Q4_UF,0,1,0.9974931478500366
R_50xjAyrFzqStbVv,UF: University of Florida,Q4_UF,1,1,0.9968756437301636
R_1sbRqW4HqGTHTMx,UF: University of Florida,Q4_UF,2,1,0.9962834715843201
R_3DT3T2GoiRO6qIy,UF: University of Florida,Q4_UF,0,0,0.9986528158187866
R_5C8x63mMeNXYKYC,UF: University of Florida,Q4_UF,0,1,0.9726152420043945
R_3aRkisuTYaAsICH,UF: University of Florida,Q4_UF,1,1,0.9961739182472229
R_530VWztACdYCbZZ,UF: University of Florida,Q4_UF,0,1,0.995876669883728
R_3G6UGLsnHyfovVs,UF: University of Florida,Q4_UF,0,2,0.9908300638198853
R_3fjTegG7Pv2DgHN,UF: University of Florida,Q4_UF,1,1,0.5257936120033264
R_19n9m31ndWGtUgz,UF: University of Florida,Q4_UF,1,1,0.9903297424316406
R_6aDTJDxbCPNnwNX,UF: University of Florida,Q4_UF,0,0,0.9985901713371277
R_3q9IPfUX1mDj3Kj,UF: University of Florida,Q4_UF,1,1,0.9968865513801575
R_55VhUu4mER1RK0h,UF: University of Florida,Q4_UF,2,2,0.9916197061538696
R_1bjarNpgI5oIW0F,UF: University of Florida,Q4_UF,1,1,0.9973984956741333
R_3I0uQM1Bclv6efn,UF: University of Florida,Q4_UF,1,1,0.9963262677192688
R_387SZJMhGBGWE7f,UF: University of Florida,Q4_UF,1,1,0.9976149797439575
R_6MaFU0Mt3he6x1S,UF: University of Florida,Q4_UF,0,0,0.9972864389419556
R_5EzYZurMDe3u1OK,UF: University of Florida,Q4_UF,1,1,0.99759441614151
R_194cmNDaTEBG6hc,UF: University of Florida,Q4_UF,1,1,0.9974530339241028
R_6rjZskfVdMiXZEk,UF: University of Florida,Q4_UF,1,1,0.9974207878112793
R_7us8yZ2pmTMBrnJ,UF: University of Florida,Q4_UF,1,1,0.9976515173912048
R_3r0u3oa9WivB0ol,UF: University of Florida,Q4_UF,1,1,0.997022807598114
R_7hz3TGHNfQKnZv7,UF: University of Florida,Q4_UF,1,0,0.9960333704948425
R_7EuEEd8qK0xcXFp,UF: University of Florida,Q4_UF,0,0,0.9986605644226074
R_6CaxLdmKICPf6im,UF: University of Florida,Q4_UF,1,1,0.8722692131996155
R_7doH3zqHsgIzP2H,UF: University of Florida,Q4_UF,1,1,0.9924659729003906
R_3laeVpDzKUn9GAa,UF: University of Florida,Q4_UF,1,1,0.9974483251571655
R_77VeoXQ1JBYRJwg,UF: University of Florida,Q4_UF,1,1,0.9975528120994568
R_17CemYhVsYIsBWP,UF: University of Florida,Q4_UF,0,0,0.998405396938324
R_1GoQQb3KTLb1sLT,UF: University of Florida,Q4_UF,0,1,0.557422935962677
R_3i3FpIJYcJUvJom,UF: University of Florida,Q4_UF,1,1,0.9970222115516663
R_7mmGbtCGz2alowj,UF: University of Florida,Q4_UF,1,1,0.9977602958679199
R_1Kr7cguKL9fTCsV,UF: University of Florida,Q4_UF,0,0,0.9986779093742371
R_5mCGjFVnCd1DY5P,UF: University of Florida,Q4_UF,1,1,0.9974810481071472
R_5AoZVEgcVVa7j7b,UF: University of Florida,Q4_UF,1,1,0.9554480910301208
R_374oMmtTMsCIqVq,UF: University of Florida,Q4_UF,1,1,0.9977532029151917
R_1Jr5fn8g96WKaks,UF: University of Florida,Q4_UF,2,2,0.9915777444839478
R_5U36oQyM120JVW9,UF: University of Florida,Q4_UF,1,1,0.9973946809768677
R_3oAfn6fHhfRkM5l,UF: University of Florida,Q4_UF,1,1,0.9977242350578308
R_5uPeoXoLBxHOHLD,UF: University of Florida,Q4_UF,1,1,0.9972473978996277
R_7H2eeGOMpxea0Bd,UF: University of Florida,Q4_UF,0,1,0.9967120885848999
R_7hZr8DN6RDftdS3,UF: University of Florida,Q4_UF,1,1,0.9974341988563538
R_7JEP0j91jhRWOo8,UF: University of Florida,Q4_UF,0,0,0.9986715316772461
R_1QJFbQGqVer4vOR,UF: University of Florida,Q4_UF,1,1,0.9964929223060608
R_3qvmbeRuFBpJeiR,UF: University of Florida,Q4_UF,1,1,0.9975454211235046
R_19tEx0IlIVBNH8V,MSU: Michigan State University,Q1_MSU,0,0,0.993269145488739
R_6vcAlSSwhoQXhLa,MSU: Michigan State University,Q1_MSU,1,0,0.8944836258888245
R_5UhFR4lrI5AKGKL,MSU: Michigan State University,Q1_MSU,1,1,0.9851952195167542
R_7tfHvEpkMpgg67K,MSU: Michigan State University,Q1_MSU,1,1,0.9799262881278992
R_5IhIKo9TNBq7xNA,MSU: Michigan State University,Q1_MSU,1,1,0.9351611733436584
R_5lQxGHDUgvIYRDa,MSU: Michigan State University,Q1_MSU,1,1,0.8654271364212036
R_5YVCIqz9N3Cwij9,MSU: Michigan State University,Q1_MSU,2,1,0.9775558114051819
R_1BtXCXyIyt6MDWX,MSU: Michigan State University,Q1_MSU,2,2,0.9952242374420166
R_1rm8D49z3xF4XkJ,MSU: Michigan State University,Q1_MSU,2,2,0.9934802055358887
R_7wFKEkYniABHIqd,MSU: Michigan State University,Q1_MSU,0,0,0.7000857591629028
R_1jeO6ETiYy13jD3,MSU: Michigan State University,Q1_MSU,1,0,0.9757900834083557
R_1agEFbNVBD6uzGe,MSU: Michigan State University,Q1_MSU,0,0,0.9889712929725647
R_5BkTixjCXyzYtHu,MSU: Michigan State University,Q1_MSU,1,1,0.9086142778396606
R_3CE1L908LIUocDW,MSU: Michigan State University,Q1_MSU,2,2,0.9938685297966003
R_1DMbMvqPxhTzWNe,MSU: Michigan State University,Q1_MSU,1,2,0.9589169025421143
R_17s798cC9h8FRki,MSU: Michigan State University,Q1_MSU,0,0,0.9864904880523682
R_1meCY7kthgrePKT,MSU: Michigan State University,Q1_MSU,1,0,0.5775877833366394
R_1m9MBFAHoRbnvfN,MSU: Michigan State University,Q1_MSU,2,1,0.9084107279777527
R_5lsD4p3f3OeQhZT,MSU: Michigan State University,Q1_MSU,0,0,0.9826236367225647
R_7DvVgtggHS3dbm8,MSU: Michigan State University,Q1_MSU,0,0,0.9202632308006287
R_6CjfUSFtEftxcwO,MSU: Michigan State University,Q1_MSU,0,0,0.990393340587616
R_1j7zKx3TXC3Ld6l,MSU: Michigan State University,Q1_MSU,2,2,0.839755117893219
R_7chLfHyy4XXe1kF,MSU: Michigan State University,Q1_MSU,1,1,0.9709737300872803
R_7lPNlUEcQETn8nE,MSU: Michigan State University,Q1_MSU,2,2,0.9910299777984619
R_5Cm17waXEih6MZC,MSU: Michigan State University,Q1_MSU,2,2,0.9945607781410217
R_7TsJhxe0dEv7JjX,MSU: Michigan State University,Q1_MSU,2,1,0.9474805593490601
R_1fzjwawLnvTpdGp,MSU: Michigan State University,Q1_MSU,0,0,0.9830805659294128
R_5e32LeyvTWcvbJb,MSU: Michigan State University,Q1_MSU,0,0,0.988365888595581
R_7eXbzc2vsEubBmC,MSU: Michigan State University,Q1_MSU,0,0,0.9894948601722717
R_6pu96hTPG4w27Ya,MSU: Michigan State University,Q1_MSU,0,0,0.981360673904419
R_52eUJCiF01dSY5l,MSU: Michigan State University,Q1_MSU,2,2,0.9948161244392395
R_5psehyJKqnOcdiC,MSU: Michigan State University,Q1_MSU,1,0,0.9880821704864502
R_3dGnGXtj0MQnP2N,MSU: Michigan State University,Q1_MSU,0,0,0.9893519282341003
R_67lmmYaOGVP6QKJ,MSU: Michigan State University,Q1_MSU,2,1,0.9132850170135498
R_7ZIlOE5FzmpApd7,MSU: Michigan State University,Q1_MSU,1,1,0.9905683398246765
R_6b34MoBcNRExhtM,MSU: Michigan State University,Q1_MSU,2,2,0.9942126870155334
R_1QWnCTxWIr04gMy,MSU: Michigan State University,Q1_MSU,1,1,0.9896676540374756
R_3C3Bm5ZMywtzKyI,MSU: Michigan State University,Q1_MSU,1,1,0.9898686408996582
R_5YJ8CmjWo8M7riH,MSU: Michigan State University,Q1_MSU,2,2,0.9944327473640442
R_1fo8NB372yMfRi9,MSU: Michigan State University,Q1_MSU,1,1,0.9818499684333801
R_1oRycWMVxXgMf1D,MSU: Michigan State University,Q1_MSU,1,1,0.9539504647254944
R_5bTe2dZpSNpnLUH,MSU: Michigan State University,Q1_MSU,1,0,0.989247739315033
R_6aHbdx8DbPWX2o1,MSU: Michigan State University,Q1_MSU,1,1,0.9871494174003601
R_3q8lv8GpiN7JxGY,MSU: Michigan State University,Q1_MSU,1,1,0.6667661666870117
R_7xY4UYjGehI21Tj,Other university:,Q1_MSU,0,0,0.9890373349189758
R_1Tv4h5bH90f7201,MSU: Michigan State University,Q1_MSU,2,2,0.8049378395080566
R_30dilDvpebAsbZ3,MSU: Michigan State University,Q1_MSU,2,1,0.6625582575798035
R_3j7MKTJmiDBxCBZ,MSU: Michigan State University,Q1_MSU,0,0,0.9872272610664368
R_6jeWoVEik4uzfed,MSU: Michigan State University,Q1_MSU,1,1,0.9797670841217041
R_789lZ44I8GNshCp,MSU: Michigan State University,Q1_MSU,1,0,0.7477238178253174
R_17Axba25LsE6lpf,MSU: Michigan State University,Q1_MSU,2,1,0.9810546636581421
R_6HXoFnEtZW84alh,MSU: Michigan State University,Q1_MSU,1,1,0.969057559967041
R_6NMWs4jKOc3T0cx,MSU: Michigan State University,Q1_MSU,2,1,0.9814813137054443
R_2C7a6FE6pRIaLB2,MSU: Michigan State University,Q1_MSU,0,0,0.976138710975647
R_69bGELW1Qj9JBID,MSU: Michigan State University,Q1_MSU,2,2,0.9921700358390808
R_11tiWnKGBHF8yEp,MSU: Michigan State University,Q1_MSU,0,0,0.5712965130805969
R_1lRFXdA2dB3DqpF,MSU: Michigan State University,Q1_MSU,1,1,0.98939448595047
R_1QEzZDccA9Iixot,MSU: Michigan State University,Q1_MSU,1,2,0.6573493480682373
R_6PmLjl86KRNDN0L,MSU: Michigan State University,Q1_MSU,0,0,0.988867461681366
R_51TvTMSnlBiGSEH,MSU: Michigan State University,Q1_MSU,1,0,0.9858002662658691
R_1wO2xWINZnv2Pgl,MSU: Michigan State University,Q1_MSU,2,1,0.9774379730224609
R_6Q9KoRZ7sZZ8NGp,MSU: Michigan State University,Q1_MSU,0,0,0.991805911064148
R_7tFQjBRZdB9KfQQ,MSU: Michigan State University,Q1_MSU,1,1,0.7539821863174438
R_1pGWBlQP1LjpIRD,MSU: Michigan State University,Q1_MSU,0,0,0.9824495315551758
R_7OFVTZ7thIcJPxv,MSU: Michigan State University,Q1_MSU,0,0,0.9817177057266235
R_7dgFn8leOiBN1mW,MSU: Michigan State University,Q1_MSU,1,1,0.9588652849197388
R_5ayGN5KL5L04WAO,MSU: Michigan State University,Q1_MSU,2,1,0.9262036681175232
R_6qe9NmVyIJzV2i3,MSU: Michigan State University,Q1_MSU,0,0,0.9880406260490417
R_3dzc7VkYIAp0VHI,MSU: Michigan State University,Q1_MSU,1,1,0.9917420148849487
R_73eOykd4EqFBS25,MSU: Michigan State University,Q1_MSU,1,1,0.9933765530586243
R_1T6yaKnueg8tnxf,MSU: Michigan State University,Q1_MSU,2,1,0.9910346865653992
R_6FrQtrmoVaaxdId,MSU: Michigan State University,Q1_MSU,2,1,0.9843562245368958
R_7cc1JsNod7ZNH1W,MSU: Michigan State University,Q1_MSU,2,1,0.9447357058525085
R_7ZBnBzXC68XmLlU,MSU: Michigan State University,Q1_MSU,1,1,0.567393958568573
R_7kifvEpHn26FFIu,MSU: Michigan State University,Q1_MSU,1,0,0.9877391457557678
R_3GuMHkdg3NoJHk4,MSU: Michigan State University,Q1_MSU,2,2,0.9948321580886841
R_71m6ZA3ErbEozEB,MSU: Michigan State University,Q1_MSU,1,2,0.9925528168678284
R_52Ajg1tXkBQUBps,MSU: Michigan State University,Q1_MSU,2,1,0.9921568632125854
R_54yOQkO6RV2Fu0h,MSU: Michigan State University,Q1_MSU,1,1,0.9871707558631897
R_1YsoX5C6He2Qeir,MSU: Michigan State University,Q1_MSU,1,0,0.9895560145378113
R_3M3Zm5yjwqX9akQ,MSU: Michigan State University,Q1_MSU,2,1,0.9808370471000671
R_6fxHZZcshthrGPz,MSU: Michigan State University,Q1_MSU,2,1,0.9790986776351929
R_17qxdEPBdi4joyF,MSU: Michigan State University,Q1_MSU,2,1,0.718054473400116
R_32z6JyqPQy2wJw0,MSU: Michigan State University,Q1_MSU,2,1,0.8722239136695862
R_51hcWetTrG30ApU,MSU: Michigan State University,Q1_MSU,0,0,0.9883214831352234
R_6YJ2p5IGZvRIWPO,MSU: Michigan State University,Q1_MSU,0,0,0.9710822105407715
R_6CODF2HlF4R8vxz,MSU: Michigan State University,Q1_MSU,1,1,0.9855092167854309
R_5gFKZYh7zJyXN5I,MSU: Michigan State University,Q1_MSU,0,0,0.986241340637207
R_7w1gunUa80rCwWH,MSU: Michigan State University,Q1_MSU,1,1,0.9779483079910278
R_6zG4W7UthFr0BgN,MSU: Michigan State University,Q1_MSU,2,1,0.9219507575035095
R_5n1lY7j4HFLPNOS,MSU: Michigan State University,Q1_MSU,0,0,0.7794177532196045
R_1iFjw4vp82mAjI5,MSU: Michigan State University,Q1_MSU,2,2,0.956197202205658
R_7J8eQPwCdblwg0h,MSU: Michigan State University,Q1_MSU,1,1,0.9447416067123413
R_1az7bNg8eTEeP4e,MSU: Michigan State University,Q1_MSU,1,1,0.8341040015220642
R_3Ic2aKYvTI6OVxN,MSU: Michigan State University,Q1_MSU,1,0,0.9908367395401001
R_63314s0wC3IOZ9o,MSU: Michigan State University,Q1_MSU,2,1,0.9855144023895264
R_5TZvZEwxhYamuhT,MSU: Michigan State University,Q1_MSU,1,0,0.6443313360214233
R_6ToR14DeaA2Xta7,MSU: Michigan State University,Q1_MSU,1,1,0.9717826843261719
R_5lkjZbE7yI7XmW5,MSU: Michigan State University,Q1_MSU,0,0,0.960633397102356
R_1A0ghqBeeBzvAEF,MSU: Michigan State University,Q1_MSU,0,0,0.9889916181564331
R_5CWD0JuSVBYdLbz,,Q1_MSU,2,2,0.9342002272605896
R_3fVln2uZvaEbPps,MSU: Michigan State University,Q1_MSU,1,1,0.5960604548454285
R_3Hp4CKqOpYfb5GQ,MSU: Michigan State University,Q1_MSU,1,1,0.9889758825302124
R_1dW3mjRwl7Dnyz4,,Q1_MSU,1,1,0.983698844909668
R_1a6Uy1bSM2zTlJf,,Q1_MSU,1,1,0.9689297080039978
R_6zVcry4HBGmGiub,,Q1_MSU,1,1,0.9869966506958008
R_7CxrZywo1NiI2xM,,Q1_MSU,0,0,0.9922568798065186
R_30hRkVmLMLsCKT6,,Q1_MSU,1,2,0.8683918714523315
R_5gx3VvkYEuzdKw1,,Q1_MSU,1,0,0.6296539306640625
R_6YmGJfiTeuJvmUe,,Q1_MSU,0,1,0.6383168697357178
R_3Ttl7urkH4co1ya,MSU: Michigan State University,Q1_MSU,1,0,0.9906885623931885
R_3FLCereifJOqJHB,MSU: Michigan State University,Q1_MSU,2,1,0.8818578720092773
R_6JIpSn2PHcfYhUM,,Q1_MSU,1,0,0.9860188961029053
R_7RxqiS3ycf5ZYQU,MSU: Michigan State University,Q1_MSU,1,0,0.9901826977729797
R_5aCuI1b8vgFpgUF,MSU: Michigan State University,Q1_MSU,0,0,0.9893829226493835
R_z0WKFPu3tSlNfTH,PSU: Penn State University,Q1_ISU,1,1,0.9920316934585571
R_1l66GdLrB7XNWi8,PSU: Penn State University,Q2_PSU,0,2,0.9583966135978699
R_1l66GdLrB7XNWi8,PSU: Penn State University,Q1_ISU,1,1,0.9907682538032532
R_122MwTGfrwca13M,PSU: Penn State University,Q1_UF,1,0,0.9383655786514282
R_1IMiwrU6w54EzAb,PSU: Penn State University,Q1_UF,1,2,0.6498130559921265
R_3m1RkofpSZV7zDq,PSU: Penn State University,Q1_PSU,0,0,0.9987999200820923
R_3m1RkofpSZV7zDq,PSU: Penn State University,Q1_ISU,0,1,0.991579532623291
R_2sXOrFPe5l9cPzS,PSU: Penn State University,Q1_ISU,1,1,0.9919883012771606
R_29aC8tkvlW0QaXr,PSU: Penn State University,Q1_UF,2,2,0.9911046624183655
R_u3PvJY8fkffI8lr,PSU: Penn State University,Q2_PSU,1,0,0.914532482624054
R_1NlZV6fqxd7X6RC,PSU: Penn State University,Q2_PSU,0,0,0.6174147725105286
R_1NlZV6fqxd7X6RC,PSU: Penn State University,Q1_ISU,1,1,0.9925615191459656
R_3HIelPHxMjfwJIG,PSU: Penn State University,Q2_PSU,0,0,0.9989032745361328
R_2wv3wZ92MoN3E9r,PSU: Penn State University,Q1_UF,1,1,0.969636082649231
R_ufVESZoR2NL6zyp,PSU: Penn State University,Q1_UF,2,1,0.5527312755584717
R_12hAt7ATgO0RA7n,PSU: Penn State University,Q1_ISU,1,1,0.9922924041748047
R_2AKVGvqdMi8YZIX,PSU: Penn State University,Q1_PSU,0,0,0.9988069534301758
R_066oxvWqpfj5zeF,PSU: Penn State University,Q1_PSU,1,0,0.9986055493354797
R_3eeGjx3cWvJPnPg,PSU: Penn State University,Q2_PSU,2,0,0.9970912933349609
R_3GwfzwDw9ksWr7z,PSU: Penn State University,Q1_ISU,1,1,0.9913190007209778
R_0ohthSKuNkgV2Lv,PSU: Penn State University,Q1_UF,1,0,0.5820434093475342
R_vYRbJXOKzSB5G6Z,PSU: Penn State University,Q2_PSU,2,2,0.991385817527771
R_vq9QSu4nEAA7MIh,PSU: Penn State University,Q1_ISU,1,1,0.9919549822807312
R_29aIk5M1NErQxNy,PSU: Penn State University,Q1_UF,1,1,0.9873900413513184
R_xFz8K2qaW2iGMYF,PSU: Penn State University,Q1_UF,2,2,0.8857343792915344
R_PYbhWcT1jydZkKB,PSU: Penn State University,Q2_PSU,1,1,0.5638706088066101
R_3OpifydsCbosVPk,PSU: Penn State University,Q1_UF,1,1,0.9688556790351868
R_6mT10RbD4ZTvqMx,PSU: Penn State University,Q1_ISU,1,1,0.9913643598556519
R_OORuNdZxlYhY0RX,PSU: Penn State University,Q2_PSU,2,0,0.9922494888305664
R_3NRh2LK4sspKgog,PSU: Penn State University,Q1_ISU,1,1,0.9921150803565979
R_21G0isU2CU5xWLh,PSU: Penn State University,Q1_ISU,1,1,0.991187572479248
R_2e8CvnZxppcxIm9,PSU: Penn State University,Q2_PSU,2,2,0.9944256544113159
R_1LqIK0FPG1RKB5t,PSU: Penn State University,Q1_ISU,1,1,0.992331862449646
R_3MtXkjSjfcHjRFC,PSU: Penn State University,Q2_PSU,1,2,0.9896723031997681
R_10UwOszxjni8RCt,PSU: Penn State University,Q1_PSU,0,0,0.9988172650337219
R_s6kxyXppo1xYqDn,PSU: Penn State University,Q1_PSU,0,0,0.9984424710273743
R_1LdkJxKT92vgBu0,PSU: Penn State University,Q2_PSU,1,0,0.4401891529560089
R_1LdkJxKT92vgBu0,PSU: Penn State University,Q1_UF,1,1,0.9734688401222229
R_2OSB6YgbltBIuPM,PSU: Penn State University,Q1_UF,2,2,0.8994984030723572
R_3Jq3xnd83NbmhtV,PSU: Penn State University,Q2_PSU,0,0,0.9984585046768188
R_264703U4ayWfIXr,PSU: Penn State University,Q1_ISU,1,1,0.9891992211341858
R_1DVgccj3uXDvjMm,PSU: Penn State University,Q1_ISU,1,1,0.9916853904724121
R_2BzBclV5NaxDv1p,PSU: Penn State University,Q1_PSU,2,2,0.9714481234550476
R_1FkS5YJy8Y5aL6w,PSU: Penn State University,Q1_UF,2,2,0.9829045534133911
R_1IXYMKhTr5iXFbL,PSU: Penn State University,Q2_PSU,0,0,0.9986458420753479
R_2fycQm7V284mc9R,PSU: Penn State University,Q1_PSU,0,0,0.9987801909446716
R_2fycQm7V284mc9R,PSU: Penn State University,Q2_PSU,0,0,0.9983187913894653
R_2sTLIBtWJCWPCXb,PSU: Penn State University,Q1_PSU,0,0,0.9977477192878723
R_1GQNxNb6PnCT4c1,PSU: Penn State University,Q1_ISU,1,1,0.9914313554763794
R_sYwkzjs7HGM6EcF,PSU: Penn State University,Q1_ISU,1,1,0.9914313554763794
R_3rzeTM8x9tdbFlL,PSU: Penn State University,Q2_PSU,0,0,0.9988528490066528
R_2bPkSoIazSetnIm,PSU: Penn State University,Q1_UF,2,1,0.9240244626998901
R_3j1bbFwuxfuOoGF,PSU: Penn State University,Q1_PSU,0,0,0.9987982511520386
R_3j1bbFwuxfuOoGF,PSU: Penn State University,Q2_PSU,0,0,0.7993066310882568
R_2WSzYG18YEdmZU3,PSU: Penn State University,Q2_PSU,0,0,0.998930037021637
R_3MDPBtHmsFd8Cy8,PSU: Penn State University,Q1_UF,1,2,0.4628407061100006
R_1o0fOxcpDDM4zAa,PSU: Penn State University,Q1_PSU,0,1,0.9930580854415894
R_3rGOAFarAkjrOPA,PSU: Penn State University,Q1_PSU,0,0,0.9987404942512512
R_u7TVSAJ35KqVspH,PSU: Penn State University,Q1_ISU,2,2,0.9889211654663086
R_5A6ueXUACckyJaN,PSU: Penn State University,Q1_PSU,0,0,0.9988640546798706
R_2tA0FQYOB28BoiU,PSU: Penn State University,Q1_UF,2,2,0.9876468181610107
R_1esiGbza5Thh6Qv,PSU: Penn State University,Q1_PSU,0,0,0.998881995677948
R_4Txwj1Z8mF7s85X,PSU: Penn State University,Q2_PSU,1,2,0.9750767946243286
R_9QAP4Iv1vCc9wt3,PSU: Penn State University,Q1_PSU,0,0,0.9987009763717651
R_3oHjMkrbuvCxSDv,PSU: Penn State University,Q1_PSU,0,0,0.9985203146934509
R_3oHjMkrbuvCxSDv,PSU: Penn State University,Q2_PSU,0,0,0.9981467723846436
R_3CLwcVOq4Xm1MZ3,PSU: Penn State University,Q1_PSU,1,1,0.9418013095855713
R_3CLwcVOq4Xm1MZ3,PSU: Penn State University,Q1_ISU,1,1,0.9921613335609436
R_20UJyZdtiuT8vjx,PSU: Penn State University,Q1_UF,2,2,0.988054096698761
R_W3d0tF3CHh8NxPb,PSU: Penn State University,Q1_UF,1,1,0.9904752373695374
R_3LZHZe13wf1Xzzb,PSU: Penn State University,Q2_PSU,2,1,0.46824201941490173
R_2w7DTUIvhUck9ZD,PSU: Penn State University,Q2_PSU,2,2,0.9823499917984009
R_1LnS7oLQqusIsTw,PSU: Penn State University,Q1_UF,1,1,0.9946222305297852
R_1IKwytqUs3LKOLa,PSU: Penn State University,Q1_ISU,1,1,0.9905422329902649
R_3GAFbni007wYCAU,PSU: Penn State University,Q1_PSU,0,0,0.9986417889595032
R_OdHBEPbi4Bc3k8V,PSU: Penn State University,Q1_ISU,1,1,0.9921248555183411
R_2YMnSlJ2KDI9y1r,PSU: Penn State University,Q1_PSU,0,0,0.9988890290260315
R_2YMnSlJ2KDI9y1r,PSU: Penn State University,Q1_ISU,2,2,0.9914108514785767
R_2v5POPIxcqguirO,PSU: Penn State University,Q2_PSU,2,2,0.9934537410736084
R_2v5POPIxcqguirO,PSU: Penn State University,Q1_ISU,2,2,0.9920299053192139
R_1cUGtsOcx37eqv6,PSU: Penn State University,Q1_PSU,1,1,0.994252622127533
R_Aui5ymXBPwD3pPH,PSU: Penn State University,Q1_ISU,1,1,0.9906169772148132
R_8eJ3aTwMlzWRNkd,PSU: Penn State University,Q1_PSU,1,1,0.9666581153869629
R_2691iXQox1fb654,PSU: Penn State University,Q1_UF,2,2,0.9813397526741028
R_3EAMEnHKQ6fJBQ5,PSU: Penn State University,Q2_PSU,0,0,0.9989126920700073
R_27D91lHPQEcZufZ,PSU: Penn State University,Q2_PSU,0,2,0.6977025270462036
R_27D91lHPQEcZufZ,PSU: Penn State University,Q1_UF,2,2,0.7525812983512878
R_1ouLvUC0RCWpDCA,PSU: Penn State University,Q1_UF,1,1,0.9926636219024658
R_3rZzcYci6UVbWN3,PSU: Penn State University,Q1_UF,1,1,0.9846801161766052
R_2b0H0bcLUXjhwSG,PSU: Penn State University,Q1_PSU,0,0,0.9986783862113953
R_2xzdrvsBpMXmi9C,PSU: Penn State University,Q1_UF,2,2,0.9909451007843018
R_DOvncP7cS2avQIx,PSU: Penn State University,Q2_PSU,2,2,0.9953125715255737
R_UyjlbEOI959NGpz,PSU: Penn State University,Q1_ISU,2,1,0.9915709495544434
R_32Kmp5dZ0y3EQ0P,PSU: Penn State University,Q1_ISU,2,2,0.9932006001472473
R_3hz4mpvs3jbTkPx,PSU: Penn State University,Q1_ISU,2,1,0.991908848285675
R_Qm2ScsTgFjL2Rkl,PSU: Penn State University,Q1_UF,1,1,0.96494460105896
R_1mwlYTN4hjQ6J9M,PSU: Penn State University,Q2_PSU,2,2,0.9875386953353882
R_1mwlYTN4hjQ6J9M,PSU: Penn State University,Q1_UF,2,1,0.8390292525291443
R_SZAfcLgNCkdt7Nv,PSU: Penn State University,Q1_PSU,0,0,0.9944965243339539
R_SZAfcLgNCkdt7Nv,PSU: Penn State University,Q1_ISU,1,1,0.9922385811805725
R_OH9kmxra9NUcBUt,PSU: Penn State University,Q1_PSU,0,0,0.5074024200439453
R_1E0AWrSJc9uHZZK,PSU: Penn State University,Q1_PSU,0,0,0.9986764788627625
R_XHsQQKvRjkE4jp7,PSU: Penn State University,Q1_PSU,0,0,0.9988011121749878
R_11ZSlGdTcRG32gt,PSU: Penn State University,Q2_PSU,0,0,0.9988992214202881
R_1FRkCc67CEMoyqf,PSU: Penn State University,Q1_UF,2,1,0.9757245182991028
R_2pM1h0Jl22vQgvU,PSU: Penn State University,Q1_PSU,1,0,0.9986070990562439
R_31KM0EUmbo0bh9f,PSU: Penn State University,Q1_PSU,0,0,0.9987577199935913
R_31KM0EUmbo0bh9f,PSU: Penn State University,Q1_ISU,1,1,0.9922618865966797
R_3M6uwgz02U3qiWN,PSU: Penn State University,Q1_ISU,1,1,0.7080702781677246
R_2uDt11NpqhwYl9R,PSU: Penn State University,Q1_PSU,0,0,0.9987884163856506
R_2uss1F8RkdoZB52,PSU: Penn State University,Q1_UF,1,1,0.46166756749153137
R_12QrYjPB7QH4JLE,PSU: Penn State University,Q1_ISU,2,2,0.9923990368843079
R_1QabecUoEmsoLQQ,PSU: Penn State University,Q1_UF,1,0,0.9582355618476868
R_22YvpsdWWWR5UZc,PSU: Penn State University,Q1_UF,1,1,0.9950156807899475
R_1oIqQnawnKddlm2,PSU: Penn State University,Q1_UF,2,2,0.9923377633094788
R_abdBM757mHL5Feh,PSU: Penn State University,Q1_ISU,1,1,0.9912880063056946
R_XU62ucC4dii6aqt,PSU: Penn State University,Q2_PSU,2,2,0.9941394329071045
R_XU62ucC4dii6aqt,PSU: Penn State University,Q1_UF,1,1,0.5524186491966248
R_1g8sY5TgQDZznR0,PSU: Penn State University,Q2_PSU,0,1,0.5315569639205933
R_1g8sY5TgQDZznR0,PSU: Penn State University,Q1_UF,2,2,0.982347846031189
R_3QQ41QmUrhPM1fk,PSU: Penn State University,Q2_PSU,0,0,0.9988858103752136
R_3nHmjNeQVru0R56,PSU: Penn State University,Q2_PSU,2,2,0.7879088521003723
R_RIcnzT4O49FwBah,PSU: Penn State University,Q1_UF,0,1,0.8408939242362976
R_31KLOE7TbPhJqOe,PSU: Penn State University,Q1_UF,1,1,0.4762820303440094
R_2X5xu5LHqtF2xlk,PSU: Penn State University,Q1_PSU,0,0,0.9987685084342957
R_3e5p8yFviePVYdq,PSU: Penn State University,Q1_UF,2,2,0.5117806792259216
R_0TZkYvddsVO173P,PSU: Penn State University,Q1_PSU,0,0,0.9983201622962952
R_2YfYUT1xJIjYOxM,PSU: Penn State University,Q1_ISU,0,1,0.991830050945282
R_3IXIPa8GlonCPfb,PSU: Penn State University,Q2_PSU,1,0,0.9962814450263977
R_2e24CoYoj0XyUmY,PSU: Penn State University,Q1_PSU,1,1,0.9943175911903381
R_qvW3mRZEl5DJc2J,PSU: Penn State University,Q1_PSU,0,0,0.9988895058631897
R_qvW3mRZEl5DJc2J,PSU: Penn State University,Q1_ISU,0,1,0.9918930530548096
R_1DHACqvlxddpRtV,PSU: Penn State University,Q1_UF,2,2,0.9801740646362305
R_554Y00rFuX1J1Sx,PSU: Penn State University,Q2_PSU,2,0,0.8391374349594116
R_2wblAk1edMhLoUW,PSU: Penn State University,Q2_PSU,1,1,0.5836815237998962
R_2Y50cuSYlZXoEUF,PSU: Penn State University,Q1_ISU,1,1,0.992202877998352
R_3oNt2B481hbO61p,PSU: Penn State University,Q2_PSU,0,0,0.9976668357849121
R_3MN0lcXcnqY4FAi,PSU: Penn State University,Q1_PSU,0,1,0.9935411214828491
R_2axlNCof4gdr2MA,PSU: Penn State University,Q1_UF,1,1,0.9916080236434937
R_290SaKGlq94q3e8,PSU: Penn State University,Q1_UF,1,0,0.9963732361793518
R_1JRT1VSStf0wERQ,PSU: Penn State University,Q1_PSU,0,0,0.9752140641212463
R_0wA89wHMePjsAet,PSU: Penn State University,Q2_PSU,2,2,0.9877795577049255
R_2ZP8Ypjiykhp0pn,PSU: Penn State University,Q1_PSU,0,0,0.9987326264381409
R_0GR200p0tEnUx8t,PSU: Penn State University,Q1_ISU,2,2,0.9924772381782532
R_cCFpr1v79p0Hsw9,PSU: Penn State University,Q2_PSU,0,1,0.9239994883537292
R_RmdyOzXM3ca1Mg9,PSU: Penn State University,Q1_PSU,0,0,0.9808961153030396
R_eV95J9IiXUMllJL,PSU: Penn State University,Q1_UF,1,1,0.9912277460098267
R_8CSIhxWDvZ0xGtX,PSU: Penn State University,Q1_UF,1,1,0.9946821331977844
R_aY7EsuSeJK2hyIV,PSU: Penn State University,Q2_PSU,2,2,0.9733443856239319
R_3NVDNbAyFG3eyjE,PSU: Penn State University,Q1_UF,2,2,0.984843909740448
R_xxW5R7zl1SQ7NQt,PSU: Penn State University,Q1_ISU,1,2,0.9920762777328491
R_1gNqwkWurwW2UdU,PSU: Penn State University,Q2_PSU,0,1,0.9645758867263794
R_3DtNLN5YlQgV68z,PSU: Penn State University,Q2_PSU,0,0,0.9938896894454956
R_1IGXimyXa8pTpGd,PSU: Penn State University,Q1_PSU,0,0,0.998608410358429
R_1IGXimyXa8pTpGd,PSU: Penn State University,Q2_PSU,2,2,0.9878301024436951
R_3hgzPwHBzWWInHJ,PSU: Penn State University,Q2_PSU,1,2,0.6925408244132996
R_3hgzPwHBzWWInHJ,PSU: Penn State University,Q1_ISU,1,1,0.9919418096542358
R_siMpY57NjIqDuAF,PSU: Penn State University,Q1_PSU,2,2,0.9925643801689148
R_1gO2dWVNZxvaNad,PSU: Penn State University,Q1_PSU,0,0,0.9988800883293152
R_1gO2dWVNZxvaNad,PSU: Penn State University,Q2_PSU,0,1,0.9255367517471313
R_3oRgyaMbTLuMiyV,PSU: Penn State University,Q1_PSU,2,2,0.9401081204414368
R_3iOo48BxWeCaH3X,PSU: Penn State University,Q1_PSU,0,0,0.9988547563552856
R_2xFWHBjWjv0AgMM,PSU: Penn State University,Q1_ISU,1,1,0.9913219809532166
R_2sZ9pQQhsjfrjPI,PSU: Penn State University,Q1_ISU,1,1,0.9924417734146118
R_3pmYfoQiF1eoHH6,PSU: Penn State University,Q2_PSU,2,2,0.8421913981437683
R_3FQKaAGMCnV4yD8,PSU: Penn State University,Q2_PSU,0,0,0.9988865256309509
R_1UghnLqNa80x9GV,PSU: Penn State University,Q2_PSU,0,0,0.9987659454345703
R_2zuLzFVjEex1tqL,PSU: Penn State University,Q1_PSU,0,0,0.998782217502594
R_cFTZchcxzaKlfBn,PSU: Penn State University,Q1_UF,2,2,0.991285502910614
R_1FFebHE3R39AmHc,PSU: Penn State University,Q2_PSU,2,2,0.9925220608711243
R_2yekRdhBljiyFny,PSU: Penn State University,Q1_UF,1,2,0.9787601828575134
R_VHZhE23R59BwEF3,PSU: Penn State University,Q1_UF,2,0,0.9705705046653748
R_2XcBeFtLm9cQxPI,PSU: Penn State University,Q1_PSU,1,2,0.9633374810218811
R_OCGnSDlHdbL7YyZ,PSU: Penn State University,Q1_ISU,1,2,0.9924860000610352
R_3eeuuuxXdL4I4xz,PSU: Penn State University,Q1_PSU,0,0,0.9988246560096741
R_sqkjq1BIsYdo13P,PSU: Penn State University,Q1_PSU,1,1,0.9877960681915283
R_z7H0x2Fw77lQnDz,PSU: Penn State University,Q1_PSU,0,0,0.9989176988601685
R_3HXLQfZBwfb4D3o,PSU: Penn State University,Q1_PSU,1,0,0.9988895058631897
R_2xG0Gby5uaEagg2,PSU: Penn State University,Q1_PSU,0,0,0.9988189339637756
R_2Y9dJ1EovU7KnUZ,PSU: Penn State University,Q1_ISU,2,2,0.9927901029586792
R_pyLLyAhyG1rJQFr,PSU: Penn State University,Q1_PSU,1,2,0.8388356566429138
R_pyLLyAhyG1rJQFr,PSU: Penn State University,Q1_UF,1,2,0.6040521860122681
R_db4vCGLjpeFMb17,PSU: Penn State University,Q1_ISU,1,1,0.9875467419624329
R_1Q5chPumneQgdLf,PSU: Penn State University,Q1_PSU,1,1,0.9907168745994568
R_1Q5chPumneQgdLf,PSU: Penn State University,Q1_UF,1,1,0.9398739337921143
R_2382DWunOMxASsv,PSU: Penn State University,Q1_ISU,2,2,0.9913015961647034
R_u24R1uREHUwuPZv,PSU: Penn State University,Q1_UF,1,0,0.8634222149848938
R_1QgbTA4BSyG48sI,PSU: Penn State University,Q1_ISU,1,1,0.9914649128913879
R_1LLMo8ozOKNziJn,PSU: Penn State University,Q1_ISU,1,2,0.9925678968429565
R_yUOu1eS8T0qTXEZ,PSU: Penn State University,Q2_PSU,0,2,0.9919416904449463
R_Z46irbyTmM2EXfj,PSU: Penn State University,Q1_ISU,1,1,0.9887528419494629
R_2urJD0xBghgd2gy,PSU: Penn State University,Q1_ISU,2,2,0.9925301671028137
R_rdS31EdR9kAiugV,PSU: Penn State University,Q1_PSU,0,0,0.9987724423408508
R_rdS31EdR9kAiugV,PSU: Penn State University,Q1_UF,1,1,0.9933870434761047
R_Tt7e8pcdKqCmgjT,PSU: Penn State University,Q1_PSU,0,1,0.9921560287475586
R_1LNyrgPd47lIRtA,PSU: Penn State University,Q1_ISU,1,1,0.9921561479568481
R_2wcxfZ6xnZip0vs,PSU: Penn State University,Q1_ISU,1,1,0.9908044338226318
R_1PZaWCHMHLmDXit,PSU: Penn State University,Q1_PSU,2,1,0.6224569082260132
R_3nUWC6uET5T9ZJO,PSU: Penn State University,Q1_ISU,1,1,0.9900333285331726
R_3s6Boc8cOn0fJqZ,PSU: Penn State University,Q1_ISU,1,1,0.9920165538787842
R_2yjQ1fZEpoy49zj,PSU: Penn State University,Q2_PSU,1,1,0.9129514694213867
R_018VAqBGhU70NcB,PSU: Penn State University,Q1_UF,1,1,0.9909991025924683
R_3JC9UvoqX8ifLX7,PSU: Penn State University,Q1_ISU,1,1,0.9904938340187073
R_9siVlV96mtcyg2R,PSU: Penn State University,Q1_PSU,2,1,0.9913946986198425
R_9siVlV96mtcyg2R,PSU: Penn State University,Q1_ISU,1,2,0.9920884370803833
R_cLUd6TjVAe5cV3P,PSU: Penn State University,Q1_PSU,0,1,0.8884064555168152
R_cLUd6TjVAe5cV3P,PSU: Penn State University,Q2_PSU,1,1,0.6161304712295532
R_cLUd6TjVAe5cV3P,PSU: Penn State University,Q1_UF,1,0,0.9939448237419128
R_DMfjr2Cu1vC5dzX,PSU: Penn State University,Q2_PSU,1,1,0.9730929136276245
R_1mmSHzdtcVfs7LI,PSU: Penn State University,Q2_PSU,1,0,0.9617871046066284
R_2AQdHjgWbATholG,PSU: Penn State University,Q2_PSU,2,2,0.9944695234298706
R_yKHrojYcsKHXRn3,PSU: Penn State University,Q2_PSU,0,0,0.9988560676574707
R_NXOYcs4PiaYOH3H,PSU: Penn State University,Q2_PSU,0,1,0.9874442219734192
R_s7KG7lzoybjbmOl,PSU: Penn State University,Q1_PSU,0,0,0.998816967010498
R_2ZCQg9qcf00K0nM,PSU: Penn State University,Q1_ISU,2,2,0.9908011555671692
R_1Q3O51bn5s9xleT,PSU: Penn State University,Q1_UF,1,1,0.5658208131790161
R_2c5tTfb1ODKcO6K,PSU: Penn State University,Q1_PSU,0,0,0.998711109161377
R_2cobc56gHFRNG8a,PSU: Penn State University,Q1_UF,2,1,0.5947834253311157
R_2AYDSIqiwCEuZAq,PSU: Penn State University,Q1_PSU,0,0,0.9988299012184143
R_2b3pgBzclhyMXyh,PSU: Penn State University,Q1_PSU,0,0,0.9988276362419128
R_2b3pgBzclhyMXyh,PSU: Penn State University,Q1_UF,0,0,0.9971099495887756
R_2e8YcmBNw9beIl7,PSU: Penn State University,Q1_ISU,0,1,0.9917820692062378
R_XzakpuXrobBzlAt,PSU: Penn State University,Q1_ISU,1,1,0.9924346208572388
R_XzakpuXrobBzlAt,PSU: Penn State University,Q1_UF,0,0,0.9967470169067383
R_2bOEJEeQqC8yM15,PSU: Penn State University,Q1_PSU,0,0,0.9987595081329346
R_2Sk9IsqTNfiBPEW,PSU: Penn State University,Q1_UF,2,1,0.8155199885368347
R_31uSAtzx5xikiKz,PSU: Penn State University,Q1_UF,2,0,0.9957945346832275
R_3FUMswxDmcuwfYw,PSU: Penn State University,Q1_UF,1,2,0.9893643856048584
R_2bTNbUkmBAHPFip,PSU: Penn State University,Q2_PSU,1,1,0.742625892162323
R_72kRFunhVD3NdMB,PSU: Penn State University,Q1_PSU,0,0,0.9988139867782593
R_AvrTXp0elFzhaHD,PSU: Penn State University,Q1_PSU,0,0,0.9904999136924744
R_1kYo4wf3jPIGV9r,PSU: Penn State University,Q1_PSU,0,0,0.9986435770988464
R_1kYo4wf3jPIGV9r,PSU: Penn State University,Q2_PSU,2,2,0.9910547137260437
R_xyZG2y6JfXB6wgx,PSU: Penn State University,Q2_PSU,2,2,0.9741871953010559
R_3nShatUN06gWw1q,PSU: Penn State University,Q1_UF,2,2,0.7659547924995422
R_yKJbA0ktkSFmhUd,PSU: Penn State University,Q1_UF,2,1,0.895131528377533
R_W2QQnRPar7okB8Z,PSU: Penn State University,Q2_PSU,0,1,0.7994527220726013
R_3ekMjWWPh8NS3U4,PSU: Penn State University,Q1_ISU,1,1,0.991750180721283
R_3EQpTuK6O15bFI3,PSU: Penn State University,Q2_PSU,0,2,0.9541126489639282
R_2zIKgQSC515vGgH,PSU: Penn State University,Q1_PSU,0,0,0.9988470077514648
R_1oBbHM8Ac3xqvzI,PSU: Penn State University,Q1_UF,2,2,0.9668234586715698
R_12fLjcUdydyxLqm,PSU: Penn State University,Q1_ISU,1,1,0.9902147054672241
R_12fLjcUdydyxLqm,PSU: Penn State University,Q1_UF,2,2,0.9876216053962708
R_3JxFHAGWLfSlFsD,PSU: Penn State University,Q1_PSU,0,0,0.998855471611023
R_3JxFHAGWLfSlFsD,PSU: Penn State University,Q2_PSU,1,1,0.871496319770813
R_oXgsIao4ScwJzCF,PSU: Penn State University,Q2_PSU,2,2,0.9955398440361023
R_oXgsIao4ScwJzCF,PSU: Penn State University,Q1_ISU,2,2,0.9927496910095215
R_oXgsIao4ScwJzCF,PSU: Penn State University,Q1_UF,1,1,0.9910258650779724
R_1jWfcvTFxFcDkiB,PSU: Penn State University,Q1_PSU,0,0,0.9987873435020447
R_1jWfcvTFxFcDkiB,PSU: Penn State University,Q2_PSU,1,1,0.9647834897041321
R_1jWfcvTFxFcDkiB,PSU: Penn State University,Q1_UF,0,1,0.9886571764945984
R_30oPnnlYTtrHSX4,PSU: Penn State University,Q2_PSU,0,0,0.9953340888023376
R_3lLz0Hg3Wys8Oy8,PSU: Penn State University,Q2_PSU,0,1,0.46778956055641174
R_3lLz0Hg3Wys8Oy8,PSU: Penn State University,Q1_ISU,1,1,0.9923515915870667
R_3lLz0Hg3Wys8Oy8,PSU: Penn State University,Q1_UF,1,1,0.9937195777893066
R_2wgKRwaR0uIjmkI,PSU: Penn State University,Q2_PSU,1,1,0.9503489136695862
R_2wgKRwaR0uIjmkI,PSU: Penn State University,Q1_ISU,2,2,0.9871228933334351
R_2wgKRwaR0uIjmkI,PSU: Penn State University,Q1_UF,1,2,0.9748486876487732
R_TnnWNxaI10T5hQt,PSU: Penn State University,Q2_PSU,1,1,0.9449819922447205
R_TnnWNxaI10T5hQt,PSU: Penn State University,Q1_UF,2,1,0.9149219393730164
R_23ZCq3ASkbgUAYy,PSU: Penn State University,Q1_PSU,0,1,0.9746183156967163
R_23ZCq3ASkbgUAYy,PSU: Penn State University,Q2_PSU,2,2,0.8248456716537476
R_2f7nkNb2zS8H2g2,PSU: Penn State University,Q1_UF,2,1,0.5736761093139648
R_sjwZbjnlkl9NCsV,PSU: Penn State University,Q2_PSU,2,2,0.9920507073402405
R_77fqwBe36q6opjz,PSU: Penn State University,Q1_ISU,1,1,0.9900982975959778
R_1cV1DtGhm19H1Xw,PSU: Penn State University,Q1_PSU,0,0,0.9989044666290283
R_2PzkciotJizjipM,PSU: Penn State University,Q1_ISU,0,1,0.9918993711471558
R_1pQLqkVsTNbRlLM,PSU: Penn State University,Q1_UF,1,1,0.9925534129142761
R_1lzrW3mdik35oJj,PSU: Penn State University,Q1_PSU,1,1,0.9928826093673706
R_2v1fsCs1kEbqueg,PSU: Penn State University,Q1_PSU,0,1,0.9086043834686279
R_3iywfbyAzX3I2QF,PSU: Penn State University,Q1_UF,1,1,0.9935352802276611
R_3LXqhD35HXyHSid,PSU: Penn State University,Q2_PSU,2,2,0.9921722412109375
R_1FEZgK7FQnublWL,PSU: Penn State University,Q1_ISU,0,2,0.9890154004096985
R_25QrdHcfYFQLb14,PSU: Penn State University,Q2_PSU,1,1,0.9576801657676697
R_2PdtYczau7Uk4XE,PSU: Penn State University,Q1_PSU,0,1,0.9902098178863525
R_2PdtYczau7Uk4XE,PSU: Penn State University,Q1_UF,2,1,0.6683756709098816
R_322DIW2eF1XRLhg,PSU: Penn State University,Q2_PSU,0,0,0.9870015382766724
R_27cWrRaucZV9ZHR,PSU: Penn State University,Q1_PSU,0,1,0.9935351610183716
R_3EQjYy7s90EI2Ki,PSU: Penn State University,Q1_PSU,0,0,0.9916858077049255
R_1dlUP4QUv48wynf,PSU: Penn State University,Q1_PSU,0,0,0.9987793564796448
R_YW8EJmeK0wImyZz,PSU: Penn State University,Q1_ISU,2,2,0.9916963577270508
R_1DFQdb69WemdNys,PSU: Penn State University,Q1_PSU,0,0,0.9988390803337097
R_qyGOQwBR5tfVqwh,PSU: Penn State University,Q2_PSU,2,0,0.9977560639381409
R_qyGOQwBR5tfVqwh,PSU: Penn State University,Q1_ISU,1,1,0.9925321936607361
R_3n1e150ezwNcfjX,PSU: Penn State University,Q1_UF,2,2,0.5170933604240417
R_1E0fq86YYM68mWY,PSU: Penn State University,Q1_PSU,0,0,0.9988507032394409
R_ApShLCQdDilMli1,PSU: Penn State University,Q1_PSU,0,0,0.9987379908561707
R_ApShLCQdDilMli1,PSU: Penn State University,Q1_ISU,1,1,0.9914165139198303
R_2pKWdWJd9mc5KE2,PSU: Penn State University,Q1_UF,1,1,0.9774941802024841
R_yQLx7RLSqdVsyyJ,PSU: Penn State University,Q1_ISU,1,1,0.9924142956733704
R_DOvCNXcAsjHK9Db,PSU: Penn State University,Q2_PSU,2,1,0.5371313691139221
R_UQJ6Q1e5seqAwA9,PSU: Penn State University,Q1_UF,1,2,0.44494524598121643
R_p4R7pYYluPXM9zj,PSU: Penn State University,Q1_PSU,1,1,0.9930071830749512
R_1hRvIjTENafCbEr,PSU: Penn State University,Q2_PSU,0,0,0.9792906641960144
R_1jpO1xjNUPpAU79,PSU: Penn State University,Q1_UF,2,2,0.9584307074546814
R_W7ivFKtOrz50dYl,PSU: Penn State University,Q1_PSU,1,0,0.9976431727409363
R_W7ivFKtOrz50dYl,PSU: Penn State University,Q1_ISU,2,2,0.993067741394043
R_blLRkggJANBkeOt,PSU: Penn State University,Q1_PSU,0,0,0.9988340735435486
R_2fvOPlXKiQEwhhn,PSU: Penn State University,Q2_PSU,2,2,0.9949054718017578
R_77f1tkv8XYuxw7T,PSU: Penn State University,Q1_ISU,1,1,0.990127444267273
R_3qEDP0qBmXUs8eJ,PSU: Penn State University,Q1_PSU,0,1,0.9919962286949158
R_3qEDP0qBmXUs8eJ,PSU: Penn State University,Q1_ISU,1,2,0.9921362400054932
R_2y47BjS5CxVYIJd,PSU: Penn State University,Q1_ISU,1,1,0.9925644993782043
R_1pAP96GKp6c3Jg4,PSU: Penn State University,Q1_ISU,1,1,0.9892221689224243
R_3J90jYcSvNkJJHp,PSU: Penn State University,Q1_PSU,0,0,0.9988753199577332
R_3J90jYcSvNkJJHp,PSU: Penn State University,Q1_UF,2,0,0.9956372380256653
R_uvO1hQKStvJoaVr,PSU: Penn State University,Q1_PSU,0,0,0.9988728165626526
R_uvO1hQKStvJoaVr,PSU: Penn State University,Q2_PSU,1,2,0.992081880569458
R_1zwG3GheJUy3YpX,PSU: Penn State University,Q1_PSU,1,1,0.9903835654258728
R_3L6nDWNRukOrc1m,PSU: Penn State University,Q1_PSU,0,0,0.9987121820449829
R_3j8Ocp4JdK98DEY,PSU: Penn State University,Q1_ISU,1,1,0.9920879006385803
R_4H00ZSmgMEwSQ1z,PSU: Penn State University,Q1_UF,2,2,0.9874280095100403
R_31Sn5BWlEKWVnr8,PSU: Penn State University,Q2_PSU,0,0,0.9986775517463684
R_11i1utuIrMDjYMs,PSU: Penn State University,Q2_PSU,0,1,0.9448186159133911
R_1IjhDU0xMeoASww,PSU: Penn State University,Q1_PSU,0,1,0.9248335361480713
R_1IjhDU0xMeoASww,PSU: Penn State University,Q1_ISU,1,1,0.9905568361282349
R_1MThKzuT1btSgvX,PSU: Penn State University,Q1_ISU,1,1,0.9920319318771362
R_DCXMpO98hEtrnkl,PSU: Penn State University,Q1_UF,1,1,0.8941497206687927
R_1mgj3qy6JKzWWJG,PSU: Penn State University,Q1_UF,1,1,0.9672828912734985
R_podL09e6g0l5dO9,PSU: Penn State University,Q1_PSU,0,0,0.9987530708312988
R_1laRZXiF2oCPCXC,PSU: Penn State University,Q2_PSU,1,1,0.9883620142936707
R_8bGaCX0BI3WaLdL,PSU: Penn State University,Q2_PSU,1,1,0.9675722122192383
R_3QRzPrIA2d7QsW7,PSU: Penn State University,Q1_PSU,0,0,0.9988180994987488
R_1l4qWCd9r3WCUCW,PSU: Penn State University,Q1_ISU,2,2,0.9908316731452942
R_1ItSJnB4OyQUBe8,PSU: Penn State University,Q1_ISU,1,1,0.9895065426826477
R_3O78zGSMErYisHd,PSU: Penn State University,Q2_PSU,1,2,0.9915633201599121
R_2rCw9t5kmF8egH9,PSU: Penn State University,Q2_PSU,0,0,0.9989187717437744
R_3MajnjOA0KCQPLT,PSU: Penn State University,Q1_ISU,2,2,0.9876915812492371
R_2c11E7Jpz2lbw85,PSU: Penn State University,Q1_UF,2,1,0.9805319905281067
R_1DuKzmyCC59FvPk,PSU: Penn State University,Q1_PSU,0,0,0.9988484382629395
R_vDjUxGATaFwYsFz,PSU: Penn State University,Q2_PSU,1,2,0.9819408655166626
R_28HXg5Q2Qm94uZb,PSU: Penn State University,Q2_PSU,1,0,0.9987865090370178
R_28HXg5Q2Qm94uZb,PSU: Penn State University,Q1_ISU,1,1,0.9921122789382935
R_2aaXJAZOijX3ar3,PSU: Penn State University,Q1_PSU,0,1,0.9871597290039062
R_2aaXJAZOijX3ar3,PSU: Penn State University,Q1_UF,1,0,0.9932211637496948
R_3jfcG7sAwkGtSyg,PSU: Penn State University,Q1_UF,2,0,0.4792536199092865
R_3HNV3Uur6wl1wDX,PSU: Penn State University,Q1_ISU,1,1,0.9919242262840271
R_1db2RSK0FN5oFhb,PSU: Penn State University,Q2_PSU,1,1,0.991302490234375
R_1LZMEsMNuqF1ZOB,PSU: Penn State University,Q1_ISU,2,2,0.9929353594779968
R_1EcxLkLnrRRpXs5,PSU: Penn State University,Q1_ISU,1,1,0.9923475980758667
R_3Ol9hpUgDc3ZEe2,PSU: Penn State University,Q2_PSU,0,0,0.9987994432449341
R_qx8RAJyKvOEFGtr,PSU: Penn State University,Q1_PSU,0,0,0.9986685514450073
R_1PYS5oXvch2tJzz,PSU: Penn State University,Q1_UF,1,1,0.9671704769134521
R_DixKoh1NMTZZ9QZ,PSU: Penn State University,Q1_ISU,2,2,0.9751283526420593
R_1P64oP3YWoJKamx,PSU: Penn State University,Q1_PSU,0,0,0.9985225796699524
R_1pF4Plt6PTyPbAg,PSU: Penn State University,Q1_PSU,1,1,0.9944071769714355
R_1j9T1JfSTkryPpm,PSU: Penn State University,Q1_PSU,0,0,0.9906518459320068
R_blJtoFTfpeSZaN3,PSU: Penn State University,Q1_ISU,1,1,0.9903344511985779
R_3qUNfcn11CLZLoa,PSU: Penn State University,Q1_UF,1,0,0.9795985221862793
R_26f2Io9DmLeg91n,PSU: Penn State University,Q1_ISU,1,1,0.9925468564033508
R_2b1zc6a1Pws7Qqd,PSU: Penn State University,Q1_UF,2,1,0.8528109192848206
R_2anscSkO4nbfm1b,PSU: Penn State University,Q2_PSU,2,2,0.9945755004882812
R_1FmskzoxYmmuzIh,PSU: Penn State University,Q2_PSU,1,1,0.989579975605011
R_1FmskzoxYmmuzIh,PSU: Penn State University,Q1_UF,1,0,0.966356098651886
R_3ne04Ii0pHkRV5l,PSU: Penn State University,Q2_PSU,2,2,0.73940110206604
R_1rwamSyJpKJcNl2,PSU: Penn State University,Q2_PSU,1,1,0.786139726638794
R_6Wl5C2H53FEQxNv,PSU: Penn State University,Q1_PSU,1,1,0.9156538248062134
R_2EEncOMEt0gd4RP,PSU: Penn State University,Q1_PSU,2,2,0.9869647026062012
R_6D8Y2wuiajW4Ol3,PSU: Penn State University,Q1_ISU,1,1,0.9901548624038696
R_22traXFpGhfo9Md,PSU: Penn State University,Q1_ISU,1,1,0.9892346858978271
R_1gtjnWU024zp1CU,PSU: Penn State University,Q1_PSU,0,0,0.978171169757843
R_2bHtJat0iDqhZga,PSU: Penn State University,Q1_PSU,0,0,0.9987062215805054
R_2bHtJat0iDqhZga,PSU: Penn State University,Q1_UF,2,1,0.9485694169998169
R_2EgIltsIHbK3I2h,PSU: Penn State University,Q1_PSU,0,0,0.9988254904747009
R_21aDofxgLNRMz1q,PSU: Penn State University,Q2_PSU,2,2,0.992983341217041
R_3fPDXFpfxZIa5uy,PSU: Penn State University,Q1_UF,1,1,0.9938892126083374
R_339iyg2GyLIQ9aS,PSU: Penn State University,Q1_PSU,0,0,0.9988327622413635
R_6LmqmWYDfTbIMJH,PSU: Penn State University,Q1_PSU,0,0,0.9987754225730896
R_1OqRpYbA3NPa23a,PSU: Penn State University,Q1_PSU,0,0,0.9988441467285156
R_wMBudrB0DuML9o5,PSU: Penn State University,Q1_ISU,1,1,0.9919745326042175
R_1CByFbT1wAS1E41,PSU: Penn State University,Q1_ISU,1,1,0.990100085735321
R_2PBj8eQxHxwNxCl,PSU: Penn State University,Q2_PSU,1,1,0.8338449001312256
R_RwQb5PQUioZL1rr,PSU: Penn State University,Q1_PSU,0,0,0.9987088441848755
R_2rcxyQHiNKhNtoR,PSU: Penn State University,Q2_PSU,0,0,0.9988940358161926
R_1LNdS2pMOFr3Tjf,PSU: Penn State University,Q1_PSU,0,0,0.9987786412239075
R_V3DZn3uwtffSr1T,PSU: Penn State University,Q1_PSU,0,0,0.9969285130500793
R_V3DZn3uwtffSr1T,PSU: Penn State University,Q1_ISU,2,2,0.9929648637771606
R_3hg42ZEFUwu1r2B,PSU: Penn State University,Q2_PSU,1,2,0.9874463081359863
R_e5JPcHLmB0uN87n,PSU: Penn State University,Q1_ISU,1,1,0.9920421242713928
R_31ZqDmFX1Ld13SF,PSU: Penn State University,Q2_PSU,1,1,0.7265347242355347
R_31ZqDmFX1Ld13SF,PSU: Penn State University,Q1_ISU,2,2,0.992354154586792
R_1EhddAiSg8fhU24,PSU: Penn State University,Q1_UF,1,0,0.993547260761261
R_2xzKPjF5TI4hDhG,PSU: Penn State University,Q1_ISU,1,1,0.9910976886749268
R_2QnQXjxRKWXuo29,PSU: Penn State University,Q1_ISU,2,2,0.9923410415649414
R_1GVvaNF28ym6z2y,PSU: Penn State University,Q1_UF,1,1,0.65525221824646
R_QmJzfcoXOXHfFoR,PSU: Penn State University,Q2_PSU,1,2,0.6266772150993347
R_QmJzfcoXOXHfFoR,PSU: Penn State University,Q1_UF,2,1,0.8293518424034119
R_3jSXKDJsVQoIuSG,PSU: Penn State University,Q1_UF,1,2,0.9812883138656616
R_2dDRU2yoGvvSJA0,PSU: Penn State University,Q1_UF,1,1,0.99063640832901
R_3Es6fOdViJbi9Lc,PSU: Penn State University,Q1_ISU,2,2,0.9898985028266907
R_2V7u7KbbBbVPrCi,PSU: Penn State University,Q1_PSU,0,0,0.9981973767280579
R_2Ym1gryykIW2PlV,PSU: Penn State University,Q1_PSU,0,0,0.9986441731452942
R_3CUfUZRvuHYdfMB,PSU: Penn State University,Q1_PSU,0,0,0.9986893534660339
R_w4UZIwgrUqdJZRf,PSU: Penn State University,Q1_PSU,0,0,0.998690664768219
R_w4UZIwgrUqdJZRf,PSU: Penn State University,Q1_ISU,1,1,0.9901628494262695
R_31EF2lJn04zBSyE,PSU: Penn State University,Q1_UF,2,0,0.8319071531295776
R_2PBgpb2RDYwHUP5,PSU: Penn State University,Q1_PSU,0,0,0.9984026551246643
R_3fxAya5Gdm9vjHH,PSU: Penn State University,Q2_PSU,1,1,0.9480950832366943
R_3fxAya5Gdm9vjHH,PSU: Penn State University,Q1_UF,2,1,0.5559713244438171
R_2EFyapyJL0Yg4ZU,PSU: Penn State University,Q1_UF,1,1,0.6846998333930969
R_xrTsyNPILaqvjNL,PSU: Penn State University,Q2_PSU,2,1,0.9635422825813293
R_xrTsyNPILaqvjNL,PSU: Penn State University,Q1_ISU,0,1,0.9892738461494446
R_2VfrUtfIAFaVJ9d,PSU: Penn State University,Q1_UF,2,2,0.980191707611084
R_8GrDjEcTqUBLDBn,PSU: Penn State University,Q1_ISU,1,1,0.9922294020652771
R_1FaL9yghnesgNnK,PSU: Penn State University,Q1_UF,1,0,0.8117532134056091
R_TmXHcAgc2nx6hUJ,PSU: Penn State University,Q1_PSU,0,0,0.9986238479614258
R_TmXHcAgc2nx6hUJ,PSU: Penn State University,Q1_ISU,1,1,0.9913759827613831
R_TmXHcAgc2nx6hUJ,PSU: Penn State University,Q1_UF,1,0,0.9929587841033936
R_1rDGbyYJ8OIB3HL,PSU: Penn State University,Q1_PSU,2,2,0.827446699142456
R_3FQgwkCikl5bGEE,PSU: Penn State University,Q1_PSU,0,0,0.9973438382148743
R_1DOy93SEXe3V2Mz,PSU: Penn State University,Q2_PSU,2,2,0.9942948222160339
R_1l60oBOe8Ri4gTo,PSU: Penn State University,Q2_PSU,0,1,0.6257287263870239
R_1l60oBOe8Ri4gTo,PSU: Penn State University,Q1_ISU,1,1,0.9919852018356323
R_b42XBfiXvInxVip,PSU: Penn State University,Q1_PSU,0,0,0.9988786578178406
R_b42XBfiXvInxVip,PSU: Penn State University,Q2_PSU,0,0,0.9986862540245056
R_3PS0xHmHfmi1ah3,PSU: Penn State University,Q2_PSU,0,1,0.8734031915664673
R_xt21MbxLsPCFft7,PSU: Penn State University,Q1_ISU,2,2,0.9768341183662415
R_3NQznBJlYMHC3uc,PSU: Penn State University,Q1_ISU,2,2,0.9930328130722046
R_1rcV9mKl1dADmZm,PSU: Penn State University,Q1_PSU,1,1,0.9892563819885254
R_1IzvOEvu3QQbNYy,PSU: Penn State University,Q1_PSU,0,0,0.998892605304718
R_1U4AFpEJAiSsaU9,PSU: Penn State University,Q1_PSU,0,0,0.9987155199050903
R_TcMWmTLxONPUZhv,PSU: Penn State University,Q2_PSU,1,1,0.9880906343460083
R_3F39k6JpgKYPdsd,PSU: Penn State University,Q2_PSU,2,2,0.993069589138031
R_T6nVb7gN52gZLWx,PSU: Penn State University,Q1_UF,0,0,0.9802723526954651
R_8EtWC6Ar2sBXNqH,"UCSB: University of California, Santa Barbara",ISTUDIO_2A,0,0,0.9707805514335632
R_1pGNn1DgfcF55uP,"UCSB: University of California, Santa Barbara",ISTUDIO_4B,1,0,0.9984980821609497
R_7dLjjWKZdw7YbPY,"UCSB: University of California, Santa Barbara",ISTUDIO_4A,1,1,0.7747708559036255
R_7dLjjWKZdw7YbPY,"UCSB: University of California, Santa Barbara",ISTUDIO_4B,0,0,0.9985755681991577
R_1QPnFPjL5CdqqXe,"UCSB: University of California, Santa Barbara",ISTUDIO_2A,0,0,0.9961989521980286
R_1qDN9J3gws3vZoX,"UCSB: University of California, Santa Barbara",ISTUDIO_4A,2,2,0.994297444820404
R_3gzuFqvMPtSm8xk,"UCSB: University of California, Santa Barbara",ISTUDIO_4B,1,1,0.9955105781555176
R_2QxRnklX5WLnAEq,"UCSB: University of California, Santa Barbara",ISTUDIO_4A,1,0,0.8768247961997986
R_2QxRnklX5WLnAEq,"UCSB: University of California, Santa Barbara",ISTUDIO_4B,0,0,0.9983683228492737
R_8ea3rDvZlLiV1iv,"UCSB: University of California, Santa Barbara",ISTUDIO_2A,0,0,0.9944849610328674
R_1pri0eEZf4jzrtT,"UCSB: University of California, Santa Barbara",ISTUDIO_4A,2,2,0.9935895204544067
R_5EouuVHfMMwroi9,"UCSB: University of California, Santa Barbara",ISTUDIO_4A,0,0,0.987027645111084
R_1rrbuCc0p27Ybn6,"UCSB: University of California, Santa Barbara",ISTUDIO_2B,1,1,0.9548459649085999
R_1466b5heZZWS8ri,"UCSB: University of California, Santa Barbara",ISTUDIO_2B,0,1,0.9568520188331604
R_1466b5heZZWS8ri,"UCSB: University of California, Santa Barbara",ISTUDIO_4A,2,2,0.9927719235420227
R_6BU9RvFlJ3gT2Ap,"UCSB: University of California, Santa Barbara",ISTUDIO_2B,1,1,0.9342835545539856
R_1PhsuL45l9msBKp,"UCSB: University of California, Santa Barbara",ISTUDIO_2B,1,1,0.8359323740005493
R_3gV1BTPcYY9p98B,"UCSB: University of California, Santa Barbara",ISTUDIO_2B,1,2,0.9325721859931946
R_3Jz0hVYW4XFAQvr,"UCSB: University of California, Santa Barbara",ISTUDIO_2B,0,1,0.9760385155677795
R_3Rs1sEgYAuqieVH,"UCSB: University of California, Santa Barbara",ISTUDIO_4A,0,1,0.9872074723243713
R_3x8bMSMzsDexwat,"UCSB: University of California, Santa Barbara",ISTUDIO_2A,2,2,0.9935164451599121
R_3BiaAM6nNLqfIZ3,"UCSB: University of California, Santa Barbara",ISTUDIO_4B,1,1,0.9125638604164124
R_5jN6wSTbzlzLCY9,"UCSB: University of California, Santa Barbara",ISTUDIO_2A,2,2,0.991218626499176
R_2MGAPCwrF7YgnIf,"UCSB: University of California, Santa Barbara",ISTUDIO_4B,0,0,0.9987179040908813
R_7k3CkuEKPjfQ7rH,"UCSB: University of California, Santa Barbara",ISTUDIO_2A,0,0,0.9943348169326782
R_6EmdJZlpWwbwXm9,"UCSB: University of California, Santa Barbara",ISTUDIO_4A,2,2,0.9943261742591858
R_7pVjIcaxoHlNrVW,"UCSB: University of California, Santa Barbara",ISTUDIO_2B,1,1,0.8090707063674927
R_3nVGzcfZZhKIklo,"UCSB: University of California, Santa Barbara",ISTUDIO_2A,0,0,0.9527069926261902
R_2ODemrPFPUn3zN8,"UCSB: University of California, Santa Barbara",ISTUDIO_4A,1,2,0.9905717372894287
R_2yOJVSXEK46ETLz,"UCSB: University of California, Santa Barbara",ISTUDIO_2B,1,1,0.9756518602371216
R_8z8sfEHvlvjp5oo,"UCSB: University of California, Santa Barbara",ISTUDIO_2B,0,0,0.9981935620307922
R_2qgGFz3ui1oGOzD,"UCSB: University of California, Santa Barbara",ISTUDIO_2A,0,0,0.9925855994224548
R_5eRJHR5lIaBuTa1,"UCSB: University of California, Santa Barbara",ISTUDIO_4A,0,1,0.9508021473884583
R_6aJ54H3ea9m0EPe,"UCSB: University of California, Santa Barbara",ISTUDIO_4A,2,1,0.9902134537696838
R_64j0DWg4SsRMt57,"UCSB: University of California, Santa Barbara",ISTUDIO_2A,0,0,0.9938250780105591
R_7sUdZGheo18r01r,"UCSB: University of California, Santa Barbara",ISTUDIO_4A,2,2,0.9897330403327942
R_1Pe09zBke6zDhKY,"UCSB: University of California, Santa Barbara",ISTUDIO_4B,1,1,0.9940109848976135
R_7xRGeHEC6vicp7b,"UCSB: University of California, Santa Barbara",ISTUDIO_2A,0,0,0.994862973690033
R_3civUlWmy2JH4mE,"UCSB: University of California, Santa Barbara",ISTUDIO_2B,0,0,0.9975893497467041
R_3civUlWmy2JH4mE,"UCSB: University of California, Santa Barbara",ISTUDIO_4B,0,0,0.99769526720047
R_1MMaspgtptvDuxP,"UCSB: University of California, Santa Barbara",ISTUDIO_4A,1,2,0.9873212575912476
R_1iVm32NHlgLDQoE,"UCSB: University of California, Santa Barbara",ISTUDIO_4A,0,0,0.9834697842597961
R_5p8cQvm82bYLJTj,"UCSB: University of California, Santa Barbara",ISTUDIO_2B,2,2,0.827765941619873
R_1bhGPwiwFrnFEbL,"UCSB: University of California, Santa Barbara",ISTUDIO_2A,0,0,0.8979442715644836
R_6rPayWmi9tYAPrt,"UCSB: University of California, Santa Barbara",ISTUDIO_4A,1,0,0.8679274916648865
R_5U3BtRIwXPIzC0r,"UCSB: University of California, Santa Barbara",ISTUDIO_4A,1,1,0.7088366746902466
R_7xRYsPdUxM4W0mP,"UCSB: University of California, Santa Barbara",ISTUDIO_2B,0,1,0.9554157853126526
R_3YX4e4XpzwNbVY5,"UCSB: University of California, Santa Barbara",ISTUDIO_4B,2,2,0.994804322719574
R_7axGnmOoAYFLHhn,"UCSB: University of California, Santa Barbara",ISTUDIO_2B,1,1,0.983932375907898
R_6n70a2VWZncitTH,"UCSB: University of California, Santa Barbara",ISTUDIO_4B,1,1,0.9932985901832581
R_7CHnmb2vXSMu8TJ,"UCSB: University of California, Santa Barbara",ISTUDIO_2A,0,0,0.9917758703231812
R_3e3kxrUVfE1NXJW,"UCSB: University of California, Santa Barbara",ISTUDIO_2B,1,1,0.9592899680137634
R_5WHlUMBOAylCuFP,"UCSB: University of California, Santa Barbara",ISTUDIO_4A,0,0,0.9802959561347961
R_3iVGl19sNBwmAZP,"UCSB: University of California, Santa Barbara",ISTUDIO_4B,1,1,0.6011044979095459
R_5njwQNZezfgYVgF,"UCSB: University of California, Santa Barbara",ISTUDIO_2B,1,1,0.9435837864875793
R_3V2Z3Pj0pKYs7lx,"UCSB: University of California, Santa Barbara",ISTUDIO_4A,1,0,0.614011824131012
R_3V2Z3Pj0pKYs7lx,"UCSB: University of California, Santa Barbara",ISTUDIO_4B,1,0,0.9979428648948669
R_7HXpXBdNc1RdZ5N,"UCSB: University of California, Santa Barbara",ISTUDIO_4B,1,0,0.9984834790229797
R_7OuHCpSSFtoLxjv,"UCSB: University of California, Santa Barbara",ISTUDIO_4B,2,2,0.9876250624656677
R_3DpfTK6cEqVYvXH,"UCSB: University of California, Santa Barbara",ISTUDIO_2B,1,1,0.9451586604118347
R_6ertJznHCY6pJ8g,"UCSB: University of California, Santa Barbara",ISTUDIO_2B,1,2,0.6006249785423279
R_500ihTD4bOTrNP1,"UCSB: University of California, Santa Barbara",ISTUDIO_4A,2,2,0.6004853844642639
R_3hsYmj0lO4HtkIo,"UCSB: University of California, Santa Barbara",ISTUDIO_4A,1,0,0.8398564457893372
R_5FQZdY4gchFV8mj,"UCSB: University of California, Santa Barbara",ISTUDIO_4B,0,1,0.9351979494094849
R_1bITjjQJK1suJzQ,"UCSB: University of California, Santa Barbara",ISTUDIO_2B,0,1,0.9799670577049255
R_3d6ORReeVE0TEZZ,"UCSB: University of California, Santa Barbara",ISTUDIO_2B,0,0,0.9976634979248047
R_3mPmhhX4I3QC0XF,"UCSB: University of California, Santa Barbara",ISTUDIO_2A,1,2,0.9808902740478516
R_3J517AUl8Fut7l7,"UCSB: University of California, Santa Barbara",ISTUDIO_4A,2,2,0.9927272796630859
R_5Zuod7Ye1MDM2hX,"UCSB: University of California, Santa Barbara",ISTUDIO_2B,0,0,0.997016429901123
R_3mdUmH9WvojGTq0,"UCSB: University of California, Santa Barbara",ISTUDIO_2B,1,1,0.9850046634674072
R_3rlzqYCRg7J7WD4,"UCSB: University of California, Santa Barbara",ISTUDIO_2A,0,0,0.9915738701820374
R_1Pi60XgL2aep3YB,"UCSB: University of California, Santa Barbara",ISTUDIO_2B,2,1,0.8329633474349976
R_1Pi60XgL2aep3YB,"UCSB: University of California, Santa Barbara",ISTUDIO_4B,1,0,0.9771421551704407
R_6YNv7b3t2kIAhd7,"UCSB: University of California, Santa Barbara",ISTUDIO_4B,2,1,0.6212908625602722
R_50vokjKiD3v84eH,"UCSB: University of California, Santa Barbara",ISTUDIO_2B,2,1,0.6129446029663086
R_6whpXY8HwvW8jML,"UCSB: University of California, Santa Barbara",ISTUDIO_4B,0,0,0.998554527759552
R_3rLCbJXt7Pg6IxP,ISU: Iowa State University,Q2_ISU,2,2,0.9962749481201172
R_1ZHjHFcOrpVBUrv,ISU: Iowa State University,Q2_ISU,2,2,0.9950740933418274
R_6jRbqE4RcjNJYEF,ISU: Iowa State University,Q2_ISU,2,2,0.9958879351615906
R_3NJMRFguujj1lyt,ISU: Iowa State University,Q2_ISU,2,2,0.98626708984375
R_1KDCsYZvNY1cwTP,ISU: Iowa State University,Q2_ISU,2,2,0.9950843453407288
R_1ZFs0BtIFA9Lazn,ISU: Iowa State University,Q2_ISU,1,1,0.9966129660606384
R_5X7o59ZK5us4KdB,ISU: Iowa State University,Q2_ISU,2,2,0.992683470249176
R_573c2iDAjQV5op5,ISU: Iowa State University,Q2_ISU,1,1,0.9964015483856201
R_7Byg2BfOtZYzKih,ISU: Iowa State University,Q2_ISU,0,0,0.9989234805107117
R_3iO0O1Lcm08ds4z,ISU: Iowa State University,Q2_ISU,2,2,0.9932000041007996
R_5mec66cETLHHsHh,ISU: Iowa State University,Q2_ISU,0,0,0.9980393052101135
R_7apoIuGgZuowl0Z,ISU: Iowa State University,Q2_ISU,1,2,0.9943124055862427
R_3pJzUZzaOlP2fsL,ISU: Iowa State University,Q2_ISU,2,2,0.9933391213417053
R_6Fw6f58Gpn1lQZP,ISU: Iowa State University,Q2_ISU,0,2,0.9939292669296265
R_3BSe0ulBpFjZ1po,ISU: Iowa State University,Q2_ISU,1,1,0.810960054397583
R_7oF0oX79a1PM2Lc,ISU: Iowa State University,Q2_ISU,2,1,0.9449003338813782
R_3i9d2oZATODDUXV,ISU: Iowa State University,Q2_ISU,2,1,0.9961497783660889
R_5KLnpbk3JnlkUgN,ISU: Iowa State University,Q2_ISU,0,1,0.531041145324707
R_5imR3ULui4Wn8S7,ISU: Iowa State University,Q2_ISU,1,1,0.9957275390625
R_57iI2g5stUZcvXb,ISU: Iowa State University,Q2_ISU,1,1,0.9961299896240234
R_39SmPbrvCwocVHj,ISU: Iowa State University,Q2_ISU,1,2,0.9937558174133301
R_3hXpsn1SVq7Tu4A,ISU: Iowa State University,Q2_ISU,0,0,0.9990410208702087
R_2uJp8s0suOh0C9K,ISU: Iowa State University,Q2_ISU,2,2,0.9952601790428162
R_3gU3LnVEye65RTK,ISU: Iowa State University,Q2_ISU,2,2,0.9952777624130249
R_2kFDzTnHxamOmqL,ISU: Iowa State University,Q2_ISU,0,0,0.9923116564750671
R_3CHNkKWEZzgCXVn,ISU: Iowa State University,Q2_ISU,2,2,0.9953410625457764
R_2sjliPQrbxU3muw,ISU: Iowa State University,Q2_ISU,0,0,0.9974466562271118
R_10nde8O1tPP4BTH,ISU: Iowa State University,Q2_ISU,0,0,0.9982514977455139
R_2lNafGAhE6jQOuB,ISU: Iowa State University,Q2_ISU,0,0,0.9989612102508545
R_1fuQKaWZYO0Z619,ISU: Iowa State University,Q2_ISU,2,2,0.991895854473114
R_1LgT7e6v6LNDgAX,ISU: Iowa State University,Q2_ISU,0,0,0.998957633972168
R_7AMXIqeXDtxQBjm,ISU: Iowa State University,Q2_ISU,0,0,0.9990220069885254
R_1cBSuJ7h0UZJulb,ISU: Iowa State University,Q2_ISU,2,2,0.9952012300491333
R_5clhMIPMwgKPWOR,ISU: Iowa State University,Q2_ISU,0,0,0.997778594493866
R_7I0Lqm36pVMzixL,ISU: Iowa State University,Q2_ISU,1,1,0.9629120826721191
R_1Ooz3zPDlEQ8KJf,ISU: Iowa State University,Q2_ISU,2,2,0.9961093068122864
R_6fBP6vMz2oz1NeN,ISU: Iowa State University,Q2_ISU,2,2,0.9955686926841736
R_9hsVDmYWaKNSaxY,UoA: University of Auckland (NZ),ISTUDIO_2A,1,0,0.9922203421592712
R_9hsVDmYWaKNSaxY,UoA: University of Auckland (NZ),ISTUDIO_2B,0,0,0.9980758428573608
R_9UilHWUwLNI1JLs,Other university:,ISTUDIO_2A,1,0,0.992982029914856
R_97xPMyvGG40C64l,UoA: University of Auckland (NZ),ISTUDIO_2A,0,0,0.9939484596252441
R_4feCaVt4S0Ovtip,UoA: University of Auckland (NZ),ISTUDIO_4A,0,0,0.9744485020637512
R_4JP4343x7XH07kd,UoA: University of Auckland (NZ),ISTUDIO_2B,1,1,0.9563354253768921
R_3PAjDSRX5b2tF5V,UoA: University of Auckland (NZ),ISTUDIO_4A,0,0,0.9798152446746826
R_9f7tf3nB9sjrNFM,UoA: University of Auckland (NZ),ISTUDIO_2A,2,0,0.49708619713783264
R_9l3BMqdP7afDRRL,UoA: University of Auckland (NZ),ISTUDIO_4B,0,1,0.6180861592292786
R_4CdN1BzwScgoOTT,UoA: University of Auckland (NZ),ISTUDIO_4A,0,0,0.9717280864715576
R_4nuD0OK8LmuVf1x,UoA: University of Auckland (NZ),ISTUDIO_2B,0,0,0.9982441663742065
R_9ib9jCs4seAD1bo,UoA: University of Auckland (NZ),ISTUDIO_2A,2,2,0.9906219244003296
R_9JJVtLlBafeMIhQ,UoA: University of Auckland (NZ),ISTUDIO_4B,0,1,0.4986526370048523
R_9Y3UcrzCXjDcHON,UoA: University of Auckland (NZ),ISTUDIO_4A,0,0,0.9758664965629578
R_4fjuOp4oe1teyxa,UoA: University of Auckland (NZ),ISTUDIO_2B,2,2,0.975181519985199
R_9OHMSMVsuZwe5xf,UoA: University of Auckland (NZ),ISTUDIO_4B,1,1,0.9762360453605652
R_9KfymEQOjFar24F,UoA: University of Auckland (NZ),ISTUDIO_2A,2,2,0.9574359655380249
R_9KfymEQOjFar24F,UoA: University of Auckland (NZ),ISTUDIO_4B,1,2,0.988128125667572
R_9DbzVCLTr3qpxIm,UoA: University of Auckland (NZ),ISTUDIO_2B,1,2,0.9944721460342407
R_9DbzVCLTr3qpxIm,UoA: University of Auckland (NZ),ISTUDIO_4B,1,2,0.9912406802177429
R_40wOWjKFD3m95bX,UoA: University of Auckland (NZ),ISTUDIO_4B,2,2,0.994391143321991
R_2QWc9NAW7oFCGuU,ISU: Iowa State University,Q4_ISU,1,2,0.9883694648742676
R_5UXhXxAxWAaXHPU,ISU: Iowa State University,Q4_ISU,0,0,0.9964956641197205
R_8M03WK8O5N2bGvO,ISU: Iowa State University,Q4_ISU,2,2,0.9895813465118408
R_1OEBQMiIVaTZVS1,ISU: Iowa State University,Q4_ISU,1,0,0.7929396033287048
R_2PBp4pSqIwQNgJb,ISU: Iowa State University,Q4_ISU,0,0,0.9967504739761353
R_5TXmCk7X8OPXX95,ISU: Iowa State University,Q4_ISU,0,0,0.9965136647224426
R_348VW0b34Y6Ill3,ISU: Iowa State University,Q4_ISU,0,0,0.9968097805976868
R_5fLv9hGiswy4e1b,ISU: Iowa State University,Q4_ISU,2,2,0.9938623905181885
R_7Ic1x1CrYwQpg3E,ISU: Iowa State University,Q4_ISU,0,0,0.9966055154800415
R_2MTUFrYLmYO2wil,ISU: Iowa State University,Q4_ISU,0,0,0.9968602657318115
R_754Czn0pLKndBe1,ISU: Iowa State University,Q4_ISU,0,0,0.9964750409126282
R_1cBV0Go9NBEqJwZ,ISU: Iowa State University,Q4_ISU,0,0,0.9965835809707642
R_196NE4pLZquAF0C,ISU: Iowa State University,Q4_ISU,0,0,0.9965314269065857
R_2olyiRAHYw4BLtD,ISU: Iowa State University,Q4_ISU,0,0,0.9962181448936462
R_3BbTeOvxTW0gTdB,ISU: Iowa State University,Q4_ISU,0,0,0.992584228515625
R_2obVlW17yKx2DOP,ISU: Iowa State University,Q4_ISU,0,0,0.996146559715271
R_22QzHRefe37prZR,ISU: Iowa State University,Q4_ISU,0,1,0.5921131372451782
R_8QYsC4s7hpcHIX0,ISU: Iowa State University,Q4_ISU,0,1,0.48749107122421265
R_3I4YxBDpYkJNuqi,ISU: Iowa State University,Q2_ISU,1,1,0.9954600930213928
R_2dt2t3GnwbClLrh,ISU: Iowa State University,Q2_ISU,0,0,0.998923122882843
R_OBBZA7jZKgQ66hX,ISU: Iowa State University,Q2_ISU,2,2,0.9955106973648071
R_ZEw6vlxDe2dtYRj,ISU: Iowa State University,Q2_ISU,1,1,0.9964098334312439
R_12nky6SiWcX4Mfb,ISU: Iowa State University,Q2_ISU,0,0,0.9985449314117432
R_1DTFOpFP1TxYpLD,ISU: Iowa State University,Q2_ISU,1,1,0.8868129849433899
R_3kjheRm8d1mItly,ISU: Iowa State University,Q2_ISU,0,0,0.9990436434745789
R_3Krsszm1w8bk8mH,ISU: Iowa State University,Q2_ISU,2,2,0.9951605200767517
R_eVgl5FQb9CAP2o1,ISU: Iowa State University,Q2_ISU,2,2,0.9926685094833374
R_3mZ284jKaJindVT,ISU: Iowa State University,Q2_ISU,0,1,0.6095932722091675
R_5RpF4kDY6ME3jup,MSU: Michigan State University,Q1_MSU,0,0,0.98564213514328
R_6UaWasGWSBZXRg5,MSU: Michigan State University,Q1_MSU,0,0,0.9895702600479126
R_52J1HsqE16PnJwB,MSU: Michigan State University,Q1_MSU,1,0,0.9884238839149475
R_1QiklPstHtvOTdx,MSU: Michigan State University,Q1_MSU,1,0,0.9608566164970398
R_7IgbMYfQZOCKdyl,MSU: Michigan State University,Q1_MSU,0,0,0.9922629594802856
R_7tyCovw8WaUUFXZ,MSU: Michigan State University,Q1_MSU,1,1,0.9072661399841309
R_6Fx1UniCpxTuoVj,MSU: Michigan State University,Q1_MSU,0,1,0.6530048847198486
R_6Fl9pqWNjuaPiAn,MSU: Michigan State University,Q1_MSU,1,1,0.9733900427818298
R_61yoJx7BTdvynyQ,MSU: Michigan State University,Q1_MSU,0,0,0.9893084168434143
R_5OxfMrRRo6PXVzr,MSU: Michigan State University,Q1_MSU,0,1,0.8586283922195435
R_5U2qlIc9gAXjol3,MSU: Michigan State University,Q1_MSU,0,0,0.9929220080375671
R_5Dv6fZ6dKbEHYUJ,MSU: Michigan State University,Q1_MSU,0,0,0.958497941493988
R_6LHWqlLn1Useh88,MSU: Michigan State University,Q1_MSU,1,1,0.972264289855957
R_3j7k9I5RWrEjySf,MSU: Michigan State University,Q1_MSU,2,2,0.9949223399162292
R_3nOkFI4rjyMdsLD,MSU: Michigan State University,Q1_MSU,1,0,0.9892733693122864
R_1dtTwpsCxNOzXql,MSU: Michigan State University,Q1_MSU,1,0,0.8188921809196472
R_3rwjyzR2AvqLCiN,MSU: Michigan State University,Q1_MSU,0,0,0.9891273379325867
R_7aqyre6mlrzg5Kh,MSU: Michigan State University,Q1_MSU,1,1,0.9814229011535645
R_1VXEkHL1RVuhWrD,MSU: Michigan State University,Q1_MSU,0,0,0.986962616443634
R_3KlqQ3EGq39EBHz,MSU: Michigan State University,Q1_MSU,1,1,0.9573172330856323
R_73rLx91xZUIFVTz,MSU: Michigan State University,Q1_MSU,0,0,0.9708935022354126
R_70V2Pzetn7lF2tg,MSU: Michigan State University,Q1_MSU,0,0,0.9894724488258362
R_7qevvByQ4pLCzWR,MSU: Michigan State University,Q1_MSU,1,1,0.9686898589134216
R_707xblrFz0vZ4mR,Other university:,Q1_MSU,1,1,0.9719732999801636
R_74GFZqF2FacExQs,MSU: Michigan State University,Q1_MSU,1,1,0.8862226605415344
R_7iQn2mXImWxdxF3,MSU: Michigan State University,Q1_MSU,1,1,0.9844900965690613
R_5PTZ5o1k3rvyvFu,MSU: Michigan State University,Q1_MSU,2,1,0.883458137512207
R_6tDyls7IrK5OENe,MSU: Michigan State University,Q1_MSU,1,1,0.9846006035804749
R_7Byvi6YEEKsT7QL,MSU: Michigan State University,Q1_MSU,0,1,0.9821487665176392
R_7QSkjP534haUClZ,MSU: Michigan State University,Q1_MSU,1,1,0.9726152420043945
R_5DZJgp4fDddw0Qz,MSU: Michigan State University,Q1_MSU,0,0,0.9859486818313599
R_1O8E907s9ENxlnC,MSU: Michigan State University,Q1_MSU,0,1,0.9900200366973877
R_19VSWuptBsiFdGp,MSU: Michigan State University,Q1_MSU,0,0,0.9335092306137085
R_6FfHaVrmwvwAmSX,MSU: Michigan State University,Q1_MSU,0,0,0.9815752506256104
R_6fMFRI41sDb4CvH,MSU: Michigan State University,Q1_MSU,1,0,0.9745910167694092
R_5qjpdTUGs4qTzIs,MSU: Michigan State University,Q1_MSU,0,1,0.9923086166381836
R_5sFhqvitxJL3vcR,MSU: Michigan State University,Q1_MSU,0,0,0.983354389667511
R_78UqFZVqLqmP2uA,MSU: Michigan State University,Q1_MSU,1,1,0.9865350127220154
R_7hSCtYnkZW6RLp4,MSU: Michigan State University,Q1_MSU,1,1,0.9506431221961975
R_37Qc4yVIUs16UFm,MSU: Michigan State University,Q1_MSU,2,2,0.9942398071289062
R_7dj1SKKoygEPueN,MSU: Michigan State University,Q1_MSU,0,1,0.9308087825775146
R_1PGANlWRViITzep,MSU: Michigan State University,Q1_MSU,0,0,0.9823940992355347
R_51jgQAJvcEYwpMp,MSU: Michigan State University,Q1_MSU,1,1,0.9884573817253113
R_7gqTHLR5uIUEAdr,MSU: Michigan State University,Q1_MSU,1,2,0.9915993213653564
R_5rDCPh3zwx2QiyJ,MSU: Michigan State University,Q1_MSU,0,1,0.9830225110054016
R_5Pe4QUKd1dwEAlb,MSU: Michigan State University,Q1_MSU,1,1,0.9883091449737549
R_507c8zs9u3wfVDj,MSU: Michigan State University,Q1_MSU,1,1,0.9825741648674011
R_1Z9znO69J7HZiYp,MSU: Michigan State University,Q1_MSU,1,1,0.9729970097541809
R_7PBl1EdCB2VLIX9,MSU: Michigan State University,Q1_MSU,0,0,0.989818274974823
R_3f2QlXxCvTFmYfI,MSU: Michigan State University,Q1_MSU,2,2,0.9835679531097412
R_7rp5vugN1C4HnyU,MSU: Michigan State University,Q1_MSU,1,1,0.9774791598320007
R_7TZsAZney3uUxDT,MSU: Michigan State University,Q1_MSU,1,0,0.9758570790290833
R_3m2yYhzcRhiROtw,MSU: Michigan State University,Q1_MSU,2,2,0.9948517680168152
R_1eavcgiclzKVQIx,MSU: Michigan State University,Q1_MSU,1,1,0.9675577878952026
R_5g1VnP7CVKZ20KG,MSU: Michigan State University,Q1_MSU,1,1,0.899223804473877
R_55NI5Q6j0QJ30Tx,MSU: Michigan State University,Q1_MSU,1,1,0.9667317867279053
R_5VOdUSiq7PyX7My,MSU: Michigan State University,Q1_MSU,2,2,0.9946130514144897
R_1WIsf65qQiKMCCC,MSU: Michigan State University,Q1_MSU,1,1,0.9718236923217773
R_7NNSNb6y3yRnOZi,MSU: Michigan State University,Q1_MSU,0,1,0.9749382734298706
R_7iqBPXgMIwh8yRL,MSU: Michigan State University,Q1_MSU,0,0,0.9894338250160217
R_3mEhlWgSl7WE5ec,MSU: Michigan State University,Q1_MSU,1,1,0.9926016926765442
R_5uCi6clGfp0GiVo,MSU: Michigan State University,Q1_MSU,0,0,0.9867469072341919
R_5KxwCHGfCQRnR7q,MSU: Michigan State University,Q1_MSU,1,1,0.9795604348182678
R_57NYDey9rIq8C7D,MSU: Michigan State University,Q1_MSU,0,0,0.9748392701148987
R_3rp6PKhzOSxTB8U,MSU: Michigan State University,Q1_MSU,0,0,0.9909195899963379
R_7G5Xf9Sn1tBwVpL,MSU: Michigan State University,Q1_MSU,1,1,0.8624398112297058
R_3DTBwWvGVRJlBwE,MSU: Michigan State University,Q1_MSU,2,2,0.9944414496421814
R_7m4Pf1ESibtKQbo,MSU: Michigan State University,Q1_MSU,2,2,0.9954180717468262
R_3br2mxdYVtQnQQ1,ISU: Iowa State University,Q1_MSU,1,1,0.9795457124710083
R_7uqhnFnIdkc1xU5,MSU: Michigan State University,Q1_MSU,1,1,0.9479670524597168
R_78TzHk8Xi8K5MCk,MSU: Michigan State University,Q1_MSU,1,1,0.934428870677948
R_7ASjVFq4jxYYbxT,MSU: Michigan State University,Q1_MSU,0,0,0.9915536046028137
R_5rSCBEWJ8LjFWiS,MSU: Michigan State University,Q1_MSU,1,1,0.8927578330039978
R_77eS0Wvuj5Stnvg,MSU: Michigan State University,Q1_MSU,0,0,0.990655243396759
R_5dSyKcVdhAup9uW,MSU: Michigan State University,Q1_MSU,1,1,0.576750636100769
R_7YbNio5et6vy8LE,MSU: Michigan State University,Q1_MSU,2,2,0.9945396780967712
R_71yITnx8zwjR49b,MSU: Michigan State University,Q1_MSU,2,2,0.9905387163162231
R_3u4oqNbdqDVfqVz,MSU: Michigan State University,Q1_MSU,1,1,0.9848853349685669
R_1zvDROvRCvruCTf,MSU: Michigan State University,Q1_MSU,0,0,0.8566643595695496
R_3C0VyCQuRy20NrE,,Q1_MSU,1,1,0.9878397583961487
R_5EH38a3zOd2nllH,,Q1_MSU,0,1,0.9846033453941345
R_6DCgDPTWV7pfaZH,,Q1_MSU,2,2,0.9822694063186646
R_1TyO4CCJZltygPk,,Q1_MSU,0,0,0.9925788044929504
R_7WOShCcEUThvFsA,,Q1_MSU,0,0,0.9912765026092529
R_6omGyoB4k3YWbfP,MSU: Michigan State University,Q1_MSU,1,1,0.9233147501945496
R_6BVDHsAmYSbX9lb,,Q1_MSU,0,0,0.9295246005058289
R_1CHgidjcglGFCvU,,Q1_MSU,0,0,0.9841246008872986
R_7sXpqjK1740xKtr,MSU: Michigan State University,Q1_MSU,0,1,0.5190909504890442
R_7W7crPoqKqhI5PP,,Q1_MSU,0,1,0.9495876431465149
R_7MMg4baKKCJ6zMj,,Q1_MSU,2,1,0.9722049236297607
R_1bQA6IVdjtmKj78,,Q1_MSU,1,1,0.8885263800621033
R_3bV2DL1CNkh8AEG,MSU: Michigan State University,Q1_MSU,1,1,0.9762439131736755
R_3PiuvuACAtV3hGB,MSU: Michigan State University,Q2_MSU,2,2,0.998449444770813
R_cTKf36AmlC1x6Rb,MSU: Michigan State University,Q2_MSU,2,1,0.808344841003418
R_2ZVxEfuChYnQyyW,MSU: Michigan State University,Q2_MSU,1,1,0.8248763680458069
R_ALNOou4JUMqukFj,MSU: Michigan State University,Q2_MSU,0,0,0.9331440925598145
R_2UfJjvkWt7HAuAb,MSU: Michigan State University,Q2_MSU,2,2,0.998153030872345
R_3jeetFSc4mmW7Fn,MSU: Michigan State University,Q2_MSU,1,1,0.9925826787948608
R_YYPGfaOUaT7poEF,MSU: Michigan State University,Q2_MSU,2,2,0.9981963038444519
R_3FJRXcYabVVCZQr,MSU: Michigan State University,Q2_MSU,2,2,0.9981600642204285
R_5oistAcTnndh9Qt,MSU: Michigan State University,Q2_MSU,2,1,0.9059211611747742
R_DvCVQ68GObP3Tqx,MSU: Michigan State University,Q2_MSU,0,0,0.9980837106704712
R_3COalZWZZs9Ca88,MSU: Michigan State University,Q2_MSU,2,2,0.9979771971702576
R_2c1HURSF86sFm0e,MSU: Michigan State University,Q2_MSU,1,2,0.968749463558197
R_1k1BAiZlBxQTUH3,MSU: Michigan State University,Q2_MSU,2,2,0.9982330799102783
R_2ZD0TrUputmfeZD,MSU: Michigan State University,Q2_MSU,1,1,0.974028468132019
R_2EHoBpU7QZ0oEtr,MSU: Michigan State University,Q2_MSU,0,1,0.8835641145706177
R_2PbfdH5ldnIOWZX,MSU: Michigan State University,Q2_MSU,2,2,0.9979584217071533
R_xlzuehdtrEC4mM9,MSU: Michigan State University,Q2_MSU,1,1,0.9938149452209473
R_dpCugTShhBXyNsR,MSU: Michigan State University,Q2_MSU,1,1,0.9924169778823853
R_2aacXUTzGCaiItJ,MSU: Michigan State University,Q2_MSU,2,2,0.998224675655365
R_1nUb0DZupQMc5XH,MSU: Michigan State University,Q2_MSU,0,0,0.9016015529632568
R_3I3pW1646Dvsnut,MSU: Michigan State University,Q2_MSU,2,2,0.9977704286575317
R_3fW9eKNC8cBVNcZ,MSU: Michigan State University,Q2_MSU,2,1,0.6026339530944824
R_2rj9wVPK7IUKNV7,MSU: Michigan State University,Q2_MSU,0,0,0.7335350513458252
R_3ReeK0ewVpT9n76,MSU: Michigan State University,Q2_MSU,1,1,0.9922605156898499
R_1pG3QhAOFQf59hv,MSU: Michigan State University,Q2_MSU,2,2,0.99660325050354
R_31TcKNUo4cGNL6F,MSU: Michigan State University,Q2_MSU,1,1,0.9942711591720581
R_5zNh2edou4s39Qt,MSU: Michigan State University,Q2_MSU,2,2,0.9980997443199158
R_1mlxriOVnOqpp1R,MSU: Michigan State University,Q2_MSU,1,1,0.9936384558677673
R_1lxXI8axsyDCGru,MSU: Michigan State University,Q2_MSU,2,2,0.9967958331108093
R_AO39veN5coMIIE1,MSU: Michigan State University,Q2_MSU,1,1,0.9901270866394043
R_1kFSnbZK3Y5qucb,MSU: Michigan State University,Q2_MSU,2,2,0.9960094690322876
R_2sYAuN0M2R1uEDh,MSU: Michigan State University,Q2_MSU,2,2,0.9977139234542847
R_23epWqSrS93Mlno,MSU: Michigan State University,Q2_MSU,2,2,0.9962114095687866
R_1F8j2aAflUjNfjD,MSU: Michigan State University,Q2_MSU,2,2,0.9981914162635803
R_bKq34autjUV8lHP,MSU: Michigan State University,Q2_MSU,0,1,0.9891805052757263
R_1DD96Fr8ojd44Vm,MSU: Michigan State University,Q2_MSU,0,0,0.8222370743751526
R_2dYlbAk1ZxathfL,MSU: Michigan State University,Q2_MSU,2,0,0.49333178997039795
R_2zI9hZPouOpoVu3,MSU: Michigan State University,Q2_MSU,1,2,0.9942938685417175
R_1HdbFQNPJodO97z,MSU: Michigan State University,Q2_MSU,0,0,0.9290503859519958
R_21n7GLpmYN8QUaU,MSU: Michigan State University,Q2_MSU,1,1,0.9925826787948608
R_1MQl0WuRye8XXNT,MSU: Michigan State University,Q2_MSU,0,0,0.9944849610328674
R_3qkBqUMEUyppZ7T,MSU: Michigan State University,Q2_MSU,0,0,0.9966603517532349
R_88tf8f6ahEuofol,MSU: Michigan State University,Q2_MSU,1,2,0.9971928000450134
R_0cdlCsngRRA8nmN,MSU: Michigan State University,Q2_MSU,1,1,0.9926247000694275
R_3kAoIltu6FvbmYh,MSU: Michigan State University,Q2_MSU,2,2,0.998075008392334
R_2VegbW3ycYGFGGk,MSU: Michigan State University,Q2_MSU,1,1,0.990284264087677
R_0AnDFGS2ito6it3,MSU: Michigan State University,Q2_MSU,2,2,0.9983072280883789
R_2ASyEruW6b5cjOm,MSU: Michigan State University,Q2_MSU,2,1,0.8464897274971008
R_3j0QPc5J899e652,MSU: Michigan State University,Q2_MSU,1,1,0.947603702545166
R_2t9kemxtGyG1EAo,MSU: Michigan State University,Q2_MSU,2,1,0.9455353617668152
R_2dWwlVa72nZ1Y00,MSU: Michigan State University,Q2_MSU,2,2,0.9979944229125977
R_3n71nBVmyZqQgoP,MSU: Michigan State University,Q2_MSU,2,2,0.9983744621276855
R_egnkNsCgOAMedA5,MSU: Michigan State University,Q2_MSU,2,2,0.9983945488929749
R_2B563MSE5yCdmf7,MSU: Michigan State University,Q2_MSU,1,1,0.9925329685211182
R_20O7URvtUpRlTQq,MSU: Michigan State University,Q2_MSU,2,1,0.9646363854408264
R_brda0MjvKF0yDW9,MSU: Michigan State University,Q2_MSU,1,1,0.6723061203956604
R_yxbZXhcKAPCvI7n,MSU: Michigan State University,Q2_MSU,2,2,0.9891387820243835
R_Q6QdydjG8GEsB2h,MSU: Michigan State University,Q2_MSU,0,1,0.915778398513794
R_1BW69fOqIB0Oq6b,MSU: Michigan State University,Q2_MSU,2,2,0.9982978701591492
R_0ob5ehCn0IMOeVb,MSU: Michigan State University,Q2_MSU,1,2,0.9923045039176941
R_33g7qhZ2Snz01RT,MSU: Michigan State University,Q2_MSU,1,1,0.9928339719772339
R_xf0j0tkedSBFoYh,MSU: Michigan State University,Q2_MSU,1,1,0.857365071773529
R_1jwAfApoJxQiwaJ,MSU: Michigan State University,Q2_MSU,2,2,0.9984937906265259
R_3RxgnpBfiYCoTpg,MSU: Michigan State University,Q2_MSU,2,2,0.998304009437561
R_3O00ZlyL6IktOFx,MSU: Michigan State University,Q2_MSU,2,2,0.997710108757019
R_2VlRpcotpW1NJZJ,MSU: Michigan State University,Q2_MSU,2,2,0.9983245730400085
R_2lBqLqsTP5R6s1j,MSU: Michigan State University,Q2_MSU,2,2,0.9945216178894043
R_5VQ5mxRjHesjAlY,UF: University of Florida,Q3_UF,1,1,0.9709280729293823
R_7AEAFT5DaroseNX,UF: University of Florida,Q3_UF,1,1,0.9972544312477112
R_7efB6CMgGf7YZuy,UF: University of Florida,Q3_UF,1,1,0.9343334436416626
R_1VjVFuVv5VY7e8G,UF: University of Florida,Q3_UF,1,1,0.9973196387290955
R_5yqP0RU2FlbG2eC,UF: University of Florida,Q3_UF,0,1,0.9554300308227539
R_1fnWOenFmt4sXwB,UF: University of Florida,Q3_UF,1,2,0.9848647117614746
R_1CIez6d7fNguH5C,UF: University of Florida,Q3_UF,0,2,0.6153374314308167
R_7hxSMumzcFyLAvu,UF: University of Florida,Q3_UF,1,1,0.9974986910820007
R_6kFf3Kv0d9SCKKA,UF: University of Florida,Q3_UF,1,1,0.9973098039627075
R_7dszg6DpL18ur3M,UF: University of Florida,Q3_UF,1,1,0.997389018535614
R_1v91hYGnUG4NBkJ,UF: University of Florida,Q3_UF,1,1,0.997001588344574
R_5mkGuuw3McZZcWR,UF: University of Florida,Q3_UF,1,1,0.7022403478622437
R_62QsdQ9gNttnTJ0,UF: University of Florida,Q3_UF,1,2,0.9925386309623718
R_3pDxFNZ8pG1vAt5,UF: University of Florida,Q3_UF,0,1,0.9940849542617798
R_5fTexcIw7ma6yAJ,UF: University of Florida,Q3_UF,0,0,0.9977194666862488
R_3IoNyPA0mf5NkZJ,UF: University of Florida,Q3_UF,1,1,0.9970519542694092
R_7oSm32CpfKC8ceJ,UF: University of Florida,Q3_UF,0,1,0.9964422583580017
R_36FvL4nwQPK5wUF,UF: University of Florida,Q3_UF,0,0,0.9839177131652832
R_7AxZVTWzEFkBBLz,UF: University of Florida,Q3_UF,1,1,0.996944010257721
R_3EESzPNIpH00KCp,UF: University of Florida,Q3_UF,1,1,0.9973425269126892
R_7ZJMTKPDLrPebon,UF: University of Florida,Q3_UF,1,1,0.9972041845321655
R_7PBauFPjMklvISZ,UF: University of Florida,Q3_UF,1,1,0.9956997632980347
R_5GxIrqjSDJ22mRP,UF: University of Florida,Q3_UF,0,0,0.9981845021247864
R_3eapFTt1wroHHdC,UF: University of Florida,Q3_UF,1,1,0.9972540736198425
R_1Ep0GiMWu8MP4Qb,UF: University of Florida,Q3_UF,1,1,0.9968616962432861
R_36LDVJGtaTGTIo9,UF: University of Florida,Q3_UF,2,2,0.988203763961792
R_3ml9OTWgVOZoXAg,UF: University of Florida,Q3_UF,0,1,0.9971398115158081
R_6HphmXLe8c3bWzP,UF: University of Florida,Q3_UF,1,1,0.9935482144355774
R_6gAT36ecTdvlHpm,UF: University of Florida,Q3_UF,1,1,0.9959486722946167
R_60iAF27i8EEd2Pg,UF: University of Florida,Q3_UF,1,1,0.9819638729095459
R_7igs09p9Kpbsj1v,UF: University of Florida,Q3_UF,1,1,0.9957770109176636
R_6gOELpsk9x2ZCTL,UF: University of Florida,Q3_UF,0,0,0.9955443739891052
R_3ribPAWv5nlPqc5,UF: University of Florida,Q3_UF,2,2,0.9842258095741272
R_6R3A96Cb7GRH2qK,,Q3_UF,1,1,0.9974305033683777
R_1QJyAsiM0oMD4fn,UF: University of Florida,Q3_UF,1,2,0.9859674572944641
R_1wG3NYG6yZNWrod,UF: University of Florida,Q3_UF,0,0,0.9954386353492737
R_6X7dX0l6oGIXehg,UF: University of Florida,Q3_UF,1,1,0.9972705245018005
R_1qeEoTpPfcaY8tu,UF: University of Florida,Q3_UF,1,1,0.9961124062538147
R_5kLZBeMxsyPQRoL,UF: University of Florida,Q3_UF,0,1,0.9965134263038635
R_78TjnF4YE7JcFMW,UF: University of Florida,Q3_UF,2,2,0.992321789264679
R_7siAH470ZIL8Xo3,UF: University of Florida,Q3_UF,1,1,0.9909079074859619
R_1wTgusu7e5hb2LW,UF: University of Florida,Q3_UF,2,1,0.7081129550933838
R_17llCpAQAyriZEv,UF: University of Florida,Q3_UF,2,1,0.7787644863128662
R_6fkwTWefvjgGrJA,UF: University of Florida,Q3_UF,1,1,0.9947940707206726
R_5rxadIhL2qtmMZH,UF: University of Florida,Q3_UF,1,1,0.9971293807029724
R_7GvqfzWVXNeF26R,UF: University of Florida,Q3_UF,0,1,0.9966703057289124
R_1jwbqIlVMBBiuiT,UF: University of Florida,Q3_UF,1,1,0.9952309727668762
R_6jTj9wbYCpZR5Zo,MSU: Michigan State University,Q2_MSU,1,0,0.9975553154945374
R_3hcU4Fr9P3hozsd,MSU: Michigan State University,Q2_MSU,0,1,0.8901036977767944
R_6CPwEMRZt7klQFa,MSU: Michigan State University,Q2_MSU,0,0,0.9855079054832458
R_3kzxOx5mMXXEnSh,MSU: Michigan State University,Q2_MSU,0,0,0.9958311915397644
R_3HpEEoHogMOz4fe,MSU: Michigan State University,Q2_MSU,2,2,0.9949683547019958
R_3kb4mvrIMSYGcUe,MSU: Michigan State University,Q2_MSU,2,2,0.9971931576728821
R_7fwm7a5tBKZgNsd,MSU: Michigan State University,Q2_MSU,2,2,0.9497775435447693
R_5uVzI5hNZXyu3lm,MSU: Michigan State University,Q2_MSU,1,2,0.9027461409568787
R_5CPEqLwCjsH4uK1,MSU: Michigan State University,Q2_MSU,0,0,0.9971580505371094
R_6IbNKFJtDg9ZK0f,MSU: Michigan State University,Q2_MSU,2,2,0.9982290863990784
R_7CJ4aUgW14GNpEu,MSU: Michigan State University,Q2_MSU,2,2,0.8327171802520752
R_7nCrG3U2QYwFuCm,MSU: Michigan State University,Q2_MSU,0,0,0.9386547207832336
R_5QqNx0qNPAjBWZr,MSU: Michigan State University,Q2_MSU,1,2,0.9971274733543396
R_7eLfYgr1qWAkImO,MSU: Michigan State University,Q2_MSU,2,1,0.9581090807914734
R_7LetkduXApj5pMX,MSU: Michigan State University,Q2_MSU,2,2,0.9982849955558777
R_5DorFLqkKldPfJa,MSU: Michigan State University,Q2_MSU,2,2,0.9973466396331787
R_1mmZf0SFihqkb1Q,MSU: Michigan State University,Q2_MSU,2,2,0.9955589771270752
R_6wtASNHYLOVPZDQ,MSU: Michigan State University,Q2_MSU,1,2,0.9982810020446777
R_1dAMy6n0QnycX84,MSU: Michigan State University,Q2_MSU,1,2,0.9973735809326172
R_1WGfa5701SuYBgD,MSU: Michigan State University,Q2_MSU,2,2,0.9983357787132263
R_1g17BgssuD7QbXs,MSU: Michigan State University,Q2_MSU,1,2,0.9342126250267029
R_5WvCoos5M3m4vNL,MSU: Michigan State University,Q2_MSU,2,2,0.8197879195213318
R_5E3IkntJFnqbLb3,MSU: Michigan State University,Q2_MSU,2,2,0.9927201271057129
R_3dGwBSGViniYdB7,MSU: Michigan State University,Q2_MSU,2,2,0.9983121156692505
R_63VJDgvHEEuoMu3,MSU: Michigan State University,Q2_MSU,2,2,0.99849534034729
R_6SJF13YY7GfHmTe,MSU: Michigan State University,Q2_MSU,1,2,0.9865143895149231
R_6BrCf2cjF09VbNS,MSU: Michigan State University,Q2_MSU,2,2,0.9985243678092957
R_1eOk79WSWa8vM3H,MSU: Michigan State University,Q2_MSU,2,2,0.9968264102935791
R_30kPsbdbBjETf5l,MSU: Michigan State University,Q2_MSU,1,2,0.9954721927642822
R_62ok35LC6JOal9X,MSU: Michigan State University,Q2_MSU,0,0,0.8161688446998596
R_7NCcgyubBce0XnO,MSU: Michigan State University,Q2_MSU,1,2,0.9942870736122131
R_1mKwxkmFkXjg9HU,MSU: Michigan State University,Q2_MSU,2,2,0.9953072667121887
R_72LH5iop6FFn27J,MSU: Michigan State University,Q2_MSU,2,1,0.9352947473526001
R_6wHygsewIcJ79Eu,MSU: Michigan State University,Q2_MSU,2,2,0.9984404444694519
R_3kcEtSmSV2JdBPX,MSU: Michigan State University,Q2_MSU,2,2,0.9983988404273987
R_3f3gyBDmLJKUk7z,MSU: Michigan State University,Q2_MSU,2,2,0.9984741806983948
R_3D6CJ5Yc2U9ThAx,MSU: Michigan State University,Q2_MSU,2,2,0.9982423782348633
R_1C5w6BvyCRjR0BP,MSU: Michigan State University,Q2_MSU,1,2,0.9940117001533508
R_1IWuO1fhcgDugBD,MSU: Michigan State University,Q2_MSU,2,1,0.7029398679733276
R_7CNmurJBJ7o97GN,MSU: Michigan State University,Q2_MSU,0,0,0.9637166261672974
R_7oFSs8i4iEaljYh,MSU: Michigan State University,Q2_MSU,2,2,0.9983788728713989
R_1E0Yw1slSrSLfIy,MSU: Michigan State University,Q2_MSU,2,2,0.9984347224235535
R_3vAkGtp6qVGJgbf,MSU: Michigan State University,Q2_MSU,2,2,0.9984074234962463
R_3gPBtoAUwNKUnpD,MSU: Michigan State University,Q2_MSU,2,2,0.9894952178001404
R_7Ka7l49YafrjqXD,MSU: Michigan State University,Q2_MSU,0,2,0.9807500243186951
R_1CVvruXG88oTLRT,MSU: Michigan State University,Q2_MSU,0,2,0.7517232298851013
R_17I0UjnMxh0Bn4p,MSU: Michigan State University,Q2_MSU,2,2,0.6031368970870972
R_6A9LF3rfLzGAQKZ,MSU: Michigan State University,Q2_MSU,2,2,0.9970459342002869
R_1IhL8vueJkC9bQQ,MSU: Michigan State University,Q2_MSU,0,0,0.9986271858215332
R_5C5BQnlmZDz7LuV,MSU: Michigan State University,Q2_MSU,2,2,0.9968850016593933
R_63W9jCcngQMsKYl,MSU: Michigan State University,Q2_MSU,2,2,0.9984561204910278
R_54bKdFIrxQFDRIM,MSU: Michigan State University,Q2_MSU,2,2,0.9975202679634094
R_52tISnIb3eHzwsS,MSU: Michigan State University,Q2_MSU,2,0,0.5754035711288452
R_6dGQZYMXpgWymXV,MSU: Michigan State University,Q2_MSU,1,2,0.9981957077980042
R_3ckiVsGQdFnQ0AV,MSU: Michigan State University,Q2_MSU,1,2,0.6788167357444763
R_3JXEgsrP13Frv02,MSU: Michigan State University,Q2_MSU,2,2,0.9982526898384094
R_6mCdoD3Jiw68acs,MSU: Michigan State University,Q2_MSU,1,1,0.8803625702857971
R_6BQO0JcgdRB1DPs,MSU: Michigan State University,Q2_MSU,2,2,0.998492956161499
R_6ZIvDhVa13bExO1,MSU: Michigan State University,Q2_MSU,2,2,0.9943645000457764
R_3P5H5mvDmeOOzlA,MSU: Michigan State University,Q2_MSU,2,2,0.9981637597084045
R_1BrKT3favgAhcDO,MSU: Michigan State University,Q2_MSU,2,2,0.9921875
R_6KwpG35KMq6UprD,MSU: Michigan State University,Q2_MSU,2,2,0.9675902724266052
R_7EIlf7sn9h4PvZ7,MSU: Michigan State University,Q2_MSU,2,2,0.998449444770813
R_3lEDrTnPi770DTj,MSU: Michigan State University,Q2_MSU,2,2,0.8197879195213318
R_7pZyeOz7frU87Xb,MSU: Michigan State University,Q2_MSU,0,0,0.9905477166175842
R_12KSGClKbVohAoi,MSU: Michigan State University,Q2_MSU,2,2,0.9342582821846008
R_6LcAfun4lQuO66s,MSU: Michigan State University,Q2_MSU,1,0,0.8807697892189026
R_3esGoYcpYSe2Nhv,MSU: Michigan State University,Q2_MSU,2,2,0.9980422258377075
R_6akBqqlXMvQTHYR,MSU: Michigan State University,Q2_MSU,1,2,0.9984278678894043
R_7feiQDWUZSmvKQZ,MSU: Michigan State University,Q2_MSU,2,2,0.9967682361602783
R_5UQ0EIhY39limIN,MSU: Michigan State University,Q2_MSU,2,2,0.9979143738746643
R_7fs9YHLqtI5mHWb,MSU: Michigan State University,Q2_MSU,2,2,0.9898462891578674
R_3KPUVOHAQUayPO6,MSU: Michigan State University,Q2_MSU,2,1,0.5829078555107117
R_7irZXwfSoDHXjds,MSU: Michigan State University,Q2_MSU,1,2,0.9978491067886353
R_6eIYuev8k1JsAeS,MSU: Michigan State University,Q2_MSU,0,0,0.7584686875343323
R_3OlOZSsl8PJD1mr,MSU: Michigan State University,Q2_MSU,1,2,0.9975307583808899
R_72Y4ZdPIdKuL6bm,MSU: Michigan State University,Q2_MSU,2,2,0.9978033900260925
R_5oF5kENi6JE54H1,UF: University of Florida,Q2_UF,1,1,0.9868054389953613
R_7nVfRs25ocLzfSo,UF: University of Florida,Q2_UF,1,0,0.6514930129051208
R_7tL4MNUlaEBThWK,UF: University of Florida,Q2_UF,1,1,0.9896350502967834
R_6TyMNCxK4es2sYK,UF: University of Florida,Q2_UF,1,1,0.992074728012085
R_6y0DYvZvTUOmbnj,UF: University of Florida,Q2_UF,1,1,0.985236644744873
R_6H1Oz2vkXqe5Tnd,UF: University of Florida,Q2_UF,1,1,0.9753507971763611
R_5VEGdTHjdorCmGF,UF: University of Florida,Q2_UF,0,0,0.9966408014297485
R_3PoW87XbnD3dpEs,UF: University of Florida,Q2_UF,1,1,0.9942899942398071
R_6Dp8mbUbv27vJuy,UF: University of Florida,Q2_UF,0,1,0.9657427668571472
R_3iyD3QiN9w16RgJ,UF: University of Florida,Q2_UF,0,0,0.9952261447906494
R_6p2OvSk0540IFfC,UF: University of Florida,Q2_UF,0,0,0.9980481863021851
R_3QsX0w2vqfjALUL,UF: University of Florida,Q2_UF,0,0,0.9968165755271912
R_1re6BT1MoRiz2d4,,Q2_UF,0,0,0.9980314373970032
R_11zIVC07khkAE0n,UF: University of Florida,Q2_UF,2,1,0.9846773147583008
R_1Ii9nd4LTM375CP,UF: University of Florida,Q2_UF,0,0,0.9979999661445618
R_3FPUDktEVFmAUvH,UF: University of Florida,Q2_UF,0,0,0.9975774884223938
R_5Ymuae70nivIAiq,UF: University of Florida,Q2_UF,0,0,0.9977952241897583
R_6IWzg2oyLoX9kgO,UF: University of Florida,Q2_UF,1,1,0.9830385446548462
R_3Tt4svuRLqQHrgk,UF: University of Florida,Q2_UF,1,0,0.996978759765625
R_75KEMI8F8JX1PYh,UF: University of Florida,Q2_UF,1,1,0.9872514009475708
R_3K3rB7BhXkyuS2Z,UF: University of Florida,Q2_UF,2,1,0.9948562383651733
R_7CiCHeDQmKXUMp3,UF: University of Florida,Q2_UF,1,1,0.9910364151000977
R_3fJylFscKH0qdw4,UF: University of Florida,Q2_UF,1,1,0.9932449460029602
R_1pn6ILQZzwgDOmZ,UF: University of Florida,Q2_UF,1,0,0.9971811771392822
R_1Gets76lZCTCO3i,UF: University of Florida,Q2_UF,0,0,0.9966365098953247
R_1nOQ2Vql1v1wnZc,UF: University of Florida,Q2_UF,2,2,0.9869712591171265
R_3jILDMHxe6wlL8Z,UF: University of Florida,Q2_UF,1,1,0.9914325475692749
R_3mIrqpv2kPdiArZ,UF: University of Florida,Q2_UF,1,1,0.9963221549987793
R_5Hoc6bErnlqTHEh,UF: University of Florida,Q2_UF,0,0,0.9976505637168884
R_5VjyqH9ahKrKLwZ,UF: University of Florida,Q2_UF,1,1,0.9804383516311646
R_3ksTIU6ZV0olLDT,,Q2_UF,0,0,0.997931718826294
R_1HjfBd9SEvFobiH,UF: University of Florida,Q2_UF,1,0,0.9973840117454529
R_3YkNzZ32Cw2ukdy,UF: University of Florida,Q2_UF,0,0,0.9978499412536621
R_7DYcLMn3CSPwZV5,UF: University of Florida,Q2_UF,0,0,0.9978210926055908
R_1Tt6iWRGtzv56xD,UF: University of Florida,Q2_UF,0,0,0.9980103373527527
R_30ShRhDUxqEuIkn,UF: University of Florida,Q2_UF,0,0,0.9980261921882629
R_5MxNwaOf7LyI34s,UF: University of Florida,Q2_UF,0,0,0.995016872882843
R_1mgw8xyQtZQaZhG,UF: University of Florida,Q2_UF,0,0,0.9980095028877258
R_3jIEc2osnKsA5yT,UF: University of Florida,Q2_UF,0,1,0.961868941783905
R_1p2Y6UVbMhWfxXr,UF: University of Florida,Q2_UF,2,1,0.9882105588912964
R_5Yrcd1phh6Tafb8,UF: University of Florida,Q2_UF,0,0,0.9967607855796814
R_1fBrfy5Av5Hpnqs,UF: University of Florida,Q2_UF,0,0,0.9970888495445251
R_6f8TGaN95r6UJaf,UF: University of Florida,Q2_UF,1,1,0.7700942754745483
R_19AG3OHeggN6cXD,UF: University of Florida,Q2_UF,0,0,0.9276742935180664
R_1ELznnZi5K523jr,UF: University of Florida,Q2_UF,0,0,0.9979793429374695
R_7YgGtVP4bsH92wh,UF: University of Florida,Q2_UF,0,0,0.99770587682724
R_3Q3lNEg8FGVTBDv,UF: University of Florida,Q2_UF,0,0,0.9975618124008179
R_5AISs5NNS0dTLfb,UF: University of Florida,Q2_UF,0,1,0.6324077844619751
R_7CggiWGfNLkWauo,UF: University of Florida,Q2_UF,0,0,0.9974822402000427
R_3CvSJeee7msJHbT,UF: University of Florida,Q2_UF,0,0,0.9978336691856384
R_1oGZH55nqCXoa0h,UF: University of Florida,Q2_UF,0,0,0.9979385733604431
R_5czoEwOLGXDIP7X,,Q2_UF,1,1,0.9904058575630188
R_5v5IdW1UKGYl5v7,UF: University of Florida,Q2_UF,0,0,0.9977642297744751
R_5kB14hCmiSRuChM,,Q2_UF,0,0,0.9975351095199585
R_3AMTeL1LT7E01uV,MSU: Michigan State University,Q2_MSU,1,1,0.9930991530418396
R_3fva0A1J36s4rFV,MSU: Michigan State University,Q2_MSU,0,1,0.8207220435142517
R_6JFoLuMd42Edpzq,MSU: Michigan State University,Q2_MSU,2,2,0.9963670969009399
R_63eFOqpHw3y8Snn,MSU: Michigan State University,Q2_MSU,2,2,0.9968224763870239
R_35R8qFoRP6Icm4g,MSU: Michigan State University,Q2_MSU,2,2,0.9328746199607849
R_6jVEvE4i3OX7Nye,MSU: Michigan State University,Q2_MSU,1,1,0.9927510023117065
R_3EFii7hS7Fdagpj,MSU: Michigan State University,Q2_MSU,1,1,0.9926760792732239
R_1ML03448XQrI0yN,MSU: Michigan State University,Q2_MSU,2,2,0.9984567165374756
R_5QDDtW68x7yFfDM,MSU: Michigan State University,Q2_MSU,2,2,0.9742110371589661
R_17iwXAv7rjRthRv,MSU: Michigan State University,Q2_MSU,1,1,0.5759077668190002
R_6OIupqRJYKbTRwB,MSU: Michigan State University,Q2_MSU,0,1,0.9311369061470032
R_62VKbDQ1sYTVhFj,MSU: Michigan State University,Q2_MSU,2,2,0.9458205103874207
R_6NfZLFlA638jqjt,MSU: Michigan State University,Q2_MSU,2,2,0.9974608421325684
R_3BmkJFjOernZm26,MSU: Michigan State University,Q2_MSU,1,1,0.992388129234314
R_52l0s7I6T7dNTWn,MSU: Michigan State University,Q2_MSU,1,1,0.9945176243782043
R_6K22C6A0tyi5RQK,MSU: Michigan State University,Q2_MSU,1,1,0.9900740385055542
R_3uypYt8BzKn8Gtz,MSU: Michigan State University,Q2_MSU,2,2,0.9983662962913513
R_3ltC6b8g8lLehCO,MSU: Michigan State University,Q2_MSU,1,1,0.9936304688453674
R_7x5MakAo7LL97Zn,MSU: Michigan State University,Q2_MSU,2,2,0.9418039321899414
R_7f952usqALZFBkz,MSU: Michigan State University,Q2_MSU,2,2,0.9983575940132141
R_7kcwUtGiczw2Ub4,MSU: Michigan State University,Q2_MSU,2,1,0.6555891633033752
R_1EpfyKPVIN2rMFj,MSU: Michigan State University,Q2_MSU,1,1,0.8878443241119385
R_1QnYWzU6D2RpO2R,MSU: Michigan State University,Q2_MSU,2,2,0.9977339506149292
R_7WATVXqN3t6irDj,MSU: Michigan State University,Q2_MSU,2,2,0.9984903335571289
R_1Ua4d6nG3i2MRr4,MSU: Michigan State University,Q2_MSU,2,2,0.9983867406845093
R_1SlDWmrMD7wqgCm,MSU: Michigan State University,Q2_MSU,2,2,0.9984174966812134
R_72t7bfQjKP9ch1L,MSU: Michigan State University,Q2_MSU,2,2,0.9979650974273682
R_1aVVfQpyroF7Bra,MSU: Michigan State University,Q2_MSU,2,2,0.9980883002281189
R_3ie4WZ6akPGXSco,MSU: Michigan State University,Q2_MSU,2,2,0.9893323183059692
R_1ClGvKp6ERG9LQQ,MSU: Michigan State University,Q2_MSU,1,2,0.9976039528846741
R_6g5cx7RbVAej6vC,MSU: Michigan State University,Q2_MSU,2,2,0.9963890314102173
R_1zqdJYecAOjRx2V,MSU: Michigan State University,Q2_MSU,2,2,0.9948587417602539
R_6RQBeuAardbSt9a,MSU: Michigan State University,Q2_MSU,2,2,0.9982129335403442
R_13D8kXmO38iNaR2,MSU: Michigan State University,Q2_MSU,1,1,0.9938188195228577
R_6Pw9RJw9EBIg1aY,MSU: Michigan State University,Q2_MSU,1,0,0.676336407661438
R_3Ra0E6kzKRyG6l3,MSU: Michigan State University,Q2_MSU,0,1,0.7683327794075012
R_3PA1VlNN46oE4sd,MSU: Michigan State University,Q2_MSU,0,1,0.9780758023262024
R_3xqMt0M2y4aPBZv,MSU: Michigan State University,Q2_MSU,1,1,0.9924740195274353
R_77OZ0gE3T3RLwWZ,MSU: Michigan State University,Q2_MSU,2,2,0.9984415173530579
R_7LCOawcZ0rdbLVd,MSU: Michigan State University,Q2_MSU,1,1,0.9926974177360535
R_7kUHhhGExshXRl3,MSU: Michigan State University,Q2_MSU,2,2,0.9985007047653198
R_1FLH1RdB4sl2RNb,MSU: Michigan State University,Q2_MSU,0,1,0.9674060344696045
R_7CxUpKTuGduToDY,MSU: Michigan State University,Q2_MSU,2,2,0.9983365535736084
R_68oLCFMSKj6FuAp,MSU: Michigan State University,Q2_MSU,2,1,0.9441174268722534
R_67JRYTHyvkOlBDT,MSU: Michigan State University,Q2_MSU,0,0,0.743015706539154
R_34Jbjp33CUjaTpi,MSU: Michigan State University,Q2_MSU,0,0,0.9982728958129883
R_7Nq29CKDHjy4T7b,MSU: Michigan State University,Q2_MSU,1,2,0.9982097148895264
