response_id,university,Question_type,true_label,predicted_label,confidence
R_2rCa1N6N3d3HwaW,"UTEP: University of Texas, El Paso",Q1_UTEP,0,0,0.9979531764984131
R_1l6k4qkDrqMeRvb,"UTEP: University of Texas, El Paso",Q1_UTEP,1,0,0.9751596450805664
R_3NIlzVxxdTzlwpc,"UTEP: University of Texas, El Paso",Q1_UTEP,1,0,0.6951534152030945
R_2WPGuT5oAsecvWe,"UTEP: University of Texas, El Paso",Q1_UTEP,0,0,0.9989625215530396
R_2wzPuumMQ1zGGe4,"UTEP: University of Texas, El Paso",Q1_UTEP,0,0,0.9987094402313232
R_1jCjVLKNgb2huSg,"UTEP: University of Texas, El Paso",Q1_UTEP,0,0,0.9986714124679565
R_7IPME13SknzIWBL,ISU: Iowa State University,Q3_ISU,1,2,0.9594653844833374
R_5Ddtdgsx9r0zrQc,ISU: Iowa State University,Q3_ISU,0,0,0.9960307478904724
R_1e5v6fwwBF04jrM,ISU: Iowa State University,Q3_ISU,0,0,0.9973810315132141
R_1jNVk8aO7n6DGcI,ISU: Iowa State University,Q3_ISU,1,0,0.9949317574501038
R_1f8rzzLS6uKlRkw,ISU: Iowa State University,Q3_ISU,1,1,0.9874184131622314
R_6e8RHrMXSwpiDIZ,ISU: Iowa State University,Q3_ISU,0,1,0.9446513652801514
R_34ywUo6x0ujtnJT,ISU: Iowa State University,Q3_ISU,2,0,0.9941824078559875
R_5rT1LgRg1A2Kkya,ISU: Iowa State University,Q3_ISU,0,0,0.9975753426551819
R_5Gjj4Jg955jPXVo,ISU: Iowa State University,Q3_ISU,1,0,0.9909720420837402
R_6gJV0etfg9R0cnf,ISU: Iowa State University,Q3_ISU,1,0,0.9971466660499573
R_3xFBEh15xQlVRnq,ISU: Iowa State University,Q3_ISU,0,0,0.9966588020324707
R_6PG1Cuv76VepqWl,ISU: Iowa State University,Q3_ISU,0,0,0.9970636963844299
R_71gpBDaoM71iOWd,ISU: Iowa State University,Q3_ISU,0,0,0.9976544976234436
R_35Lcxmkaz67yob7,ISU: Iowa State University,Q3_ISU,1,1,0.9782403707504272
R_58R6JUKSuomDZAJ,ISU: Iowa State University,Q3_ISU,0,0,0.9991258978843689
R_5gBZoyE4vNPGlI5,ISU: Iowa State University,Q3_ISU,0,0,0.9946139454841614
R_1eA84Im7beahoY1,ISU: Iowa State University,Q3_ISU,0,0,0.9959859251976013
R_7fdTODCfM0sSAS3,ISU: Iowa State University,Q3_ISU,0,0,0.9961004257202148
R_1hMg5JnEnxc5DvY,ISU: Iowa State University,Q3_ISU,0,0,0.9981517195701599
R_11ggthKN9fi3OAX,ISU: Iowa State University,Q3_ISU,0,0,0.9958903193473816
R_5pgaq0pYCpZl0Yn,ISU: Iowa State University,Q3_ISU,0,0,0.9973898530006409
R_6yeK7gFLIyf5hg3,ISU: Iowa State University,Q3_ISU,0,0,0.9988794922828674
R_1nX6cppexZiCa3f,ISU: Iowa State University,Q3_ISU,1,1,0.984062910079956
R_32lNgQM6f5cqFfH,ISU: Iowa State University,Q3_ISU,0,0,0.9979758858680725
R_7eskBBLFPrXiCcX,ISU: Iowa State University,Q3_ISU,0,0,0.9943004846572876
R_6S6l3EmaWPCUCtQ,ISU: Iowa State University,Q3_ISU,0,0,0.9991644620895386
R_1OnLYobBrU0J9n3,ISU: Iowa State University,Q4_ISU,0,0,0.9905039668083191
R_6KW9lx7XeHmSWuY,ISU: Iowa State University,Q4_ISU,1,2,0.9848377704620361
R_6H1CDySa09NOhIF,ISU: Iowa State University,Q4_ISU,1,0,0.9988365769386292
R_5daTTG5Nj0bpgIQ,ISU: Iowa State University,Q4_ISU,0,0,0.9963280558586121
R_3clD3zfmf2dSJC9,ISU: Iowa State University,Q4_ISU,0,0,0.9997149109840393
R_1M3gVjepPyGy6gQ,ISU: Iowa State University,Q4_ISU,2,2,0.7921056747436523
R_1oAxLJaF7Ca3G4k,ISU: Iowa State University,Q4_ISU,0,0,0.9952625036239624
R_1ctEuox4xtQMb32,ISU: Iowa State University,Q4_ISU,1,1,0.9773498177528381
R_1zItB9clYizWYzB,ISU: Iowa State University,Q4_ISU,0,0,0.9966838955879211
R_7qwjqzh8MkMxwkl,ISU: Iowa State University,Q4_ISU,0,0,0.9976882934570312
R_1VR7Wcu6KzUgkBs,ISU: Iowa State University,Q4_ISU,0,1,0.9949533343315125
R_6rRMoJwCrYSQv8B,ISU: Iowa State University,Q4_ISU,1,1,0.6449719071388245
R_7PTTlI8rRTywj9x,ISU: Iowa State University,Q4_ISU,1,1,0.993496298789978
R_2AHnha63e5ixr3O,UF: University of Florida,Q2_UF,0,1,0.9838027954101562
R_ePypgfabK1EGpoZ,UF: University of Florida,Q2_UF,0,0,0.9996576309204102
R_2yjCOIGcNitkSe9,UF: University of Florida,Q2_UF,0,0,0.9930954575538635
R_3QPJ7VxNRXXe4QR,UF: University of Florida,Q2_UF,0,0,0.9993209838867188
R_piLTsh0jCe1Nxlv,UF: University of Florida,Q2_UF,1,1,0.9887624382972717
R_3e9LXigHqb3padf,UF: University of Florida,Q2_UF,0,0,0.9962531328201294
R_1Qa1aMyxfgnMsf2,UF: University of Florida,Q2_UF,0,0,0.9994704127311707
R_1d5JCzoywo5qsHz,UF: University of Florida,Q2_UF,0,0,0.999336302280426
R_1DYeZVlMR0yqoa0,UF: University of Florida,Q2_UF,0,0,0.9978138208389282
R_27lfLtyv1ssz1v7,UF: University of Florida,Q2_UF,1,1,0.9928774237632751
R_1FgmJdZogVIpfMA,UF: University of Florida,Q2_UF,1,1,0.9950868487358093
R_12sZ7fCjIj6oaVa,UF: University of Florida,Q2_UF,0,0,0.9995037317276001
R_0MQRpHixKGKfQzf,UF: University of Florida,Q2_UF,1,1,0.9963480830192566
R_1kFdAVzfwHe76Rq,UF: University of Florida,Q2_UF,1,1,0.9886886477470398
R_12QkKp4Dmy4NhYx,UF: University of Florida,Q2_UF,2,1,0.9895351529121399
R_5gNgxPGdZeRIs4F,UF: University of Florida,Q2_UF,0,0,0.9994033575057983
R_10NmNgK1lNpdI11,UF: University of Florida,Q2_UF,1,1,0.9937595725059509
R_p9HQ6d5neyHqpPz,UF: University of Florida,Q2_UF,0,0,0.997951328754425
R_3mcP1Qiyii91Sk9,UF: University of Florida,Q2_UF,0,0,0.9953979849815369
R_2dEz1evreucmIKw,UF: University of Florida,Q2_UF,0,1,0.9714932441711426
R_2YfuUd96cpwExTw,UF: University of Florida,Q2_UF,0,0,0.9995812773704529
R_3gYR5VI4qA6FbK5,UF: University of Florida,Q2_UF,0,0,0.9986188411712646
R_2aVqGm8pYfGOllh,UF: University of Florida,Q2_UF,0,0,0.9990541338920593
R_295hwb3vc9LKKxx,UF: University of Florida,Q2_UF,0,0,0.9937435984611511
R_26hVaB2qpXKPzCX,UF: University of Florida,Q2_UF,0,1,0.993866503238678
R_3k647OnhA32lBMB,UF: University of Florida,Q2_UF,1,1,0.9971832633018494
R_DGjYYgb95BEnuFP,,Q2_UF,0,0,0.995894193649292
R_2cj8eoXwNaSApuq,UF: University of Florida,Q2_UF,1,0,0.9982144832611084
R_3koZDT3MjVtcQl3,UF: University of Florida,Q2_UF,1,0,0.9981496334075928
R_PIFWsY9IrVSdYRz,UF: University of Florida,Q2_UF,0,2,0.9854876399040222
R_1DoorjauORI3gzz,UF: University of Florida,Q2_UF,0,0,0.9997137188911438
R_2X4gpKhNI2hKcNA,UF: University of Florida,Q2_UF,1,1,0.984328031539917
R_3Ez2qF0LoEhVVAp,UF: University of Florida,Q2_UF,0,0,0.9967828989028931
R_1PcwiZx3AR4goJZ,UF: University of Florida,Q2_UF,1,1,0.9950076341629028
R_3MtaUIMjvJVPBr1,UF: University of Florida,Q2_UF,0,0,0.9995465874671936
R_2Ysn7bkaI3VsNsl,UF: University of Florida,Q2_UF,1,0,0.9916554689407349
R_RUg4zD8PXY8NeaB,UF: University of Florida,Q2_UF,1,1,0.9896457195281982
R_cY25qF1A2GStINX,UF: University of Florida,Q2_UF,1,0,0.9951664209365845
R_2ckhQv4nJ90pbbi,UF: University of Florida,Q2_UF,0,0,0.9970070719718933
R_7QCipo49G0BBpRv,UF: University of Florida,Q2_UF,0,0,0.9980497360229492
R_Dq4zYA2a1jap3Mt,UF: University of Florida,Q2_UF,0,0,0.998431384563446
R_3Emv0M6VF9SEArM,UF: University of Florida,Q2_UF,0,0,0.9980583786964417
R_2dlN5B8YPmR7oto,UF: University of Florida,Q2_UF,1,1,0.9925285577774048
R_1CDUo72SFdWqrdx,UF: University of Florida,Q2_UF,0,0,0.9995274543762207
R_3qL75uYG08bPR3q,UF: University of Florida,Q2_UF,0,0,0.997772753238678
R_1Okmze1wvWKWi8F,UF: University of Florida,Q2_UF,0,0,0.9995150566101074
R_22yJ0Y9pmOWjDyn,,Q2_UF,0,0,0.9996770620346069
R_1JIXEmB9Y2OEbXp,UF: University of Florida,Q2_UF,1,0,0.9990395903587341
R_29ntW4yUhZ3jVTw,ISU: Iowa State University,Q1_ISU,2,1,0.9979879856109619
R_XOfJbeM43SgeyCR,ISU: Iowa State University,Q1_ISU,2,2,0.9943477511405945
R_2axGo50ZAjOiDuU,ISU: Iowa State University,Q1_ISU,2,1,0.9978233575820923
R_27TgnY9wXz03ROk,ISU: Iowa State University,Q1_ISU,1,1,0.9982048273086548
R_2WxveTvoQ3wH7ko,ISU: Iowa State University,Q1_ISU,1,1,0.9974493384361267
R_1QfQGrw6na0ToKN,ISU: Iowa State University,Q1_ISU,2,2,0.9964603781700134
R_Rk2OpraIdU5dtER,ISU: Iowa State University,Q1_ISU,1,1,0.9976403713226318
R_DNbGtGsltt6YgYp,ISU: Iowa State University,Q1_ISU,1,1,0.9983774423599243
R_1E5JRuVxt5tFEb7,ISU: Iowa State University,Q1_ISU,2,2,0.996582567691803
R_1gTpX6pM3wk4OWR,ISU: Iowa State University,Q1_ISU,2,2,0.9967402815818787
R_8dgMJbrxG7G8pHP,ISU: Iowa State University,Q1_ISU,1,1,0.9972102046012878
R_2xF2oPGL6FBdgOn,ISU: Iowa State University,Q1_ISU,1,1,0.9981511235237122
R_3JELb6DdyEO582a,ISU: Iowa State University,Q1_ISU,1,1,0.9976974129676819
R_1dnvSLbpJgBTXTG,ISU: Iowa State University,Q1_ISU,0,1,0.9971635937690735
R_1eUBRVBVFe7Kptj,ISU: Iowa State University,Q1_ISU,0,0,0.9967406392097473
R_3hcqL3C6mWBEbJb,ISU: Iowa State University,Q1_ISU,1,1,0.9982739686965942
R_1LBvWtTcENRcy8k,ISU: Iowa State University,Q1_ISU,2,2,0.9918851852416992
R_29pUU9hefrTU9SV,ISU: Iowa State University,Q1_ISU,1,1,0.9964762330055237
R_a9msDKjrZEl5GNj,ISU: Iowa State University,Q1_ISU,2,2,0.9965564012527466
R_2R9SUOW2ZT1pXG8,ISU: Iowa State University,Q1_ISU,1,1,0.9954543113708496
R_d7tF60k75vbvT8t,ISU: Iowa State University,Q1_ISU,2,1,0.9953886270523071
R_2fdm2ahugqnQ1gy,ISU: Iowa State University,Q1_ISU,2,2,0.996656060218811
R_28TDDGf7GzEEHzc,ISU: Iowa State University,Q1_ISU,1,2,0.9965502023696899
R_3fIw1FqGaReMayQ,"UTEP: University of Texas, El Paso",Q2_UTEP,2,2,0.9966392517089844
R_p0F6iCLjlEQhDLb,"UTEP: University of Texas, El Paso",Q2_UTEP,2,2,0.9908134341239929
R_3EPZt3AVC1eAWhq,"UTEP: University of Texas, El Paso",Q2_UTEP,2,2,0.9966777563095093
R_5tJ3ynU4siwIVWS,UF: University of Florida,Q3_UF,0,1,0.95707106590271
R_6f2JAYNwP81ksnH,UF: University of Florida,Q3_UF,1,1,0.984921395778656
R_1Sjc3roe8FisWlK,UF: University of Florida,Q3_UF,1,1,0.9953018426895142
R_7EFRGsa74t7oM38,UF: University of Florida,Q3_UF,1,1,0.5883786678314209
R_1KdQca4KWwKdD4Y,UF: University of Florida,Q3_UF,1,1,0.5801856517791748
R_5kGqmTz1vdukKyK,UF: University of Florida,Q3_UF,1,1,0.9981626868247986
R_5CBDHIlaFdj9lId,UF: University of Florida,Q3_UF,1,1,0.9981405735015869
R_6pAY1Q8n5arb4M9,UF: University of Florida,Q3_UF,1,1,0.9974404573440552
R_6rOQj5qVrXuAwiP,UF: University of Florida,Q3_UF,0,1,0.997591495513916
R_3prtB5xdbyn3lHd,UF: University of Florida,Q3_UF,0,2,0.531226634979248
R_6n75A5TuRRb8loF,UF: University of Florida,Q3_UF,1,1,0.9977095127105713
R_3DjssqxHrlc9va2,UF: University of Florida,Q3_UF,1,1,0.9971070885658264
R_6EbAVWqL3pqCIBT,UF: University of Florida,Q3_UF,1,1,0.9983678460121155
R_1FPx1OjtRRqNupz,UF: University of Florida,Q3_UF,1,0,0.9540067315101624
R_1P5SP3qsdZ2HRP0,UF: University of Florida,Q3_UF,1,1,0.9982938170433044
R_5gK7xhiFiQDc6kh,UF: University of Florida,Q3_UF,1,2,0.9966981410980225
R_708WX9eJAXho1M7,UF: University of Florida,Q3_UF,0,0,0.9987043142318726
R_6PAmsAB2DIovf26,,Q3_UF,1,1,0.9983094930648804
R_3kRcNmN3w7xthd1,UF: University of Florida,Q3_UF,1,1,0.9979515671730042
R_5MLNMWlrdIf7FW7,UF: University of Florida,Q3_UF,0,1,0.9962150454521179
R_5pD4dbFCNbp9XTH,UF: University of Florida,Q3_UF,1,1,0.9983459711074829
R_52PYXUm2b2fRsbM,UF: University of Florida,Q3_UF,1,0,0.8981789350509644
R_1q7GF4zeSCW6Lgt,UF: University of Florida,Q3_UF,1,0,0.9883131384849548
R_3GjgeOrkp430l6g,UF: University of Florida,Q3_UF,1,1,0.9980431795120239
R_7mRkMVTi5G3y8SZ,UF: University of Florida,Q3_UF,0,0,0.9988576173782349
R_3pu04idHWaoye1P,UF: University of Florida,Q3_UF,1,1,0.997368335723877
R_5MYB7xbQeHOO9rP,UF: University of Florida,Q3_UF,1,1,0.9982714653015137
R_5dEtdaqgptWpRqU,UF: University of Florida,Q3_UF,1,1,0.9978694915771484
R_5r7J416BO7270iX,UF: University of Florida,Q3_UF,1,1,0.9983329176902771
R_32nUsTCDIoepgYu,UF: University of Florida,Q3_UF,0,0,0.9973152279853821
R_1OU9X6ExOijr4X3,UF: University of Florida,Q3_UF,1,1,0.9981817007064819
R_3TgX0eQJ92QnKjT,UF: University of Florida,Q3_UF,1,1,0.9780281186103821
R_7Dvfn8EScYZbh5A,UF: University of Florida,Q3_UF,1,1,0.9981144666671753
R_3AHrftA3jFePBYd,UF: University of Florida,Q3_UF,2,2,0.9966161847114563
R_11aJ3cfI0bDKxom,UF: University of Florida,Q3_UF,1,1,0.9983221888542175
R_5fdAQJTHurpx44s,UF: University of Florida,Q3_UF,1,1,0.9950183629989624
R_7FUScCCZMiaK40h,UF: University of Florida,Q3_UF,2,2,0.9966296553611755
R_1D6PR4bgRK1fIKT,UF: University of Florida,Q3_UF,0,1,0.9964099526405334
R_71ib9FDCtiMdLHi,UF: University of Florida,Q3_UF,1,1,0.998084545135498
R_75GAPg8OLOb019L,UF: University of Florida,Q3_UF,1,0,0.9869638085365295
R_5BFh78XlBiyCl3j,UF: University of Florida,Q3_UF,1,1,0.9981777667999268
R_1MSRO5fSQNYzRhk,UF: University of Florida,Q3_UF,1,1,0.9866598844528198
R_52McQwPqUJMCJ8l,UF: University of Florida,Q3_UF,1,1,0.997908353805542
R_51VmIJwuL5hq5JT,UF: University of Florida,Q3_UF,2,2,0.9967988729476929
R_33fJS5tTlZLDChO,UF: University of Florida,Q3_UF,1,1,0.9958885312080383
R_5fPJ0K0qs0M5Ndv,UF: University of Florida,Q3_UF,2,2,0.9966626763343811
R_7rpwISz2NGts20i,UF: University of Florida,Q3_UF,1,1,0.9964601397514343
R_5HOV47Y6SiAFvZn,UF: University of Florida,Q3_UF,1,0,0.9950681924819946
R_3vArAD8WcItpXpf,UF: University of Florida,Q3_UF,1,2,0.9940193891525269
R_710I5UYMVp9RYwx,UF: University of Florida,Q3_UF,1,1,0.9983662962913513
R_6QF3nHP5N5mf6Nt,UF: University of Florida,Q3_UF,0,1,0.9795971512794495
R_3R3ZPjqLAzxJ07n,UF: University of Florida,Q3_UF,1,1,0.9966180920600891
R_7ARNGecEe0nQqId,UF: University of Florida,Q3_UF,2,2,0.9500586986541748
R_5k0lgVz79EdpbwJ,UF: University of Florida,Q3_UF,1,2,0.9959534406661987
R_5ogPKgku3CfrXtW,UF: University of Florida,Q3_UF,1,1,0.995398223400116
R_6fPmEWEamRphBPA,UF: University of Florida,Q3_UF,2,2,0.9945141077041626
R_5bQapqbluhObCWO,UF: University of Florida,Q3_UF,1,1,0.9616628289222717
R_52PIzgED58tfzVv,UF: University of Florida,Q3_UF,1,2,0.9967843294143677
R_7WDbZ32ZNybh7Vl,UF: University of Florida,Q3_UF,0,1,0.9958296418190002
R_3CDfsfW027lM41H,UF: University of Florida,Q3_UF,1,1,0.9978944659233093
R_5TC7lQssV2wprpm,UF: University of Florida,Q3_UF,1,2,0.9960799813270569
R_1VJAPHKtCT9jVFo,UF: University of Florida,Q3_UF,1,0,0.996889054775238
R_191FRVR2Pbc3ilH,UF: University of Florida,Q3_UF,1,1,0.9982694387435913
R_3jHSEpkLfp7KXPH,UF: University of Florida,Q3_UF,0,0,0.9979302883148193
R_3jZdJrrOie2R5BH,UF: University of Florida,Q3_UF,2,2,0.9907034635543823
R_1o6AUF1nDMrlJOI,UF: University of Florida,Q3_UF,0,0,0.9983152151107788
R_6cvdCsMKmSrSbfh,UF: University of Florida,Q3_UF,1,1,0.9924255609512329
R_1mmHwSeaSiUgqyT,UF: University of Florida,Q3_UF,1,1,0.9979473948478699
R_6f3RBWd7pESfeaW,UF: University of Florida,Q3_UF,2,2,0.9965576529502869
R_5EcDAWuQNdphsKB,UF: University of Florida,Q3_UF,0,1,0.9977192282676697
R_2axUzEdQEVNcYxZ,UF: University of Florida,Q1_UF,1,1,0.7574882507324219
R_bE1WQrorAN4TxS1,UF: University of Florida,Q1_UF,0,0,0.8069553375244141
R_1pZ38OBWPH40rXQ,UF: University of Florida,Q1_UF,0,1,0.8773478865623474
R_3Ic6jHu5XT17XAp,UF: University of Florida,Q1_UF,1,1,0.9971068501472473
R_W03kc79KofbGISZ,UF: University of Florida,Q1_UF,0,0,0.9846263527870178
R_3hc1f2f6aNrqRWU,UF: University of Florida,Q1_UF,0,1,0.5187970995903015
R_1jxCcm2EVh20ivB,UF: University of Florida,Q1_UF,0,0,0.9936354160308838
R_3fk208ryYqLI8wo,UF: University of Florida,Q1_UF,0,2,0.4774932861328125
R_1gNs1RzNEsd4EQK,UF: University of Florida,Q1_UF,0,1,0.9955604076385498
R_3qs5goZIsBmUqLr,UF: University of Florida,Q1_UF,0,0,0.9924355149269104
R_28HXJe5hPJiKYvq,Other university:,Q1_UF,0,2,0.5400553941726685
R_6zENg8ZqDL2R6NP,UF: University of Florida,Q1_UF,0,0,0.9959237575531006
R_PN9EHIhg162qBWh,UF: University of Florida,Q1_UF,0,0,0.9954812526702881
R_12FpowXCnZZub3M,UF: University of Florida,Q1_UF,0,0,0.9953514337539673
R_3k0zZXwyth2iLbp,UF: University of Florida,Q1_UF,0,2,0.9950311183929443
R_1ocEL0hVlJbPrSJ,UF: University of Florida,Q1_UF,1,1,0.5293989777565002
R_TvVmGpA5A8sJMg9,UF: University of Florida,Q1_UF,0,0,0.9976590871810913
R_1jvREj3Vh4JZYr9,UF: University of Florida,Q1_UF,0,0,0.9967395663261414
R_2e4LDZ9gJ8akzMm,UF: University of Florida,Q1_UF,1,1,0.9976314306259155
R_3iED9dXG3vMkQtO,UF: University of Florida,Q1_UF,1,0,0.994905948638916
R_SWa6KpztPFgaH4d,UF: University of Florida,Q1_UF,1,0,0.9924008846282959
R_3j2mBrl56eg5472,UF: University of Florida,Q1_UF,1,2,0.3943239450454712
R_22FjvlOAWJ40wYV,UF: University of Florida,Q1_UF,1,2,0.9896903038024902
R_3HCy8H6Id2E8xp2,UF: University of Florida,Q1_UF,0,0,0.9934212565422058
R_3O00uQ2kSsIHE8L,UF: University of Florida,Q1_UF,1,2,0.8878687620162964
R_wZwmLYtTBPyDFDz,UF: University of Florida,Q1_UF,0,1,0.8209242820739746
R_Rrd8uNImBOCZ2gx,UF: University of Florida,Q1_UF,1,0,0.9652205109596252
R_1pSvjYMNwt2KLPu,UF: University of Florida,Q1_UF,0,0,0.9877492785453796
R_3PdA4XvblNA4ifX,UF: University of Florida,Q1_UF,0,1,0.9980723857879639
R_TiTu4HTYUXQBmH7,UF: University of Florida,Q1_UF,0,1,0.8828385472297668
R_0psEIPRnolBvo7T,UF: University of Florida,Q1_UF,0,1,0.5286881327629089
R_ehti7b1UuCdZ3IB,UF: University of Florida,Q1_UF,0,1,0.9960993528366089
R_3Q02Uz64JoEDQun,UF: University of Florida,Q1_UF,0,0,0.9925568103790283
R_2DOBQpj8vv1IIrY,UF: University of Florida,Q1_UF,1,1,0.9418011903762817
R_YbEWRRVxWhJxiU1,UF: University of Florida,Q1_UF,1,1,0.5782105922698975
R_3dX7z9Eran1niln,UF: University of Florida,Q1_UF,1,1,0.9965096116065979
R_3LZ4zns72Ugwq21,UF: University of Florida,Q1_UF,0,0,0.9945800304412842
R_12x1SNm2PF9Iwsv,UF: University of Florida,Q1_UF,2,2,0.9940791130065918
R_sZiLdceASgYZTSV,UF: University of Florida,Q1_UF,0,0,0.9898372292518616
R_1GyvTlBg10lV6Ea,UF: University of Florida,Q1_UF,0,0,0.9973973035812378
R_29nx98mTCTGojHL,UF: University of Florida,Q1_UF,0,0,0.9925264120101929
R_2zN5kzF16UQxfCI,UF: University of Florida,Q1_UF,1,2,0.8973390460014343
R_2t0hRCsV4zuyKlD,UF: University of Florida,Q1_UF,0,0,0.932941198348999
R_3qyrhhsNpxpFfK0,UF: University of Florida,Q1_UF,0,0,0.9917479753494263
R_R33PZNIBO2GIBc5,UF: University of Florida,Q1_UF,0,0,0.9917648434638977
R_1pnAarAtdp1Ovgu,UF: University of Florida,Q1_UF,0,0,0.9918151497840881
R_2U9nJMzCj7JYVAd,UF: University of Florida,Q1_UF,0,0,0.9960165619850159
R_3Rt0WHXog4dsuG2,UF: University of Florida,Q1_UF,0,0,0.9960218071937561
R_3qecDzy6VNi5Ciz,UF: University of Florida,Q1_UF,0,0,0.9959683418273926
R_2xXaLkxlxxHrdFG,UF: University of Florida,Q1_UF,1,0,0.9879819750785828
R_3plOQLIA3Cm8nN7,UF: University of Florida,Q1_UF,0,0,0.9979202151298523
R_3OlAYb7NfPIlAV2,UF: University of Florida,Q1_UF,0,1,0.9409174919128418
R_2YsQIm4vodmsNXs,UF: University of Florida,Q1_UF,0,0,0.9991464614868164
R_1psb9hIz9JIwoo6,UF: University of Florida,Q1_UF,0,0,0.9964809417724609
R_325DVUJh0vmAQ9M,UF: University of Florida,Q1_UF,0,0,0.9897733330726624
R_2f26Tq5LnG4uRiH,UF: University of Florida,Q1_UF,0,0,0.9972267746925354
R_2y2gZ7o9zunL5ER,UF: University of Florida,Q1_UF,0,1,0.9886415600776672
R_2tyPkJrbCBwnUO7,UF: University of Florida,Q1_UF,0,0,0.995206892490387
R_3fUfWXj9WBanb8u,UF: University of Florida,Q1_UF,1,1,0.6408095955848694
R_6GzuH2AJ0ooUBnr,UF: University of Florida,Q1_UF,1,1,0.9861974120140076
R_3EyjIJenUgM5Xzm,UF: University of Florida,Q1_UF,1,1,0.9970880150794983
R_1CHdyx3mIjjrJCl,UF: University of Florida,Q1_UF,0,1,0.9940211176872253
R_2B9gEeL4AaswYbt,UF: University of Florida,Q1_UF,0,0,0.992909848690033
R_Um5yxfYzjGApcbL,UF: University of Florida,Q1_UF,0,0,0.9950973391532898
R_OkTPKLbdZfXogyR,UF: University of Florida,Q1_UF,0,0,0.9964640736579895
R_5A6MkjpmdbnTNBL,UF: University of Florida,Q1_UF,0,0,0.9666969776153564
R_1QzPHWGWPrQiigw,UF: University of Florida,Q1_UF,0,0,0.9972781538963318
R_1FLdHh1S6LK9Uyd,UF: University of Florida,Q1_UF,1,2,0.9964568018913269
R_1dg0ND2VRVymdAq,UF: University of Florida,Q1_UF,0,0,0.9834142327308655
R_2uqiyL7a6xYe1Cu,UF: University of Florida,Q1_UF,0,0,0.9649397134780884
R_3qII9X98ejQxdfy,UF: University of Florida,Q1_UF,0,0,0.5086870193481445
R_D5yGKOLKAMINYdP,UF: University of Florida,Q1_UF,1,1,0.9878968000411987
R_2e25SP747IjcqXi,UF: University of Florida,Q1_UF,1,0,0.9923075437545776
R_2P1JAGBYotSvjUE,UF: University of Florida,Q1_UF,2,0,0.9897303581237793
R_3NTVqWGauMN166Y,UF: University of Florida,Q1_UF,0,0,0.9945530295372009
R_28IDI1K78Lee3mG,UF: University of Florida,Q1_UF,1,1,0.9580641984939575
R_2YrGaINRHS7lFXP,UF: University of Florida,Q1_UF,1,1,0.9650088548660278
R_3nk1SGbaw76vr0P,UF: University of Florida,Q1_UF,0,1,0.9335458874702454
R_6F2Q2DN0SrQwYAa,ISU: Iowa State University,Q5_ISU,2,2,0.9956768155097961
R_5dahScFCd55lccN,ISU: Iowa State University,Q5_ISU,1,1,0.9968453049659729
R_1q3rxomtvT2yDFo,ISU: Iowa State University,Q5_ISU,1,1,0.936757504940033
R_73ea097tfA1a2ly,ISU: Iowa State University,Q5_ISU,1,1,0.9963703155517578
R_8rkV1v92RzWNg9H,ISU: Iowa State University,Q5_ISU,1,1,0.9975739121437073
R_6eFDJZrymjAjM6e,ISU: Iowa State University,Q5_ISU,1,1,0.995208203792572
R_7L6EuWQVV3Vc7kd,ISU: Iowa State University,Q5_ISU,2,2,0.9965435862541199
R_7RO2MvqrAOYIpRf,ISU: Iowa State University,Q5_ISU,1,1,0.9979390501976013
R_5WuxtqA9AwINx9D,ISU: Iowa State University,Q5_ISU,1,1,0.9973276853561401
R_6fSI7yvLBIlUZUp,ISU: Iowa State University,Q5_ISU,1,1,0.9966040849685669
R_7qJBH6wiKmenHu1,ISU: Iowa State University,Q5_ISU,1,1,0.9978602528572083
R_6PTPqLerhtOBPQl,ISU: Iowa State University,Q5_ISU,1,1,0.9974024891853333
R_7uVT5JwFutYuUNk,ISU: Iowa State University,Q5_ISU,1,1,0.992339015007019
R_7tlo45IlHK4JQcb,ISU: Iowa State University,Q5_ISU,1,1,0.9976785778999329
R_7rPaUO4yAqQJfyQ,ISU: Iowa State University,Q5_ISU,2,2,0.9946995973587036
R_62L6BcsIde16pvD,ISU: Iowa State University,Q5_ISU,1,1,0.9978392720222473
R_71YfguVmAeLdWB5,ISU: Iowa State University,Q4_ISU,1,0,0.996898889541626
R_5FsQmj2YxEz599u,ISU: Iowa State University,Q4_ISU,0,0,0.9984468817710876
R_3thxRrflwUltlDH,ISU: Iowa State University,Q4_ISU,0,0,0.9992995262145996
R_579kqVKX1AGGGE1,ISU: Iowa State University,Q4_ISU,0,0,0.999656081199646
R_3CarpUGbizlsMQF,ISU: Iowa State University,Q4_ISU,1,0,0.9942846894264221
R_14U2fa9sH0ngQcF,ISU: Iowa State University,Q4_ISU,2,2,0.9968094229698181
R_5agixZHgZYhiufb,ISU: Iowa State University,Q4_ISU,0,0,0.9996449947357178
R_7NwbIsPUfIjDTgD,ISU: Iowa State University,Q4_ISU,2,2,0.9967449903488159
R_7pwK0D86lU4DGrn,ISU: Iowa State University,Q4_ISU,2,1,0.9790236949920654
R_3NsKTAJNqctlqHn,ISU: Iowa State University,Q4_ISU,0,0,0.9991249442100525
R_7HMZpqnfGMQ1OmZ,ISU: Iowa State University,Q4_ISU,0,0,0.9946341514587402
R_6daUI4YrWTcCPZr,ISU: Iowa State University,Q4_ISU,1,1,0.9909999966621399
R_7fy5aZeiU9zX0Rt,ISU: Iowa State University,Q4_ISU,0,0,0.999195396900177
R_1T5C9v4J2UaB78d,ISU: Iowa State University,Q4_ISU,2,2,0.9871883988380432
R_7NwCfch8nYmYYD1,ISU: Iowa State University,Q4_ISU,0,0,0.9964274764060974
R_6gu3IOn7bwNzHdx,ISU: Iowa State University,Q4_ISU,2,2,0.9957738518714905
R_71Y1m8Z4USRAlIB,ISU: Iowa State University,Q4_ISU,0,0,0.9974862337112427
R_5lTzA6c7y7zULOF,ISU: Iowa State University,Q4_ISU,0,0,0.9980611205101013
R_3mqreFCGNT4C1pf,ISU: Iowa State University,Q4_ISU,2,2,0.9967082738876343
R_5MGNPkbMSfvEQ4I,ISU: Iowa State University,Q4_ISU,1,1,0.9968098998069763
R_3Ia9YLh4riFHBKx,ISU: Iowa State University,Q4_ISU,1,1,0.664376974105835
R_1rrcNDBhigOJMYL,MSU: Michigan State University,Q1_MSU,1,1,0.9790219664573669
R_3YPxnom0pYPhhN7,MSU: Michigan State University,Q1_MSU,0,0,0.9916253685951233
R_3zVbCvOBru17Kyt,MSU: Michigan State University,Q1_MSU,1,1,0.9829118251800537
R_7EKM1d6TyzPzV2M,MSU: Michigan State University,Q1_MSU,1,1,0.9807330369949341
R_1mPDQRQivLmB0Ln,MSU: Michigan State University,Q1_MSU,0,0,0.9928562641143799
R_1x20Qvk81v0CVXP,MSU: Michigan State University,Q1_MSU,0,1,0.7467007040977478
R_1kaYBm2DnjdW0kc,MSU: Michigan State University,Q1_MSU,1,1,0.9854260683059692
R_13VOsG7XqVs1Sq0,MSU: Michigan State University,Q1_MSU,1,1,0.9973241090774536
R_59uL8jXt6GsON3A,MSU: Michigan State University,Q1_MSU,2,1,0.9892559051513672
R_38G6ll6T62X9wRj,MSU: Michigan State University,Q1_MSU,0,0,0.9884577393531799
R_3dgBkeBlhbcDtoR,MSU: Michigan State University,Q1_MSU,1,1,0.9946041703224182
R_6MGXqv8IaItaKIl,MSU: Michigan State University,Q1_MSU,2,1,0.8804765939712524
R_11z01Xs29MD2l2x,MSU: Michigan State University,Q1_MSU,1,1,0.9644209742546082
R_7trjWHeGVGFpkZ7,Other university:,Q1_MSU,0,0,0.9854205250740051
R_1iese2Z0ZEHVCgj,MSU: Michigan State University,Q1_MSU,1,1,0.9630010724067688
R_7J4vaNaKpQuCYwE,MSU: Michigan State University,Q1_MSU,1,2,0.991517961025238
R_6PFtaI3ePCjL6jo,MSU: Michigan State University,Q1_MSU,2,2,0.9931506514549255
R_3Va2gufsSPmEK1H,MSU: Michigan State University,Q1_MSU,0,1,0.9788541793823242
R_69zscSJurwTPdrX,MSU: Michigan State University,Q1_MSU,0,0,0.9774572849273682
R_1ac7Y73kCavEeL7,MSU: Michigan State University,Q1_MSU,1,1,0.9756783246994019
R_5CHZZWLGALTDjJ0,MSU: Michigan State University,Q1_MSU,0,0,0.9897710084915161
R_6cMqBsGyITeFSsV,MSU: Michigan State University,Q1_MSU,1,1,0.9953931570053101
R_7Jn0lIOYwdXgVYH,MSU: Michigan State University,Q1_MSU,1,1,0.9673676490783691
R_60fRjcBkqTvXQBj,MSU: Michigan State University,Q1_MSU,1,1,0.9853640198707581
R_6UwYwSiXzUahELT,MSU: Michigan State University,Q1_MSU,1,0,0.9816212058067322
R_3QhMKVeUIiUk9Xx,MSU: Michigan State University,Q1_MSU,1,1,0.9701157212257385
R_6hciMyXhxHOq7PX,MSU: Michigan State University,Q1_MSU,1,1,0.9925830364227295
R_7VdxtJcHI68zIhN,MSU: Michigan State University,Q1_MSU,0,1,0.9927321076393127
R_7JNok79i02eovWF,MSU: Michigan State University,Q1_MSU,0,1,0.9875134825706482
R_6Konj5zP7AmMx97,MSU: Michigan State University,Q1_MSU,1,1,0.9840108752250671
R_7gMVqWKuvvRreMV,MSU: Michigan State University,Q1_MSU,0,1,0.9814297556877136
R_6bNQW251Rt1uQFW,MSU: Michigan State University,Q1_MSU,1,1,0.9933388829231262
R_3kiyb4pjnrNV3yP,MSU: Michigan State University,Q1_MSU,1,1,0.9810702800750732
R_36LzFJJjugZFCqB,MSU: Michigan State University,Q1_MSU,0,1,0.9672130942344666
R_6WwIJOaXHQrd9CN,MSU: Michigan State University,Q1_MSU,0,1,0.9467698335647583
R_36kIxZHBXmSVsj5,MSU: Michigan State University,Q1_MSU,1,1,0.875211238861084
R_51nTvWE8CtGAjMt,MSU: Michigan State University,Q1_MSU,2,2,0.9954711198806763
R_6fqTg7qLbPFJCo1,MSU: Michigan State University,Q1_MSU,0,0,0.9918997287750244
R_7EnKopAC3kerUGZ,MSU: Michigan State University,Q1_MSU,0,0,0.9896228313446045
R_3EgNp6QidZ6Acw4,MSU: Michigan State University,Q1_MSU,1,1,0.9909420609474182
R_34WyoEycwlHfI1b,MSU: Michigan State University,Q1_MSU,2,2,0.9954372048377991
R_5JIbpIlsyqPEFeV,MSU: Michigan State University,Q1_MSU,0,0,0.9872093200683594
R_3iD1pXuwcmDeAjD,MSU: Michigan State University,Q1_MSU,2,2,0.9954132437705994
R_5Ed9L8dmxr1pHvA,MSU: Michigan State University,Q1_MSU,2,2,0.8157429099082947
R_75u59XTkmhThAlE,MSU: Michigan State University,Q1_MSU,2,2,0.9942973256111145
R_7PLBvsheONZHviA,MSU: Michigan State University,Q1_MSU,0,0,0.9857620000839233
R_7fNwYuqKpftkqkS,MSU: Michigan State University,Q1_MSU,1,1,0.9838511347770691
R_3ouMzXlE2gZwQjq,MSU: Michigan State University,Q1_MSU,0,1,0.990906834602356
R_6EbzxTbYF10swpf,MSU: Michigan State University,Q1_MSU,0,0,0.9867904782295227
R_3FLM1K1qvXJAQrD,MSU: Michigan State University,Q1_MSU,1,1,0.991622269153595
R_6y9L42XTqI8eEGR,MSU: Michigan State University,Q1_MSU,0,0,0.9910925030708313
R_5pRWS0OdFxLiL4o,MSU: Michigan State University,Q1_MSU,1,2,0.9924045205116272
R_11zW0WQjk6A6cdi,MSU: Michigan State University,Q1_MSU,0,0,0.9747479557991028
R_1uVb1eZOU8fPDJr,MSU: Michigan State University,Q1_MSU,1,1,0.9804195761680603
R_3FFjg6DFlhGHNiv,MSU: Michigan State University,Q1_MSU,1,1,0.9844039082527161
R_3BJHGXDHJ72OEal,MSU: Michigan State University,Q1_MSU,2,2,0.995194137096405
R_7YP3yKEvDE3m1t2,MSU: Michigan State University,Q1_MSU,1,1,0.9917663931846619
R_5hYnnVXO65On5uZ,MSU: Michigan State University,Q1_MSU,0,0,0.8110584616661072
R_62x1G5AEuxhOa1a,MSU: Michigan State University,Q1_MSU,1,1,0.991830050945282
R_3BxvaMpIApMj0Dq,MSU: Michigan State University,Q1_MSU,1,2,0.9917002320289612
R_5gwrShzSNJxnjes,MSU: Michigan State University,Q1_MSU,2,2,0.9943141341209412
R_51ZwoosOdWtlI0d,MSU: Michigan State University,Q1_MSU,0,1,0.6174908876419067
R_5wFCc6Mdb9FLS5H,MSU: Michigan State University,Q1_MSU,0,0,0.9976658821105957
R_3hz2MHsu9DNdBhq,MSU: Michigan State University,Q1_MSU,1,1,0.9755497574806213
R_6x3q6mPvo7T4Wbf,MSU: Michigan State University,Q1_MSU,1,1,0.9930930137634277
R_6fcA4P67V3OUPgB,MSU: Michigan State University,Q1_MSU,1,1,0.9901301264762878
R_5Qm8ar9HkrwtTtd,MSU: Michigan State University,Q1_MSU,1,1,0.6985775232315063
R_7PYipIIW1ol5PaI,MSU: Michigan State University,Q1_MSU,0,0,0.9879823923110962
R_1Q73HFL8qM31sit,MSU: Michigan State University,Q1_MSU,1,1,0.9796462655067444
R_5iVWAbNh8L2KGvn,MSU: Michigan State University,Q1_MSU,2,2,0.9956390857696533
R_1cTsI5uiUtLBIIh,MSU: Michigan State University,Q1_MSU,1,1,0.9911105632781982
R_6PZ6ELr5SFUmScy,MSU: Michigan State University,Q1_MSU,1,0,0.9593991041183472
R_6IPUNkx07J7OSQx,MSU: Michigan State University,Q1_MSU,2,2,0.9952049255371094
R_3FfxeLqezypACSn,MSU: Michigan State University,Q1_MSU,0,0,0.9916481971740723
R_56Zu6qKWcPuHv3P,MSU: Michigan State University,Q1_MSU,0,1,0.9921292066574097
R_3mqFfcRcx3ovOql,MSU: Michigan State University,Q1_MSU,1,1,0.9836595058441162
R_7ohIgJOjFCHuVcf,MSU: Michigan State University,Q1_MSU,0,0,0.9903796911239624
R_6Hc6rwOCNxNUoj7,MSU: Michigan State University,Q1_MSU,0,0,0.9752130508422852
R_6b2ZbpSxAfMxFg3,MSU: Michigan State University,Q1_MSU,1,0,0.9731205105781555
R_3ZSLXxjF3rCamSR,MSU: Michigan State University,Q1_MSU,0,0,0.9773167967796326
R_6GB6MVoPxsx0oYx,MSU: Michigan State University,Q1_MSU,2,2,0.9951897859573364
R_7k3YQfn6NOvrXTX,MSU: Michigan State University,Q1_MSU,1,1,0.982684314250946
R_7JqSkBna4vbWjAz,MSU: Michigan State University,Q1_MSU,0,0,0.9865228533744812
R_6GWj3ErZsy6pKA8,MSU: Michigan State University,Q1_MSU,2,2,0.9939835667610168
R_6Ioa580RfwN2xQu,MSU: Michigan State University,Q1_MSU,1,1,0.9837437272071838
R_5DNdcTTWedVsgmk,MSU: Michigan State University,Q1_MSU,1,1,0.9626718759536743
R_3PuH6v1YMozuGdh,MSU: Michigan State University,Q1_MSU,0,0,0.9872907996177673
R_1XcJ1tj1P7rbixN,MSU: Michigan State University,Q1_MSU,1,1,0.9628515243530273
R_5rZY8sEqUkNfzYJ,MSU: Michigan State University,Q1_MSU,2,2,0.9947880506515503
R_72twU7BEwZj3CKc,MSU: Michigan State University,Q1_MSU,2,2,0.993028461933136
R_71MAssMkXMlu2c6,MSU: Michigan State University,Q1_MSU,1,1,0.9858304858207703
R_1Lj7kApA0HZBbk4,MSU: Michigan State University,Q1_MSU,0,1,0.9886199235916138
R_7n3eS8R3JNufIM9,MSU: Michigan State University,Q1_MSU,1,1,0.9774247407913208
R_74CU3Z5JZJGvmti,MSU: Michigan State University,Q1_MSU,0,1,0.5211225748062134
R_7CqCCDpVaP4efiM,MSU: Michigan State University,Q1_MSU,2,1,0.9772292375564575
R_5TVqx5Bi4qr5453,MSU: Michigan State University,Q1_MSU,0,0,0.9897111058235168
R_11KK5c1n91mQ1OY,MSU: Michigan State University,Q1_MSU,1,1,0.9935723543167114
R_7fMJWn88hUi5j5q,MSU: Michigan State University,Q1_MSU,1,1,0.6432907581329346
R_5NTkpJxt1rRPp8B,MSU: Michigan State University,Q1_MSU,0,0,0.991858184337616
R_16OmtmxGCTNgoNz,MSU: Michigan State University,Q1_MSU,1,1,0.9906326532363892
R_5LwiP1Z1By0lC5d,MSU: Michigan State University,Q1_MSU,1,1,0.9844241738319397
R_77dOfUsgqw4caYf,MSU: Michigan State University,Q1_MSU,1,1,0.9775325059890747
R_7jexuvuGRktOJFO,MSU: Michigan State University,Q1_MSU,0,0,0.9840714931488037
R_2O8sZ1t4U6eUfZM,MSU: Michigan State University,Q1_MSU,1,1,0.9954982995986938
R_3GPDu7LWJjcN7Tb,MSU: Michigan State University,Q1_MSU,1,2,0.9905197620391846
R_6yWbOlmdVi9ve5b,MSU: Michigan State University,Q1_MSU,1,1,0.9696760177612305
R_5PkzvO3h0wUldoR,MSU: Michigan State University,Q1_MSU,1,1,0.7553737759590149
R_6f10U7BrWKuuqpK,MSU: Michigan State University,Q1_MSU,1,1,0.978400707244873
R_2JPH3g8V5VlcQ6W,MSU: Michigan State University,Q1_MSU,2,2,0.995733916759491
R_1nT9DDVNmfFKBQB,MSU: Michigan State University,Q1_MSU,1,0,0.9858869314193726
R_3jjtWvNbMzZMfli,MSU: Michigan State University,Q1_MSU,1,1,0.9879896640777588
R_1lWkduRnUVxFUcT,MSU: Michigan State University,Q1_MSU,0,0,0.9136825203895569
R_1NPNmt3pGPAnYQZ,MSU: Michigan State University,Q1_MSU,0,0,0.9890010356903076
R_7Gv13ummxx7zPQp,MSU: Michigan State University,Q1_MSU,2,2,0.9929433465003967
R_1WlM2sb66m6k0tb,MSU: Michigan State University,Q1_MSU,1,1,0.9942504167556763
R_6HqGWGq61jTjHd7,MSU: Michigan State University,Q1_MSU,1,1,0.5988516807556152
R_1llz9UsQ2G7EDIV,MSU: Michigan State University,Q1_MSU,2,1,0.9875670671463013
R_5mXCflFxiH6u6Il,MSU: Michigan State University,Q1_MSU,1,1,0.9919068813323975
R_3402BnXsFFRY5Rn,Other university:,Q1_MSU,1,1,0.9902070164680481
R_3Q4bkAnLvTLe4j7,MSU: Michigan State University,Q1_MSU,0,1,0.991001546382904
R_5l3YEbaX8okSrkZ,MSU: Michigan State University,Q1_MSU,1,1,0.9858040809631348
R_7jq9t33ETKSL0pw,,Q1_MSU,0,0,0.9879000186920166
R_1eayBidtUgHQ51Z,,Q1_MSU,1,1,0.9963725805282593
R_539PIMg9I0M4X4B,,Q1_MSU,1,1,0.9699612259864807
R_7m1WQoGQ0JM3UsC,,Q1_MSU,1,1,0.9917460680007935
R_5Cg4aHvsuoC1AyM,MSU: Michigan State University,Q1_MSU,2,2,0.9946342706680298
R_1g5vFGo4S8whfJ5,MSU: Michigan State University,Q1_MSU,0,0,0.9897626042366028
R_32M6D3RZffqwXQL,,Q1_MSU,1,1,0.5798115730285645
R_5dHoJVCxHS6cQJa,MSU: Michigan State University,Q1_MSU,0,0,0.9902233481407166
R_6e9RCcoEqadUo8Z,,Q1_MSU,1,1,0.9886776804924011
R_7KFRVFP4xZ5upBT,,Q1_MSU,0,0,0.9891453981399536
R_3zBikvBLvMZzDcl,MSU: Michigan State University,Q1_MSU,1,1,0.9947210550308228
R_7Li0OhRdbnmVldw,MSU: Michigan State University,Q1_MSU,1,1,0.9777268767356873
R_3ni7vrPjH1N54At,,Q1_MSU,1,1,0.9954723715782166
R_69rYiXd9yPXJY5W,MSU: Michigan State University,Q1_MSU,0,0,0.9904748797416687
R_67IIDiDUQcGwTlK,MSU: Michigan State University,Q1_MSU,1,1,0.9911880493164062
R_7OMUCs2SBuEjXOx,,Q1_MSU,2,2,0.9940151572227478
R_6tZSDtSYQcPHJTP,MSU: Michigan State University,Q1_MSU,0,0,0.973770797252655
R_7gdx8nIpnCw2LZJ,,Q1_MSU,2,2,0.9937699437141418
R_6JDGMFSAbmkd8bm,MSU: Michigan State University,Q2_MSU,2,2,0.9971511960029602
R_3fUfPMhZ25y4EmO,MSU: Michigan State University,Q2_MSU,2,2,0.9938463568687439
R_31EZ04DJnQoOZtL,MSU: Michigan State University,Q2_MSU,2,1,0.989094078540802
R_5ix7Dgdw8mZrPQI,MSU: Michigan State University,Q2_MSU,2,2,0.9977121353149414
R_32mgwK5dUNZrM0j,MSU: Michigan State University,Q2_MSU,2,1,0.7332949042320251
R_3dngdXgpwmPhiMS,MSU: Michigan State University,Q2_MSU,0,0,0.9966014623641968
R_3jD4tW9Chv7gXhT,MSU: Michigan State University,Q2_MSU,2,2,0.9937035441398621
R_1RfwXG8IoBY4TMl,MSU: Michigan State University,Q2_MSU,1,2,0.9974538683891296
R_5IR6vKxuKJAy4fD,MSU: Michigan State University,Q2_MSU,2,2,0.9976613521575928
R_5I3Osqs5pN4l07V,MSU: Michigan State University,Q2_MSU,2,2,0.9975966811180115
R_5g0aJNsaFAQ2RLC,MSU: Michigan State University,Q2_MSU,2,2,0.9973528385162354
R_5hwGMHHP7D8rSjn,MSU: Michigan State University,Q2_MSU,1,1,0.9415706396102905
R_7JXm2BmklIl3hCx,MSU: Michigan State University,Q2_MSU,2,2,0.9972085356712341
R_1L1lvju9xMhWvkG,MSU: Michigan State University,Q2_MSU,2,1,0.9947125911712646
R_5FIMRLiHHUApuSx,MSU: Michigan State University,Q2_MSU,0,0,0.9988808035850525
R_1Q02NTBQfiQPLLv,MSU: Michigan State University,Q2_MSU,0,1,0.9939640164375305
R_6WNDKhLb9PWVlRL,MSU: Michigan State University,Q2_MSU,0,1,0.9932994842529297
R_1dqVuAHFbt8V4Sl,MSU: Michigan State University,Q2_MSU,2,2,0.9970947504043579
R_63WEGB3zOE0d4J3,MSU: Michigan State University,Q2_MSU,2,2,0.9977869987487793
R_3ROqoKb3j8QKGHy,MSU: Michigan State University,Q2_MSU,2,2,0.9962772727012634
R_138DnNPyoaLvhRv,MSU: Michigan State University,Q2_MSU,1,2,0.9930015802383423
R_51WVTjeJgxqdG1o,MSU: Michigan State University,Q2_MSU,2,1,0.9947203397750854
R_3gNJLgPZqP1c2Ir,MSU: Michigan State University,Q2_MSU,2,2,0.997683048248291
R_7myFmUREgh644df,MSU: Michigan State University,Q2_MSU,2,2,0.9970372915267944
R_1Qyf3YfJtu6Y0xF,MSU: Michigan State University,Q2_MSU,0,0,0.9911099672317505
R_58rNQxb05guKLxD,MSU: Michigan State University,Q2_MSU,1,1,0.9951596856117249
R_7DS1QopTVEWaVhx,MSU: Michigan State University,Q2_MSU,1,1,0.9693710207939148
R_5Ft9zoBys4rbZEa,MSU: Michigan State University,Q2_MSU,2,2,0.9977273344993591
R_62Er0fSuL5OF10T,MSU: Michigan State University,Q2_MSU,1,1,0.982513964176178
R_6Cz9s5yLi9RzqJH,MSU: Michigan State University,Q2_MSU,2,1,0.9944891929626465
R_61n61LlfhRR3hy1,MSU: Michigan State University,Q2_MSU,1,1,0.9886869192123413
R_8HvIPDAOP6BWB32,MSU: Michigan State University,Q2_MSU,2,2,0.997657299041748
R_5hSfSSuVue5T9yc,MSU: Michigan State University,Q2_MSU,1,2,0.9490182995796204
R_1eWOpDXuaM6KUlo,MSU: Michigan State University,Q2_MSU,2,2,0.9975122213363647
R_1shuWylWVuEwuT6,MSU: Michigan State University,Q2_MSU,2,2,0.9922258853912354
R_7x1MtrKFx9k2dvb,MSU: Michigan State University,Q2_MSU,2,2,0.9976775050163269
R_7RWFGXn3kHsM8cu,MSU: Michigan State University,Q2_MSU,2,2,0.9937872886657715
R_7GIYsYK6Dq8bm9u,MSU: Michigan State University,Q2_MSU,2,1,0.9961223006248474
R_7QivyI5WNrDehxO,MSU: Michigan State University,Q2_MSU,2,2,0.9977649450302124
R_1krCUcWYo64vKhP,MSU: Michigan State University,Q2_MSU,2,2,0.997825026512146
R_7LOwQ1e5V6SdaLB,MSU: Michigan State University,Q2_MSU,2,2,0.9932059049606323
R_3YycE1c75FadYRO,MSU: Michigan State University,Q2_MSU,0,0,0.9706870913505554
R_3YlCz5rS8Ip3hhr,MSU: Michigan State University,Q2_MSU,2,2,0.9969117045402527
R_5qOao6R8yga3vW1,MSU: Michigan State University,Q2_MSU,1,2,0.9961106181144714
R_3Qb99pycyjfwsrx,MSU: Michigan State University,Q2_MSU,2,1,0.9905712604522705
R_1ysyccor5vPwM34,MSU: Michigan State University,Q2_MSU,1,2,0.9977847933769226
R_5x2d0RqcIVzfhjr,MSU: Michigan State University,Q2_MSU,1,2,0.9946305751800537
R_51LtttmKtLzGEp3,MSU: Michigan State University,Q2_MSU,2,1,0.9707947969436646
R_1dmMtIVeYnxQQSt,MSU: Michigan State University,Q2_MSU,2,2,0.9976498484611511
R_54vMO6gnjYeJ2do,MSU: Michigan State University,Q2_MSU,1,1,0.9950882792472839
R_1MPYBKBVzfgugnH,MSU: Michigan State University,Q2_MSU,1,2,0.9941965341567993
R_5ROnCR00R1cZJdv,MSU: Michigan State University,Q2_MSU,1,2,0.7384024858474731
R_6cingnDc2T0Lyj2,MSU: Michigan State University,Q2_MSU,2,1,0.981782078742981
R_18FCrN4fv70FAkh,MSU: Michigan State University,Q2_MSU,1,1,0.867499053478241
R_6aggYSOHgudaggd,MSU: Michigan State University,Q2_MSU,1,2,0.9973005652427673
R_3wh4fXNyHCZOuFP,MSU: Michigan State University,Q2_MSU,2,2,0.9976412057876587
R_7lQPRqlon8cyF69,MSU: Michigan State University,Q2_MSU,0,0,0.9700776934623718
R_7bNS8tB9ewadUzS,MSU: Michigan State University,Q2_MSU,2,2,0.9977478384971619
R_7e3rA4NNPFKaOOY,MSU: Michigan State University,Q2_MSU,0,1,0.9668641090393066
R_5G1zSUSNcWMaWsM,MSU: Michigan State University,Q2_MSU,0,0,0.9954969882965088
R_7lzcJatgGkGDzeV,MSU: Michigan State University,Q2_MSU,1,0,0.9931977987289429
R_6Bt9ozEwo7Nxvy1,MSU: Michigan State University,Q2_MSU,2,1,0.9948286414146423
R_71avrQtgFghNzdn,MSU: Michigan State University,Q2_MSU,2,2,0.9502259492874146
R_7oDP6VqxP9Xecgx,MSU: Michigan State University,Q2_MSU,1,2,0.9964622855186462
R_3zezhApjRU8FEwV,MSU: Michigan State University,Q2_MSU,1,1,0.9959503412246704
R_5cjfgUUBwepPJpc,MSU: Michigan State University,Q2_MSU,1,2,0.9961152076721191
R_6Yd2oQUSby0pGxP,MSU: Michigan State University,Q2_MSU,1,1,0.9733471870422363
R_1oT2BZomdhJ0ObQ,MSU: Michigan State University,Q2_MSU,2,2,0.9978119134902954
R_5oXSv7KAv1aXL5Y,MSU: Michigan State University,Q2_MSU,1,2,0.9915886521339417
R_5UYGakvF4Dz3rVF,MSU: Michigan State University,Q2_MSU,1,1,0.9899723529815674
R_1mDG9MlGKcCNYUV,MSU: Michigan State University,Q2_MSU,1,1,0.99480801820755
R_7R3gaHDJXBfUNk9,MSU: Michigan State University,Q2_MSU,1,1,0.6560991406440735
R_7VO10yXIpg3hXkZ,MSU: Michigan State University,Q2_MSU,1,1,0.968217670917511
R_3SkI3eYTsfAdzPP,MSU: Michigan State University,Q2_MSU,0,2,0.9939082860946655
R_5dL1Z2NnSPo7blP,MSU: Michigan State University,Q2_MSU,0,2,0.9936797618865967
R_8q31Rtx6VbAgo6t,MSU: Michigan State University,Q2_MSU,0,1,0.9135293960571289
R_37ztKLzI16YcmOZ,MSU: Michigan State University,Q2_MSU,0,0,0.998935878276825
R_7mqhDEvsTeSVbMy,MSU: Michigan State University,Q2_MSU,2,2,0.9975233674049377
R_6WMtkbefIktybyk,MSU: Michigan State University,Q2_MSU,2,2,0.99751877784729
R_5kFeI7sV6MJvyZT,MSU: Michigan State University,Q2_MSU,1,2,0.9975020289421082
R_1n9iZ055SRxGVSA,MSU: Michigan State University,Q2_MSU,2,1,0.8476989269256592
R_10tNqZwtrLY44O7,MSU: Michigan State University,Q2_MSU,2,2,0.984109103679657
R_5nUzlSZm3P4bR7Y,MSU: Michigan State University,Q2_MSU,1,2,0.9653139114379883
R_5NJ9VZw9U9lyD3k,MSU: Michigan State University,Q2_MSU,2,2,0.9947338104248047
R_7tbUeJbN819T7BH,MSU: Michigan State University,Q2_MSU,2,2,0.997733473777771
R_5Sc7WcidVxdxQV4,UF: University of Florida,Q4_ALL,2,2,0.9928207993507385
R_1VkaAi3FSeefSQj,UF: University of Florida,Q4_ALL,2,2,0.9927776455879211
R_5lW7F1zDaLvP5HB,UF: University of Florida,Q4_ALL,0,0,0.9994717240333557
R_5wAW5zhSI9ZO5Cu,UF: University of Florida,Q4_ALL,1,0,0.9609438180923462
R_1y30PzPBISyrX7i,UF: University of Florida,Q4_ALL,1,2,0.9824291467666626
R_6wMRIVQRArtXWvk,UF: University of Florida,Q4_ALL,2,2,0.9939126372337341
R_7NRfKgo36Arcylz,UF: University of Florida,Q4_ALL,2,2,0.9946733117103577
R_138th3Ce40TRBJY,UF: University of Florida,Q4_ALL,2,2,0.9947652816772461
R_7rqSo8tzZeC0fba,UF: University of Florida,Q4_ALL,0,0,0.9887640476226807
R_1dlJ9Wt3BWBXfHd,UF: University of Florida,Q4_ALL,1,2,0.9656544923782349
R_7CI8GSfrcWXm22W,UF: University of Florida,Q4_ALL,2,2,0.99534010887146
R_2abiHkjgNrZi9Cp,UF: University of Florida,Q4_ALL,1,0,0.9996738433837891
R_7rHwAdLiCjjU1T7,UF: University of Florida,Q4_ALL,0,0,0.9995293617248535
R_6oplSmrv61yszVn,UF: University of Florida,Q4_ALL,0,0,0.9992978572845459
R_6CQxtOdd6WmlnEL,UF: University of Florida,Q4_ALL,0,0,0.9995386600494385
R_6Ei4xkIg59sRoKg,UF: University of Florida,Q4_ALL,0,0,0.9995123147964478
R_17eVAviwMLR1HZ3,UF: University of Florida,Q4_ALL,1,2,0.9942349791526794
R_5zjGuipnC0x1j0Z,UF: University of Florida,Q4_ALL,2,2,0.996121346950531
R_3JhidioczXyANCV,UF: University of Florida,Q4_ALL,2,2,0.9953325390815735
R_62sOS2eT2geNDKw,UF: University of Florida,Q4_ALL,1,2,0.9806386828422546
R_1hSYfJR1FpoFjqH,ISU: Iowa State University,Q4_ALL,1,2,0.9693277478218079
R_1fDxFRsubmvoKcS,MSU: Michigan State University,Q4_ALL,0,0,0.9995904564857483
R_1Kw7iggLXn5fFsf,MSU: Michigan State University,Q4_ALL,2,2,0.9920667409896851
R_5w68hXkYSf5fVRe,MSU: Michigan State University,Q4_ALL,0,0,0.9996180534362793
R_5Sq6EZsfxxIcz12,MSU: Michigan State University,Q4_ALL,0,0,0.995925784111023
R_1VD8PrgpvwtUOD7,MSU: Michigan State University,Q4_ALL,0,0,0.9984598159790039
R_3Gqxlt6wO0VxfVd,MSU: Michigan State University,Q4_ALL,0,0,0.9994947910308838
R_5PoOPMxUfv9yQyC,MSU: Michigan State University,Q4_ALL,0,0,0.9997040629386902
R_1t523P7I35ML2hD,MSU: Michigan State University,Q4_ALL,0,0,0.9996809959411621
R_5EiIRExQ1kyqPrk,MSU: Michigan State University,Q4_ALL,2,2,0.993124783039093
R_5P5H5lz9SFCKUKx,MSU: Michigan State University,Q4_ALL,0,1,0.7212726473808289
R_3KuVPHtRKp2GdAE,MSU: Michigan State University,Q4_ALL,0,0,0.9992627501487732
R_2syOsFnC6Vipuut,MSU: Michigan State University,Q4_ALL,0,0,0.9951228499412537
R_3VxW1LpHLO96vc0,MSU: Michigan State University,Q4_ALL,0,0,0.9992351531982422
R_1mefenPVuBQR2cT,MSU: Michigan State University,Q4_ALL,0,2,0.9957402944564819
R_3cRPtcAtLXHcfrw,MSU: Michigan State University,Q4_ALL,0,0,0.999289870262146
R_3KuvErbnFg5T6Lr,MSU: Michigan State University,Q4_ALL,0,1,0.6568224430084229
R_3QhKYD6gT48cfTE,MSU: Michigan State University,Q4_ALL,1,1,0.7143896222114563
R_7ZKTFh95nTKyrSk,MSU: Michigan State University,Q4_ALL,2,2,0.992664098739624
R_7NIAb3AUpVrJ34u,MSU: Michigan State University,Q4_ALL,0,0,0.9990801811218262
R_3Pp8XtecBeq9cBN,MSU: Michigan State University,Q4_ALL,0,0,0.9997251629829407
R_78TzGSEEr1T3H8U,ISU: Iowa State University,Q4_ALL,2,0,0.9781631827354431
R_1r9ssNGGMVT7Zii,ISU: Iowa State University,Q4_ALL,0,0,0.9974193572998047
R_3EiooPlrwIQuxy6,ISU: Iowa State University,Q4_ALL,0,0,0.9993360638618469
R_6QCbTfnOZcaJLMZ,ISU: Iowa State University,Q4_ALL,0,2,0.7349271178245544
R_7ub5lj1dqyFvt3b,ISU: Iowa State University,Q4_ALL,0,0,0.9994977712631226
R_7dtQpyFpUYv86GH,ISU: Iowa State University,Q4_ALL,0,0,0.9995755553245544
R_6Nybqf8kCA1W3Tl,ISU: Iowa State University,Q4_ALL,0,0,0.9992663264274597
R_3uxnnx3hfoemMF9,ISU: Iowa State University,Q4_ALL,0,2,0.9281034469604492
R_5PYpUmDYRayNl61,ISU: Iowa State University,Q6_ISU,2,2,0.996110737323761
R_33Su9vhR0mOTfOh,ISU: Iowa State University,Q6_ISU,2,2,0.996993899345398
R_3nSLOBTD2Or9sJk,ISU: Iowa State University,Q6_ISU,2,2,0.9967955946922302
R_6od82oDyURxou9Y,ISU: Iowa State University,Q6_ISU,2,2,0.9969086050987244
R_1gwILDZtledHSGl,ISU: Iowa State University,Q6_ISU,2,2,0.9964752793312073
R_1b1xs56eswvzUB5,ISU: Iowa State University,Q6_ISU,0,0,0.9837939143180847
R_548kf8qQ5UeKNlO,ISU: Iowa State University,Q6_ISU,2,2,0.995428204536438
R_62XWBk40ZgppBiD,ISU: Iowa State University,Q6_ISU,2,2,0.9957497119903564
R_1VCLxBgJkn2SZ8y,ISU: Iowa State University,Q6_ISU,2,2,0.9948810338973999
R_7Io8oP4Swd7A6U1,ISU: Iowa State University,Q6_ISU,0,0,0.9959139227867126
R_71hAviR0x3IE67u,ISU: Iowa State University,Q6_ISU,2,2,0.9962159991264343
R_66uEJFefjbdQbm1,ISU: Iowa State University,Q6_ISU,1,2,0.9959932565689087
R_6ydPdk5g4vs56G6,UF: University of Florida,Q4_UF,1,0,0.9953067898750305
R_3m2bBCYRRPbJ8w9,UF: University of Florida,Q4_UF,1,1,0.997218132019043
R_1FJYvwNgOfMbbuN,UF: University of Florida,Q4_UF,2,1,0.9807111620903015
R_1jjDR2YLRBhzK6W,UF: University of Florida,Q4_UF,0,0,0.9991480112075806
R_72AcckWwESOYblL,UF: University of Florida,Q4_UF,2,1,0.9974607229232788
R_1eXkguvyEvJDqru,UF: University of Florida,Q4_UF,1,1,0.9986644983291626
R_5tSfqhWEvzRR5Lj,UF: University of Florida,Q4_UF,1,1,0.99689781665802
R_6znzuEL3eXkwaNA,UF: University of Florida,Q4_UF,0,0,0.9994910955429077
R_7PDOoDAFPim5wVb,UF: University of Florida,Q4_UF,1,1,0.9980091452598572
R_5NJw0kY4lTZRd6J,UF: University of Florida,Q4_UF,0,0,0.9993162155151367
R_1CTuvwbpHiYWNoa,UF: University of Florida,Q4_UF,0,1,0.991047203540802
R_5eZ4CXM3OJZwS6l,UF: University of Florida,Q4_UF,0,0,0.9179406762123108
R_7luC4e753yVcePv,UF: University of Florida,Q4_UF,1,1,0.9980804920196533
R_6urD4xTgJ4LDby9,UF: University of Florida,Q4_UF,1,1,0.9981853365898132
R_5LglKmHhbUZjyU1,UF: University of Florida,Q4_UF,0,0,0.9994785189628601
R_7wxKyfbNFheHn0d,Other university:,Q4_UF,0,0,0.9994450211524963
R_6nUCVNHwGh6HgyT,UF: University of Florida,Q4_UF,1,1,0.9961989521980286
R_7oT6mOHFkkUlmCX,UF: University of Florida,Q4_UF,1,2,0.9713566899299622
R_6P1WOpvRjYpdHmX,UF: University of Florida,Q4_UF,0,0,0.9995535016059875
R_35HiYdTcrkGde2o,UF: University of Florida,Q4_UF,1,1,0.9972758889198303
R_1njdZ4DQHBeRmZr,UF: University of Florida,Q4_UF,0,0,0.9995104074478149
R_7xMTwlTuYHEciat,UF: University of Florida,Q4_UF,1,1,0.9979507327079773
R_6Cpvl1U8CUfGJtU,UF: University of Florida,Q4_UF,0,0,0.9985702037811279
R_3w8uNYwsIjGtujD,UF: University of Florida,Q4_UF,1,1,0.9945549964904785
R_7g0n0bGevWxssaa,UF: University of Florida,Q4_UF,1,1,0.9983787536621094
R_1PMrZ0odqfY5c1d,UF: University of Florida,Q4_UF,1,1,0.9981865286827087
R_7lRD3hZuiNJMvmh,UF: University of Florida,Q4_UF,0,0,0.9984800219535828
R_7KxvrVWhTJRQhTR,UF: University of Florida,Q4_UF,0,0,0.9997336268424988
R_7rTtq3yCoBstyMK,UF: University of Florida,Q4_UF,1,1,0.9980525970458984
R_3CJYWhaSKmxiHrw,UF: University of Florida,Q4_UF,1,1,0.9986231327056885
R_1i41ZAvDh5cnNrr,UF: University of Florida,Q4_UF,0,0,0.9956021308898926
R_30jFK17JrpjvgbY,UF: University of Florida,Q4_UF,1,1,0.9985062479972839
R_74b73OF38E4lJMB,UF: University of Florida,Q4_UF,1,1,0.9986799359321594
R_7rCCqAaYeoMrhys,UF: University of Florida,Q4_UF,1,1,0.9973621964454651
R_3XjtC1iba9ijDNw,UF: University of Florida,Q4_UF,1,1,0.9983207583427429
R_10DjuuOgBLUUKA1,UF: University of Florida,Q4_UF,1,1,0.9980972409248352
R_6idzJSWcU2cEf0l,UF: University of Florida,Q4_UF,0,0,0.9997009038925171
R_6OpFRUoioBwfObQ,UF: University of Florida,Q4_UF,0,0,0.9993607401847839
R_3flMfWpCrECNdVl,UF: University of Florida,Q4_UF,1,1,0.9987056255340576
R_3r0WiuvHBE1pG8f,UF: University of Florida,Q4_UF,0,0,0.999745786190033
R_7rZNne5es08unAI,UF: University of Florida,Q4_UF,0,0,0.998645007610321
R_6gRz58RVb0ltsuR,UF: University of Florida,Q4_UF,1,1,0.9986203908920288
R_3qjoczGG8VnyufT,UF: University of Florida,Q4_UF,0,1,0.9979779124259949
R_6PE92SlJMSAXN6N,UF: University of Florida,Q4_UF,1,1,0.9985477328300476
R_1kYNQauHBGJgdrx,UF: University of Florida,Q4_UF,1,1,0.9986166954040527
R_52WSLieADmxaQgT,Other university:,Q4_UF,0,0,0.918196976184845
R_6Qy7zxlXy7YmmLw,UF: University of Florida,Q4_UF,0,0,0.807309091091156
R_7fa5LeNNl6lmm1D,UF: University of Florida,Q4_UF,0,0,0.9969154596328735
R_1cqWOGFJZsnLWil,UF: University of Florida,Q4_UF,1,1,0.9979222416877747
R_5LUWWDXHiex2kIs,UF: University of Florida,Q4_UF,1,1,0.9985455274581909
R_1Wn11rCWivxno0V,UF: University of Florida,Q4_UF,1,1,0.998484194278717
R_6XbWFpho70SFtxa,UF: University of Florida,Q4_UF,0,0,0.9981575608253479
R_3eIANwqH9DabFw5,UF: University of Florida,Q4_UF,1,1,0.9677879810333252
R_1eJcx41mG80JQt3,UF: University of Florida,Q4_UF,1,1,0.9983991980552673
R_5jTGPnsxOJ2lNg2,UF: University of Florida,Q4_UF,0,0,0.9991056323051453
R_3Slb2liT6ZuZvf8,UF: University of Florida,Q4_UF,0,1,0.9931421279907227
R_1Vy8J4To76MINSp,UF: University of Florida,Q4_UF,1,1,0.9987340569496155
R_60TywvGQ1HYe6Rl,UF: University of Florida,Q4_UF,1,1,0.9221311807632446
R_5hOXV2RMzJuQfAZ,UF: University of Florida,Q4_UF,0,0,0.9995719790458679
R_7gT3KdkBDhPqHn2,UF: University of Florida,Q4_UF,1,1,0.998589813709259
R_7j4bIuIe6Tmv9qp,UF: University of Florida,Q4_UF,0,0,0.9996558427810669
R_1anW3EzujyyPntR,UF: University of Florida,Q4_UF,1,1,0.9977825284004211
R_1nGICjeeOYOKHHj,UF: University of Florida,Q4_UF,1,1,0.9984031319618225
R_2AEDtXITFwDhsBS,UF: University of Florida,Q4_UF,0,0,0.9996280670166016
R_3QARhryOh37U2SA,UF: University of Florida,Q4_UF,1,1,0.997190535068512
R_31acOu9xsj5JMzH,UF: University of Florida,Q4_UF,1,1,0.9981138706207275
R_1G0xY53SDinjSVc,UF: University of Florida,Q4_UF,0,0,0.9995494484901428
R_3FsnstQnSMtyV4s,UF: University of Florida,Q4_UF,0,0,0.9986000657081604
R_3mkPxTfC016iG8B,UF: University of Florida,Q4_UF,1,1,0.9972212314605713
R_1kgFDuDN5881paz,UF: University of Florida,Q4_UF,0,0,0.9987911581993103
R_3DJxLrVzgDLU2bf,UF: University of Florida,Q4_UF,1,1,0.9986660480499268
R_7C4jNP4Jv3MbNy9,UF: University of Florida,Q4_UF,1,1,0.9977372884750366
R_7ur7XHRlyT0AXM5,UF: University of Florida,Q4_UF,0,0,0.9892987012863159
R_6pSySxH5BzIb2ow,UF: University of Florida,Q4_UF,0,1,0.9941086769104004
R_7KDWDMeUnW0u4Hx,Other university:,Q4_UF,0,1,0.9876875281333923
R_6vZ0wJ3U3cEVxGN,UF: University of Florida,Q4_UF,1,1,0.9899823069572449
R_6EFT6DpSLhHZ00d,UF: University of Florida,Q4_UF,1,1,0.9986146688461304
R_1HcXxe24JBjeBvo,UF: University of Florida,Q4_UF,1,1,0.9983047246932983
R_6pVQkIBcBdxxCCt,UF: University of Florida,Q4_UF,1,1,0.9984203577041626
R_3Cx3L1DD9bjW7qs,UF: University of Florida,Q4_UF,1,1,0.9958544969558716
R_5SCYqoKEVohcwUa,UF: University of Florida,Q4_UF,1,1,0.9971018433570862
R_7xJGQxRviA8x6Bc,UF: University of Florida,Q4_UF,1,1,0.9981949925422668
R_1kFhgmfxp14f2cV,UF: University of Florida,Q4_UF,1,1,0.997602641582489
R_13PNMLYykaBjQ9r,UF: University of Florida,Q4_UF,1,1,0.9945764541625977
R_1n9hm2TiLDSGRSt,UF: University of Florida,Q4_ALL,0,0,0.9992901086807251
R_3eQ8eUIQPJvrOiR,UF: University of Florida,Q4_ALL,0,0,0.9979300498962402
R_3BWQywseoSlUGgC,UF: University of Florida,Q4_ALL,2,2,0.9951901435852051
R_1wMjBbFLrA0Gnmj,UF: University of Florida,Q4_ALL,2,2,0.9954278469085693
R_1fk4V5aT9KskIdB,UF: University of Florida,Q4_ALL,0,0,0.9989761114120483
R_6FPu5YzD5CtuHJR,UF: University of Florida,Q4_ALL,2,2,0.9934117197990417
R_1OfxHYVMBIuYL16,UF: University of Florida,Q4_ALL,2,2,0.9897650480270386
R_57BClUyMcbVTMul,UF: University of Florida,Q4_ALL,2,2,0.978644847869873
R_3zCLOyVIIkiMegZ,UF: University of Florida,Q4_ALL,0,1,0.7362393140792847
R_1ziQtGrVtzBj0OV,UF: University of Florida,Q4_ALL,1,1,0.7205274105072021
R_7l9pouek2YcKZON,UF: University of Florida,Q4_ALL,2,2,0.9958122372627258
R_3YavVYuBQdSf6E1,UF: University of Florida,Q4_ALL,2,2,0.9932087063789368
R_3rsMIuGvtuWsSsN,UF: University of Florida,Q4_ALL,0,0,0.9960216879844666
R_6LG9PnMBKzqSPdk,UF: University of Florida,Q4_ALL,2,2,0.995405912399292
R_52WY9O19lBiBWpB,UF: University of Florida,Q4_ALL,2,2,0.9926936626434326
R_1oSiIsqOpQMJcRP,UF: University of Florida,Q4_ALL,1,1,0.7095897793769836
R_5pupjLAtPWsRL5p,UF: University of Florida,Q4_ALL,2,0,0.7877436280250549
R_18UoxyQSiZmcUxa,UF: University of Florida,Q4_ALL,2,2,0.9585078954696655
R_5CBWPjWrfTk5LdQ,UF: University of Florida,Q4_ALL,2,2,0.9896358847618103
R_5NO0clWgYn7xs0a,UF: University of Florida,Q4_ALL,1,2,0.9932368397712708
R_7AI3QAkpym40rvz,UF: University of Florida,Q4_ALL,0,0,0.9995971322059631
R_7rKpZ7C61UY1JVn,UF: University of Florida,Q4_ALL,0,0,0.9985917210578918
R_6gi3ew5vhzjpZEB,UF: University of Florida,Q4_ALL,2,2,0.9928130507469177
R_5paCMaggz0sYhb3,UF: University of Florida,Q4_ALL,1,2,0.9900469183921814
R_6ePfXn4p5mYNXfr,UF: University of Florida,Q4_ALL,0,0,0.9996368885040283
R_7iqFUvQrRhsJIEt,UF: University of Florida,Q4_ALL,0,0,0.9994959831237793
R_60NGa7izmCJuTWY,UF: University of Florida,Q4_ALL,1,1,0.8589909672737122
R_72PUDfL0MdH5iYx,ISU: Iowa State University,Q4_ALL,0,0,0.9984104633331299
R_3sgNLnQZFkPGFI9,ISU: Iowa State University,Q4_ALL,0,0,0.9997163414955139
R_5cpV6wKZ7dvNupW,ISU: Iowa State University,Q4_ALL,1,2,0.9880764484405518
R_7F9XN48EqpUkTWk,ISU: Iowa State University,Q4_ALL,0,0,0.6531181931495667
R_1YmPjrVRDr5xHML,"UCSB: University of California, Santa Barbara",Q4_ALL,0,0,0.9906634092330933
R_7jvKghKk29TrBp9,"UCSB: University of California, Santa Barbara",Q4_ALL,1,0,0.9946317672729492
R_1PLh5ueUszBzouD,"UCSB: University of California, Santa Barbara",Q4_ALL,1,0,0.9987552165985107
R_7rY4qm7yN3K5GZg,"UCSB: University of California, Santa Barbara",Q4_ALL,2,2,0.9952945113182068
R_1sTRx9Q7QkdU8O4,"UCSB: University of California, Santa Barbara",Q4_ALL,1,1,0.6342668533325195
R_55ydwSf7BG8EhZa,"UCSB: University of California, Santa Barbara",Q4_ALL,2,2,0.9944981932640076
R_77lkNlE6WS33L8d,"UCSB: University of California, Santa Barbara",Q4_ALL,1,2,0.9823989272117615
R_7NWHRmF42Sgzb1S,"UCSB: University of California, Santa Barbara",Q4_ALL,1,2,0.9885492920875549
R_1nZxb4U9RL8I1l5,"UCSB: University of California, Santa Barbara",Q4_ALL,2,2,0.9929044842720032
R_1McBjnwg7ahlPtH,"UCSB: University of California, Santa Barbara",Q4_ALL,1,0,0.9966233968734741
R_7G2tSbDHU4cmKtD,MSU: Michigan State University,Q4_ALL,0,0,0.9952364563941956
R_3INqaB64CTI4BK6,MSU: Michigan State University,Q4_ALL,1,0,0.998946487903595
R_62chwJC8vepv1zh,MSU: Michigan State University,Q4_ALL,0,0,0.9996495246887207
R_5RTSizdGBYZWQcp,MSU: Michigan State University,Q4_ALL,1,0,0.9626620411872864
R_3UYEYB6sqll4VR2,MSU: Michigan State University,Q4_ALL,2,2,0.7975461483001709
R_13rb0UZBCfl43Kh,MSU: Michigan State University,Q4_ALL,1,0,0.9965919256210327
R_1zKqpppmgCydqSt,MSU: Michigan State University,Q4_ALL,1,0,0.9976383447647095
R_62zXrbwGDlx3LHH,MSU: Michigan State University,Q4_ALL,0,0,0.6691850423812866
R_1B8ceQOOUD5mVgd,MSU: Michigan State University,Q4_ALL,0,0,0.9994719624519348
R_2wN6mowzZG4heJn,MSU: Michigan State University,Q1_MSU,2,1,0.9761310815811157
R_xls9F5vX3dG0pEJ,MSU: Michigan State University,Q1_MSU,0,1,0.9861243963241577
R_3Mum1K2hLpp2e7J,MSU: Michigan State University,Q1_MSU,1,1,0.9841894507408142
R_RlUhJOU5dCcKB6F,MSU: Michigan State University,Q1_MSU,0,1,0.99201500415802
R_XNwFaAxEleMgLnP,MSU: Michigan State University,Q1_MSU,0,0,0.993899941444397
R_zfgLVGV9qAZVxuN,MSU: Michigan State University,Q1_MSU,0,1,0.8967711329460144
R_41nImkUsbSaIhFf,Other university:,Q1_MSU,2,2,0.901444673538208
R_1IAbzCFeKjaKmES,MSU: Michigan State University,Q1_MSU,2,1,0.9628242254257202
R_2VgqT15MGr6ZceV,MSU: Michigan State University,Q1_MSU,1,1,0.9955165982246399
R_2WDxuJnEcHAIxa5,MSU: Michigan State University,Q1_MSU,2,1,0.9705905318260193
R_AukmwHV3LOgMxPz,MSU: Michigan State University,Q1_MSU,1,0,0.9856379628181458
R_1IFYaAfaO7HgXGy,MSU: Michigan State University,Q1_MSU,1,1,0.8711645603179932
R_WAp3qSnJEwIL3jj,MSU: Michigan State University,Q1_MSU,2,1,0.9836727976799011
R_2qwmmIi2QJ6ac27,MSU: Michigan State University,Q1_MSU,1,0,0.9873589873313904
R_2w1C8HmOZyWVmcQ,MSU: Michigan State University,Q1_MSU,1,2,0.9947446584701538
R_2wN7ydqJSmDpQSS,MSU: Michigan State University,Q1_MSU,1,2,0.9946474432945251
R_1LTOBB7obycj85s,MSU: Michigan State University,Q1_MSU,2,2,0.9955356121063232
R_vrwjqc6R1HKp9N7,MSU: Michigan State University,Q1_MSU,0,0,0.9976658821105957
R_29ntWn1t9BetUOD,MSU: Michigan State University,Q1_MSU,1,0,0.9897618889808655
R_yPguPTBgoCxEZ69,MSU: Michigan State University,Q1_MSU,1,1,0.9800645709037781
R_1OrAyF09BsDFao5,MSU: Michigan State University,Q1_MSU,1,0,0.9903113842010498
R_2Y4j6zrjBV5Pez0,MSU: Michigan State University,Q1_MSU,0,0,0.9864268898963928
R_8vRtoHJGHG7Qy6R,MSU: Michigan State University,Q1_MSU,1,1,0.9912394881248474
R_1g55hJQ6RlzLfxt,MSU: Michigan State University,Q1_MSU,2,2,0.9931972026824951
R_3GwtZEiAA2FptKb,MSU: Michigan State University,Q1_MSU,1,0,0.9880490899085999
R_11iT3oGRuKcnZLp,MSU: Michigan State University,Q1_MSU,0,0,0.990265429019928
R_2qaZMSiGytKJWGq,MSU: Michigan State University,Q1_MSU,2,2,0.9944922924041748
R_31t42Bf2Flx3OAz,MSU: Michigan State University,Q1_MSU,1,1,0.9938575625419617
R_50IJypRtNJY466R,MSU: Michigan State University,Q1_MSU,1,0,0.9866154193878174
R_2zZK3R2EAYDzwcB,MSU: Michigan State University,Q1_MSU,0,0,0.9916399717330933
R_1IlL9WQKWjJqyRN,MSU: Michigan State University,Q1_MSU,2,1,0.9833146333694458
R_PY8b9raZgMaXKz7,MSU: Michigan State University,Q1_MSU,1,0,0.9896659851074219
R_29PTWUsHTK9CHkt,MSU: Michigan State University,Q1_MSU,0,0,0.9856560230255127
R_2zeeK1Zqd6vIz3M,MSU: Michigan State University,Q1_MSU,2,2,0.9921660423278809
R_2whuDGp7upB0mvN,MSU: Michigan State University,Q1_MSU,1,0,0.9646549820899963
R_3dS15TbKxnFYmVT,MSU: Michigan State University,Q1_MSU,1,1,0.959194540977478
R_2Y9PMBmrw0L0Sw2,MSU: Michigan State University,Q1_MSU,1,0,0.9902095794677734
R_r1E5Xc0MjTWSW7n,MSU: Michigan State University,Q1_MSU,1,1,0.9877826571464539
R_1RjA69kNovNAkzD,MSU: Michigan State University,Q1_MSU,2,2,0.7855266332626343
R_cN27DPkNHBC56LL,MSU: Michigan State University,Q1_MSU,2,2,0.9944772124290466
R_2wAlpvjjmd8K0eS,MSU: Michigan State University,Q1_MSU,2,1,0.9737111330032349
R_6fhpRnLsB8wNdPX,MSU: Michigan State University,Q1_MSU,1,1,0.8800675868988037
R_22PxzIwpRwfrFtJ,MSU: Michigan State University,Q1_MSU,0,0,0.9965081810951233
R_XGKy5Z94UKaVVv3,MSU: Michigan State University,Q1_MSU,2,2,0.9829152822494507
R_1OTbLE4jl1nBDpc,MSU: Michigan State University,Q1_MSU,2,2,0.9933866858482361
R_28IDxZt44Axf1Tw,MSU: Michigan State University,Q1_MSU,1,1,0.9794034361839294
R_8ppPRE9OhGGeHnj,MSU: Michigan State University,Q1_MSU,1,1,0.9913868308067322
R_sjaZgbToUMFHrod,MSU: Michigan State University,Q1_MSU,0,0,0.9900402426719666
R_1igmCniK7aDHt8m,MSU: Michigan State University,Q1_MSU,0,0,0.9973993301391602
R_Xw9MBdAZhCsv8U9,MSU: Michigan State University,Q1_MSU,0,1,0.8632398247718811
R_1LbM8b0DfIe2G6s,MSU: Michigan State University,Q1_MSU,1,1,0.973991870880127
R_1K0y5gWZIB3JxDh,MSU: Michigan State University,Q1_MSU,2,1,0.9683625102043152
R_7QG0acT6uXxrP9L,MSU: Michigan State University,Q1_MSU,1,1,0.9937514662742615
R_3plRBhu2ghjYrP3,MSU: Michigan State University,Q1_MSU,0,1,0.9798557758331299
R_eRu7eQ8GMqvypz3,MSU: Michigan State University,Q1_MSU,1,0,0.989827036857605
R_T6MBSpviCVMOyFX,MSU: Michigan State University,Q1_MSU,0,0,0.9932137727737427
R_33EIY6LRSaJHlNQ,MSU: Michigan State University,Q1_MSU,0,0,0.9909118413925171
R_1IZ9Ja7Aufl2a3e,MSU: Michigan State University,Q1_MSU,0,0,0.9946653842926025
R_3MDnChi737RGbzk,MSU: Michigan State University,Q1_MSU,1,1,0.9962142109870911
R_269Lb9kCrqD0AWY,MSU: Michigan State University,Q1_MSU,1,1,0.6280425786972046
R_29sTa52gLAebJlB,MSU: Michigan State University,Q1_MSU,2,2,0.9956036806106567
R_2ZPsxd5X013XMws,MSU: Michigan State University,Q1_MSU,2,1,0.9917088150978088
R_3enoAPZoupjTrVO,MSU: Michigan State University,Q1_MSU,0,0,0.9908413887023926
R_2XpnbrNHXhg2CUZ,MSU: Michigan State University,Q1_MSU,1,1,0.9622320532798767
R_3Wzh8PmxDQxJovT,MSU: Michigan State University,Q1_MSU,1,0,0.9924321174621582
R_1MKTTn4moTa6MSp,MSU: Michigan State University,Q1_MSU,0,0,0.9901118874549866
R_1Ih0tc47jXDJDHb,MSU: Michigan State University,Q1_MSU,2,2,0.9911252856254578
R_XYA3El8nvg79uj7,MSU: Michigan State University,Q1_MSU,1,0,0.9896904230117798
R_9pIMogSmMCiXy5X,MSU: Michigan State University,Q1_MSU,1,1,0.9766967296600342
R_2WZleVz6a5DIA4C,MSU: Michigan State University,Q1_MSU,2,1,0.9494150280952454
R_3I4w9rAEwgIjxiY,MSU: Michigan State University,Q1_MSU,2,0,0.9152215719223022
R_qwO0RVBf9Tp0RWN,MSU: Michigan State University,Q1_MSU,2,2,0.9952808022499084
R_3G6uh46Iydp7vuy,MSU: Michigan State University,Q1_MSU,0,1,0.9513488411903381
R_1Nk9ixMjVqxeXU2,MSU: Michigan State University,Q1_MSU,2,1,0.9584410786628723
R_1QmdvMRoIm0TjBn,MSU: Michigan State University,Q1_MSU,1,1,0.9876805543899536
R_1QiM7hB2jSuymbn,MSU: Michigan State University,Q1_MSU,1,0,0.9854979515075684
R_1F5tjJyIZCmrk6t,MSU: Michigan State University,Q1_MSU,1,0,0.990952730178833
R_ZkonjznfZJGgpod,MSU: Michigan State University,Q1_MSU,2,1,0.9741562008857727
R_Uin7fHiL3TxgNbz,MSU: Michigan State University,Q1_MSU,1,0,0.6546552181243896
R_12upxVjIfS4G55q,MSU: Michigan State University,Q1_MSU,2,1,0.9649718999862671
R_3MF027YTNrvJazc,MSU: Michigan State University,Q1_MSU,1,2,0.9945966005325317
R_3oZ31VLufaxEX7A,MSU: Michigan State University,Q1_MSU,0,0,0.9868999123573303
R_3ewqESeQXPpuzRj,MSU: Michigan State University,Q1_MSU,2,1,0.9742258787155151
R_1rlB4oXcQZaXgOY,MSU: Michigan State University,Q1_MSU,2,1,0.9694415926933289
R_ThKlAPv27pubgl3,MSU: Michigan State University,Q1_MSU,1,2,0.9912721514701843
R_3NxlVZM157vd5Ra,MSU: Michigan State University,Q1_MSU,0,0,0.9924617409706116
R_2VqNDjI7kwElCK6,MSU: Michigan State University,Q1_MSU,1,1,0.9603623747825623
R_10PCeM3bcUOGwQS,MSU: Michigan State University,Q1_MSU,1,2,0.9725856781005859
R_33svHYtA86jo60W,MSU: Michigan State University,Q1_MSU,2,1,0.9620479345321655
R_2aJ3n58HyLUJvJl,MSU: Michigan State University,Q1_MSU,2,1,0.9944353103637695
R_3NI2D3almz0W2Sd,MSU: Michigan State University,Q1_MSU,2,1,0.9665536284446716
R_AbMq6ua4jN2e60p,MSU: Michigan State University,Q1_MSU,1,0,0.9905968904495239
R_2Et7BI3azjhgZxf,MSU: Michigan State University,Q1_MSU,1,0,0.9944779872894287
R_1FyVhd0wKwONmaC,MSU: Michigan State University,Q1_MSU,0,0,0.9943869113922119
R_3dRjj8bOvMYwP0x,MSU: Michigan State University,Q1_MSU,1,2,0.9943540096282959
R_Dw7sTL1rqUZbOWR,MSU: Michigan State University,Q1_MSU,0,0,0.9925479292869568
R_9ERa5Si65ggTpzr,MSU: Michigan State University,Q1_MSU,1,1,0.9930365681648254
R_1IGjAog7cn99lri,MSU: Michigan State University,Q1_MSU,2,1,0.9948022365570068
R_2tygxTeyqZjO3lS,MSU: Michigan State University,Q1_MSU,1,1,0.9878128170967102
R_pN399gbn5bAqged,MSU: Michigan State University,Q1_MSU,2,2,0.9954511523246765
R_3iU7TQUAB1NHeVr,MSU: Michigan State University,Q1_MSU,2,1,0.9822465777397156
R_1LbC2oRNEQ1BF9L,MSU: Michigan State University,Q1_MSU,2,2,0.9816073179244995
R_abH5vzrWA1pF49r,MSU: Michigan State University,Q1_MSU,2,1,0.9828566908836365
R_zYwIflLAw10CQ8h,,Q1_MSU,2,1,0.9560723900794983
R_3DbvCgmHv8gSIFT,MSU: Michigan State University,Q1_MSU,2,1,0.9793522953987122
R_1nW0thp3SfUjq7O,,Q1_MSU,1,1,0.9620277881622314
R_1LNLxrGpriTX2im,MSU: Michigan State University,Q1_MSU,2,2,0.99608314037323
R_1C8a67vAuW8O8dN,,Q1_MSU,2,1,0.9891181588172913
R_2pQzvG3XofNaaUz,MSU: Michigan State University,Q1_MSU,1,1,0.9941551089286804
R_3oC3w6Ly0TFgm7q,,Q1_MSU,0,0,0.9961894154548645
R_29mEOnMJifyx0bf,,Q1_MSU,0,0,0.9892390966415405
R_24eXEUuyYJ87rrG,MSU: Michigan State University,Q1_MSU,1,0,0.9689277410507202
R_25GcfRTCZCOm7t0,,Q1_MSU,1,1,0.9956502318382263
R_Zn6H4gY51KQsQdH,,Q1_MSU,2,1,0.9850539565086365
R_2th8Tb1qUZNw5gO,,Q1_MSU,1,1,0.9888086915016174
R_3kgZg6dI452Dehp,,Q1_MSU,0,0,0.9973700046539307
R_28TeWtKswiZJYfu,,Q1_MSU,2,1,0.9728378057479858
R_2uTJSD6VDtmfDT7,MSU: Michigan State University,Q1_MSU,2,1,0.9739983081817627
R_3kmI3PNgsK4inTO,,Q1_MSU,0,0,0.9690828323364258
R_6YhbxBTcCEtsG9X,ISU: Iowa State University,Q1_ISU,2,2,0.9953578114509583
R_50SlQNaHHOpXoG4,ISU: Iowa State University,Q1_ISU,1,1,0.9981212019920349
R_63OAgsewew6cDGV,ISU: Iowa State University,Q1_ISU,1,1,0.9969697594642639
R_1nffHhuxWeDh7dn,ISU: Iowa State University,Q1_ISU,2,2,0.9941465854644775
R_71iPXsUXBuyL8mj,ISU: Iowa State University,Q1_ISU,2,2,0.9954646229743958
R_5DOe5TkWSncP5TG,ISU: Iowa State University,Q1_ISU,1,1,0.9950289130210876
R_1nCM1MaAtQ17TFv,ISU: Iowa State University,Q1_ISU,1,1,0.9961073994636536
R_1cO5hApluPuZteh,ISU: Iowa State University,Q1_ISU,0,1,0.9785479307174683
R_12xU0jnFJHdtach,ISU: Iowa State University,Q1_ISU,2,2,0.9937813878059387
R_6oQYw13WZX4eqml,ISU: Iowa State University,Q1_ISU,2,2,0.9955247640609741
R_6d4TicFGLxTZe2O,ISU: Iowa State University,Q1_ISU,1,1,0.987586259841919
R_5rRI9fVOvUiMH61,ISU: Iowa State University,Q1_ISU,0,1,0.9968029260635376
R_1dxYdvDGGAuluQV,ISU: Iowa State University,Q1_ISU,1,1,0.9979968667030334
R_11ZVUpIhxWJj4Mp,ISU: Iowa State University,Q1_ISU,1,1,0.9969972372055054
R_3Ebe02lVs7ybYGT,ISU: Iowa State University,Q1_ISU,1,1,0.9948797225952148
R_6YETTy9BbybSaB0,ISU: Iowa State University,Q1_ISU,2,2,0.9950114488601685
R_5HOzK81QMyrFikV,ISU: Iowa State University,Q1_ISU,1,1,0.9959964752197266
R_3EFZ3Uhm01KKs4R,ISU: Iowa State University,Q1_ISU,1,1,0.9977350234985352
R_1dAMSbaO5nGpNCw,ISU: Iowa State University,Q1_ISU,1,1,0.998228132724762
R_7uGjVY3mDTF2N9L,ISU: Iowa State University,Q1_ISU,0,2,0.9898934960365295
R_56mvwl0oTATh18I,ISU: Iowa State University,Q1_ISU,1,1,0.9974377155303955
R_5KlLU0wc1QD9epi,ISU: Iowa State University,Q1_ISU,2,2,0.9960506558418274
R_1ps4ijvmKLlegTB,ISU: Iowa State University,Q1_ISU,1,2,0.9229832291603088
R_7IpVDf0pFv5R8fT,ISU: Iowa State University,Q1_ISU,0,0,0.9783428311347961
R_1p4EdzQnmAbIin1,ISU: Iowa State University,Q1_ISU,2,2,0.9802716374397278
R_1iI4ZCorRDbPmdA,ISU: Iowa State University,Q1_ISU,0,0,0.6289575099945068
R_636YhBEiDGbqM5H,UF: University of Florida,Q1_UF,0,1,0.9972324967384338
R_6hGR6uNGDSZwxAr,UF: University of Florida,Q1_UF,1,1,0.7900646924972534
R_62IWCEAZnyR705H,UF: University of Florida,Q1_UF,0,0,0.9803047776222229
R_3kv17DyfHIgRYtF,UF: University of Florida,Q1_UF,0,1,0.6067301630973816
R_160hCwwsijmHpkt,UF: University of Florida,Q1_UF,0,0,0.9951416254043579
R_5QYQyh4jF71hykc,UF: University of Florida,Q1_UF,0,0,0.9953497052192688
R_3DCLVA1ECEmNma2,UF: University of Florida,Q1_UF,1,0,0.9861837029457092
R_6IaWR3NvRQAz4a9,UF: University of Florida,Q1_UF,0,0,0.9920631051063538
R_6V1q5B32ZGaL0q5,UF: University of Florida,Q1_UF,0,0,0.9928959012031555
R_7CN95cBkmwKLGxl,UF: University of Florida,Q1_UF,0,0,0.9953305721282959
R_342LxyOwMX0Dlfz,UF: University of Florida,Q1_UF,1,2,0.8369355797767639
R_3rHDSmpBALgVF5G,UF: University of Florida,Q1_UF,1,2,0.9873126149177551
R_7kNWTppU6f3Ukh4,UF: University of Florida,Q1_UF,0,0,0.9882242679595947
R_5NmszRi1UoV9rEO,UF: University of Florida,Q1_UF,0,0,0.9934130311012268
R_3KJxdQKg3tN3sFb,UF: University of Florida,Q1_UF,0,0,0.9935784339904785
R_5GRpABgIbhi7LC9,UF: University of Florida,Q1_UF,0,0,0.9934481978416443
R_3O4s4IsCpqZXFZv,UF: University of Florida,Q1_UF,1,1,0.9964327812194824
R_1iPEF16hgncEO70,UF: University of Florida,Q1_UF,0,1,0.9972265362739563
R_3bUGDxX3qDoWgKk,UF: University of Florida,Q1_UF,0,1,0.7874536514282227
R_7oNiQ8qFLGamBCk,UF: University of Florida,Q1_UF,1,1,0.9969272017478943
R_7Mwi0Re5TdlKZoZ,UF: University of Florida,Q1_UF,0,0,0.9924099445343018
R_5CJyUHRU9tErzvH,UF: University of Florida,Q1_UF,1,1,0.9946670532226562
R_63s8SIFJQKna1WT,UF: University of Florida,Q1_UF,0,0,0.9947931170463562
R_1m478MbWuaiivwa,UF: University of Florida,Q1_UF,0,0,0.9905070066452026
R_6QhAtH4MLbwOG61,UF: University of Florida,Q1_UF,0,0,0.9953470826148987
R_6lEo0x224UTUFK9,UF: University of Florida,Q1_UF,0,0,0.9957671165466309
R_1DnggKL9BQuiyqt,UF: University of Florida,Q1_UF,1,1,0.9930839538574219
R_1t2MQBJp4Fp7xcb,UF: University of Florida,Q1_UF,2,1,0.9954833984375
R_1FnC1VutDcHA24N,UF: University of Florida,Q1_UF,0,0,0.9939210414886475
R_1dfZ29ui7Zj1Fl8,UF: University of Florida,Q1_UF,0,1,0.9904735684394836
R_1AGakOZ0x0yAxvv,UF: University of Florida,Q1_UF,0,0,0.9983443021774292
R_3AGvSeQg1p94V9l,UF: University of Florida,Q1_UF,0,0,0.9944830536842346
R_6dmAv9lp9FyO5nY,UF: University of Florida,Q1_UF,0,0,0.5043641328811646
R_6aFumJ8Enopwic1,UF: University of Florida,Q1_UF,0,0,0.9991258978843689
R_6qDWvT3ii9b6fcD,UF: University of Florida,Q1_UF,0,0,0.985216498374939
R_531REq95FhDwn6O,UF: University of Florida,Q1_UF,1,1,0.9971926808357239
R_6OE7OIl2sFKJdNs,UF: University of Florida,Q1_UF,0,1,0.4733783006668091
R_1qgB3y0S1QHCz78,UF: University of Florida,Q1_UF,0,1,0.993636965751648
R_5ZkOa772yi7t7zz,UF: University of Florida,Q1_UF,1,0,0.9594029784202576
R_5VxVptwuH9mXIVO,UF: University of Florida,Q1_UF,0,2,0.9962301850318909
R_7RwirSjrcMyLAZo,UF: University of Florida,Q1_UF,0,0,0.9553601741790771
R_7J9OeKN7idxEvsi,UF: University of Florida,Q1_UF,0,0,0.9918999671936035
R_60dUorgi2r1e7jg,UF: University of Florida,Q1_UF,1,0,0.9778494834899902
R_1rPsOF2KQk8TJuc,UF: University of Florida,Q1_UF,0,0,0.9443069100379944
R_3h9qLkrjcyQV6x2,UF: University of Florida,Q1_UF,0,1,0.8089724779129028
R_3BkrbaM7zjjess9,UF: University of Florida,Q1_UF,0,0,0.9553601741790771
R_31B18BRC78DilSY,UF: University of Florida,Q1_UF,2,1,0.9877861738204956
R_74kpKpdADRaiihG,UF: University of Florida,Q1_UF,0,0,0.9911736845970154
R_5j0V7RMjG53rnQR,UF: University of Florida,Q1_UF,0,0,0.9970362186431885
R_3eyouToC3XkRQ2V,UF: University of Florida,Q1_UF,1,1,0.9953556060791016
R_6oG7WQeP45pjbSb,UF: University of Florida,Q1_UF,0,0,0.9936879277229309
R_7enytx4QBFdS3nr,UF: University of Florida,Q1_UF,0,0,0.9923720359802246
R_7Alk9xEXggdijip,UF: University of Florida,Q1_UF,0,0,0.9953336119651794
R_3qkPOaqWxFkMLIo,UF: University of Florida,Q1_UF,0,0,0.9891300201416016
R_3D5C2RNZin2GgJl,UF: University of Florida,Q1_UF,0,2,0.9953181147575378
R_1ekKG7whes2mrrb,UF: University of Florida,Q1_UF,0,0,0.9934953451156616
R_723UIqeNz0TIemt,UF: University of Florida,Q1_UF,0,0,0.9963868856430054
R_7PtQPVcaYrGkEuH,UF: University of Florida,Q1_UF,0,0,0.9971904158592224
R_2uNYnb1Bc2OHft2,UF: University of Florida,Q1_UF,1,2,0.9893695116043091
R_5ilOdUytgeoI825,UF: University of Florida,Q1_UF,1,2,0.710358202457428
R_5sn8JvCUzWXLaQu,UF: University of Florida,Q1_UF,0,0,0.8227498531341553
R_18LVwisGRLWjweR,UF: University of Florida,Q1_UF,0,1,0.9928649663925171
R_7KRB7lCn2ouFx5L,UF: University of Florida,Q1_UF,1,2,0.9952247142791748
R_7t37vm9YLN9ZLoS,UF: University of Florida,Q1_UF,0,1,0.9903414249420166
R_7FKDiNbhdeDraNh,UF: University of Florida,Q1_UF,0,0,0.9991716146469116
R_1Fqkqc2yDyIET2V,ISU: Iowa State University,Q6_ISU,2,2,0.992738664150238
R_3mh3M0KySPBLQnQ,ISU: Iowa State University,Q6_ISU,0,0,0.995618999004364
R_1CVmDIG3iS6vXPA,ISU: Iowa State University,Q6_ISU,2,2,0.9941484928131104
R_69nWVZUYdKQ43oH,ISU: Iowa State University,Q6_ISU,1,2,0.9963808655738831
R_6prA2VRrJghe0BX,ISU: Iowa State University,Q6_ISU,2,2,0.997015118598938
R_7pR4y7KabIKNoDk,ISU: Iowa State University,Q6_ISU,2,2,0.996852695941925
R_52256p43h3NslzP,ISU: Iowa State University,Q6_ISU,1,1,0.9964181184768677
R_3wNP9ZdOMH2f6E2,ISU: Iowa State University,Q6_ISU,2,2,0.9951386451721191
R_3kqXw2uhrubVuE1,ISU: Iowa State University,Q6_ISU,2,2,0.9965206384658813
R_7PoP0Z8uOQNx3zW,ISU: Iowa State University,Q6_ISU,2,2,0.9953463673591614
R_62YpOxcPLag0Uc0,ISU: Iowa State University,Q6_ISU,1,2,0.9940979480743408
R_1s6zyGGxSvJrVdO,ISU: Iowa State University,Q6_ISU,2,2,0.9971135854721069
R_52rAfxfgNoVeNe9,ISU: Iowa State University,Q6_ISU,2,2,0.9962770342826843
R_7rTQctawAkEuglw,ISU: Iowa State University,Q6_ISU,2,2,0.992738664150238
R_7Ehg63O79xBb10j,ISU: Iowa State University,Q6_ISU,0,0,0.992305338382721
R_5xEqZ3GaAnxpfBl,MSU: Michigan State University,Q3_ALL,0,0,0.9994731545448303
R_6ndxE7Msqqe2RAb,MSU: Michigan State University,Q3_ALL,0,0,0.9949592351913452
R_59sitB0lfvbkTPq,MSU: Michigan State University,Q3_ALL,1,1,0.9981605410575867
R_1D5ykGsjLM2zPoK,MSU: Michigan State University,Q3_ALL,1,0,0.9922555685043335
R_7L07kvdDUKGKu0T,MSU: Michigan State University,Q3_ALL,0,0,0.9942928552627563
R_7C3i7zkSjslMGqU,MSU: Michigan State University,Q3_ALL,0,0,0.9952210783958435
R_65o5jbHfmOSs5Gh,MSU: Michigan State University,Q3_ALL,1,1,0.9803959727287292
R_1aahIVwj0WRCdZj,MSU: Michigan State University,Q3_ALL,0,0,0.9982141256332397
R_31pnpcAaM1x0eKp,MSU: Michigan State University,Q3_ALL,1,1,0.9909197092056274
R_1xKKVjOvxfOZaQG,MSU: Michigan State University,Q3_ALL,1,1,0.9979643821716309
R_5jJI8XrshZvZqn5,MSU: Michigan State University,Q3_ALL,1,1,0.9982642531394958
R_5cHvMoBk4OCT4S5,MSU: Michigan State University,Q3_ALL,1,0,0.9254893660545349
R_6gNoxqardlH7Sj8,MSU: Michigan State University,Q3_ALL,0,0,0.996349573135376
R_6jN80wZeBYgovYe,MSU: Michigan State University,Q3_ALL,0,0,0.9987179040908813
R_59kWAd9JwwJBQaJ,MSU: Michigan State University,Q3_ALL,0,0,0.9951358437538147
R_710zDNzz7JN9akF,MSU: Michigan State University,Q3_ALL,1,1,0.9984210729598999
R_3HUOGEyIBBuEBJT,MSU: Michigan State University,Q3_ALL,0,0,0.7892779111862183
R_6VDUng2ENjpLLNl,MSU: Michigan State University,Q3_ALL,1,1,0.9980630278587341
R_3NylhurQUL3JmSh,MSU: Michigan State University,Q3_ALL,0,0,0.9665018916130066
R_3KUPyKRx5N3X2vf,MSU: Michigan State University,Q3_ALL,1,1,0.9970433115959167
R_5krhJbEMCIiMGhH,MSU: Michigan State University,Q3_ALL,0,0,0.998956561088562
R_5qE0Q7UgYvs77ua,UF: University of Florida,Q3_ALL,1,1,0.9983435869216919
R_1P5dWG4QNoEBaGC,MSU: Michigan State University,Q3_ALL,1,1,0.9914177656173706
R_6tKk9F3oQC4avFd,MSU: Michigan State University,Q3_ALL,0,0,0.9988588094711304
R_74u9IX99crNm8bj,MSU: Michigan State University,Q3_ALL,1,1,0.9977362155914307
R_30GjRdB4GB82Wyt,MSU: Michigan State University,Q3_ALL,0,0,0.9935365319252014
R_7IsWd9V3L79rNtM,MSU: Michigan State University,Q3_ALL,0,1,0.8396557569503784
R_79nx23ouy8cpQSO,MSU: Michigan State University,Q3_ALL,2,1,0.9976882934570312
R_5H5FW4LsGnRFjlF,MSU: Michigan State University,Q3_ALL,0,0,0.998704195022583
R_6nlhrpn1ggn85UZ,MSU: Michigan State University,Q3_ALL,0,0,0.9996166229248047
R_15tgliPnM4gHAoY,MSU: Michigan State University,Q3_ALL,0,0,0.9993688464164734
R_7z03pH0BIQHN8yd,MSU: Michigan State University,Q3_ALL,0,0,0.9979386925697327
R_3L3AEMj11nwHSOl,MSU: Michigan State University,Q3_ALL,1,1,0.998008668422699
R_7nCcHiHD0d4AlcN,MSU: Michigan State University,Q3_ALL,0,1,0.9868707060813904
R_6LniLKih2pVcbSB,MSU: Michigan State University,Q3_ALL,0,0,0.9993005990982056
R_51iZ0Le1Z0L87TQ,PSU: Penn State University,Q3_ALL,1,1,0.9972798824310303
R_1Ei4vJjelpmHzZB,MSU: Michigan State University,Q3_ALL,1,1,0.9978930354118347
R_1VoVxmJJVJM0qxb,MSU: Michigan State University,Q3_ALL,0,1,0.9881382584571838
R_7xsVvGAutLTSPzH,MSU: Michigan State University,Q3_ALL,1,1,0.9974671602249146
R_71NUrVOfmKPNytg,MSU: Michigan State University,Q3_ALL,0,0,0.9880202412605286
R_7outVbSMMYT7lut,MSU: Michigan State University,Q3_ALL,1,0,0.9985815286636353
R_3m9SnNLPSdyThF8,MSU: Michigan State University,Q3_ALL,1,0,0.9990155696868896
R_7GfByeqO6EQHvG2,MSU: Michigan State University,Q3_ALL,1,1,0.9962478280067444
R_19Mv64JQhEMtsQN,MSU: Michigan State University,Q3_ALL,0,1,0.995808482170105
R_7noWAEQbkldvo0b,MSU: Michigan State University,Q3_ALL,0,0,0.9983444213867188
R_37HWJz5iqvFkzyV,MSU: Michigan State University,Q3_ALL,0,1,0.9875264763832092
R_6kzGQcGpzJgH0dE,MSU: Michigan State University,Q3_ALL,1,1,0.9860522747039795
R_3xXLT9ZH0HIugdU,MSU: Michigan State University,Q3_ALL,1,1,0.9973564147949219
R_6rTD2OyU4PLjq93,MSU: Michigan State University,Q3_ALL,1,1,0.9982699155807495
R_5nP05M0FqRxSDvI,MSU: Michigan State University,Q3_ALL,1,1,0.997965931892395
R_1dih85jhhenkgoy,MSU: Michigan State University,Q3_ALL,1,1,0.9886610507965088
R_3VJg5YdO3JrxqMG,MSU: Michigan State University,Q3_ALL,0,0,0.999093770980835
R_71mwRAtx11QESAR,MSU: Michigan State University,Q3_ALL,0,1,0.9957210421562195
R_54YqlfnyBkqEusN,MSU: Michigan State University,Q3_ALL,0,0,0.9917411804199219
R_73bH1Zf9Y3SE5y1,MSU: Michigan State University,Q3_ALL,0,0,0.9973133206367493
R_7nrpunqmNHom2ZN,MSU: Michigan State University,Q3_ALL,0,0,0.9992350339889526
R_70TcxXedsoKJkLT,MSU: Michigan State University,Q3_ALL,1,1,0.9974587559700012
R_5QQX6rIy9DFEagF,MSU: Michigan State University,Q3_ALL,0,0,0.9936667084693909
R_1uV5vzgun13TmY2,MSU: Michigan State University,Q3_ALL,1,1,0.9970244765281677
R_6AHybb8XSCJJrbz,MSU: Michigan State University,Q3_ALL,1,1,0.9968886971473694
R_1EAWJJiT93y2Frq,MSU: Michigan State University,Q3_ALL,1,0,0.9979075193405151
R_3wda0E40quBfMvE,MSU: Michigan State University,Q3_ALL,0,0,0.9971350431442261
R_3AMtqyEuPXdX7xs,MSU: Michigan State University,Q3_ALL,0,0,0.9977672100067139
R_5pzjEpsRPXjR9sG,MSU: Michigan State University,Q3_ALL,1,1,0.9947994947433472
R_78TWR7CqeVgaqSj,MSU: Michigan State University,Q3_ALL,1,1,0.9979131817817688
R_6W03wtTJOZRHL21,MSU: Michigan State University,Q3_ALL,1,1,0.9979203343391418
R_6n5Tnrqpw7IR2Ul,MSU: Michigan State University,Q3_ALL,1,1,0.9975404739379883
R_3FPTcHeX4pjEPji,Other university:,Q3_ALL,0,0,0.996021568775177
R_7DnFcu3yGm6yBre,MSU: Michigan State University,Q3_ALL,0,0,0.9982072114944458
R_3OGUn3HcE7A0v2V,MSU: Michigan State University,Q3_ALL,0,0,0.9982080459594727
R_5P0FkHMXle1DBp4,MSU: Michigan State University,Q3_ALL,1,1,0.963019073009491
R_5TSL1XRYUMIcUIy,MSU: Michigan State University,Q3_ALL,0,0,0.6708985567092896
R_32LUezXhxtcXTOH,MSU: Michigan State University,Q3_ALL,0,0,0.9985207915306091
R_6jffragraj0lMM5,MSU: Michigan State University,Q3_ALL,0,1,0.9978771209716797
R_3ZCiLsjERvdkDXr,MSU: Michigan State University,Q3_ALL,1,1,0.9983171224594116
R_5Oa25rpCivqM8Mh,MSU: Michigan State University,Q3_ALL,0,0,0.9361171126365662
R_5htqGReAWRF4OI0,MSU: Michigan State University,Q3_ALL,1,1,0.9983265995979309
R_70NkjaYQwjgZcDQ,MSU: Michigan State University,Q3_ALL,1,1,0.9965711832046509
R_6hNeq9XdSZqR1e0,MSU: Michigan State University,Q3_ALL,1,1,0.9983200430870056
R_3f8rVYlFCdjLh0R,,Q3_ALL,0,0,0.9983421564102173
R_3xvCAqjn7LwAUed,,Q3_ALL,0,1,0.995908260345459
R_5zdOk2GVqa1sLh6,,Q3_ALL,0,1,0.9865007996559143
R_1f2bHOEmamv6e67,,Q3_ALL,1,0,0.7739062309265137
R_3uUoZa0AM6CMYMV,UF: University of Florida,Q3_ALL,1,1,0.9953296184539795
R_7EiDjff7hcg7kn7,UF: University of Florida,Q3_ALL,1,0,0.9503178000450134
R_1DAuexjFli8Z0mX,UF: University of Florida,Q3_ALL,1,1,0.9983617663383484
R_3qJAfbPfw1NzD51,UF: University of Florida,Q3_ALL,1,1,0.9983624815940857
R_3emnyFl097T8eZ3,ISU: Iowa State University,Q3_ALL,1,1,0.997458279132843
R_1EgonFTrtZqvWtP,UF: University of Florida,Q3_ALL,1,1,0.9982847571372986
R_5a5XFVqRFCQ4Xzb,UF: University of Florida,Q3_ALL,1,2,0.9959197044372559
R_1yfoODGRm9vs3wR,UF: University of Florida,Q3_ALL,1,1,0.9976141452789307
R_5yLZdu3BBizv6jD,ISU: Iowa State University,Q3_ALL,2,2,0.9968500733375549
R_5plLQNpNJNuWBNq,ISU: Iowa State University,Q3_ALL,1,1,0.9940659999847412
R_8JfKA6KwxMpVloE,UF: University of Florida,Q3_ALL,1,1,0.9977655410766602
R_3ktAU6E0ZBE6T3p,UF: University of Florida,Q3_ALL,1,1,0.9891953468322754
R_3G2f22XYnow0vm1,UF: University of Florida,Q3_ALL,1,2,0.9930094480514526
R_5zcmd3sf796gqtz,UF: University of Florida,Q3_ALL,1,1,0.9983533620834351
R_6pnHobQ0PPqp6A2,UF: University of Florida,Q3_ALL,1,2,0.995550274848938
R_3NaxH55W3u6fdKB,UF: University of Florida,Q3_ALL,0,0,0.9506810307502747
R_3Gy02Pnu7yzpZdF,UF: University of Florida,Q3_ALL,1,1,0.9982931017875671
R_6ayHNJTZSfFZ9M5,UF: University of Florida,Q3_ALL,1,1,0.9982900023460388
R_535bi99VS6TByTL,ISU: Iowa State University,Q3_ALL,1,1,0.9971012473106384
R_3PkdAFoTsciKyhX,UF: University of Florida,Q3_ALL,0,1,0.9886464476585388
R_3NWkeD9fqUu8jcC,UF: University of Florida,Q3_ALL,1,1,0.9965015649795532
R_32AqJNYXsayC4Eq,UF: University of Florida,Q3_ALL,1,1,0.9984286427497864
R_5dWLuv5rHIxaJGN,ISU: Iowa State University,Q3_ALL,1,2,0.996599018573761
R_1JxsGBtD0MNFzdg,UF: University of Florida,Q3_ALL,1,1,0.9983950257301331
R_8hzuev9qOdp3bJA,ISU: Iowa State University,Q3_ALL,2,2,0.9966985583305359
R_79jrzKxbh2fUkqh,UF: University of Florida,Q3_ALL,1,1,0.9978164434432983
R_32JG0Rfd2kFyIsm,ISU: Iowa State University,Q3_ALL,2,2,0.9962993264198303
R_70PNHBUrjsrShYQ,UF: University of Florida,Q3_ALL,1,1,0.9920470714569092
R_3ay1ICYhBPXeIic,UF: University of Florida,Q3_ALL,2,2,0.9928102493286133
R_7dSbOyrewjrumo9,UF: University of Florida,Q3_ALL,1,1,0.9982473850250244
R_3veSnCK7EbrN1FP,UF: University of Florida,Q3_ALL,1,0,0.9990517497062683
R_1TSKcTxOSDBe6wt,UF: University of Florida,Q3_ALL,1,1,0.9982689619064331
R_5lQg0KYFoYxKvAS,UF: University of Florida,Q3_ALL,1,0,0.9794854521751404
R_19bP9Mfhzah9nAS,UF: University of Florida,Q3_ALL,1,1,0.9984281063079834
R_3dUyPpUEjsCydIB,UF: University of Florida,Q3_ALL,1,1,0.9982936978340149
R_79tDNgzAH683NKt,UF: University of Florida,Q3_ALL,1,1,0.9980902075767517
R_1u46nYdMxIcbEZ3,UF: University of Florida,Q3_ALL,1,2,0.986849308013916
R_5CZj1923uDwLfpk,UF: University of Florida,Q3_ALL,1,1,0.9980605244636536
R_3GCDokSKXmSl4jL,UF: University of Florida,Q3_ALL,1,1,0.9984651803970337
R_5qjZnIbEndO8BGR,ISU: Iowa State University,Q3_ALL,1,1,0.9983671307563782
R_3PiKvRraQW9LGwp,UF: University of Florida,Q3_ALL,1,1,0.9983012676239014
R_5fkZ1nqXLu9s5tf,UF: University of Florida,Q3_ALL,2,1,0.9977879524230957
R_5vC8ZwRfKXli4BH,UF: University of Florida,Q3_ALL,1,1,0.9981371164321899
R_5qBKMz21lmziQcV,ISU: Iowa State University,Q3_ALL,1,2,0.6795657873153687
R_1pKzbhUwaLHLDcR,ISU: Iowa State University,Q3_ALL,1,1,0.9983787536621094
R_6LSxrYOcsVmP2tL,ISU: Iowa State University,Q3_ALL,1,1,0.9971104860305786
R_5J4YZ3DuJKF7pKN,UF: University of Florida,Q3_ALL,1,1,0.9978588223457336
R_3Jz0YlwJBEuMGhE,UF: University of Florida,Q3_ALL,1,1,0.9981594681739807
R_5lgfirYC3WnbCP7,UF: University of Florida,Q3_ALL,1,2,0.9967724680900574
R_7rorGcy6uD4wZGL,ISU: Iowa State University,Q3_ALL,2,2,0.9953683614730835
R_65vax0FlcyQ8K1q,UF: University of Florida,Q3_ALL,1,1,0.9983123540878296
R_6V4G6E44GM1LUA3,UF: University of Florida,Q3_ALL,1,1,0.997994065284729
R_5IsmUqSgkJNPaFE,UF: University of Florida,Q3_ALL,1,1,0.9969539642333984
R_52PknlHBswB49lI,ISU: Iowa State University,Q3_ALL,1,1,0.9977153539657593
R_76nHCbUSmMhYnBS,ISU: Iowa State University,Q3_ALL,0,1,0.9970365762710571
R_5s1g7DhqzjPKm55,ISU: Iowa State University,Q3_ALL,0,1,0.9970365762710571
R_8qJ8HpLFtvYgV4q,ISU: Iowa State University,Q3_ALL,1,1,0.9276924729347229
R_6q7twzwPdl6cnZv,ISU: Iowa State University,Q3_ALL,0,1,0.9870852828025818
R_7moppSkW21fdxK1,ISU: Iowa State University,Q3_ALL,1,0,0.8971881866455078
R_1kvqn6UOVYRRQfQ,ISU: Iowa State University,Q3_ALL,1,1,0.9084656238555908
R_3sXdLI1GnRoJdqZ,ISU: Iowa State University,Q3_ALL,1,1,0.99718177318573
R_5I9GwnkAQ5LE4ha,ISU: Iowa State University,Q3_ALL,2,2,0.9968774318695068
R_1HMw0hk5gUWjGgv,ISU: Iowa State University,Q3_ALL,1,2,0.959582507610321
R_7R3SfNYRvKBahFq,ISU: Iowa State University,Q3_ALL,1,1,0.984830379486084
R_1mEZ4L9LTB7Eavn,ISU: Iowa State University,Q3_ALL,1,0,0.9739460349082947
R_7TiIZLlE0oyLqTL,UF: University of Florida,Q3_ALL,1,1,0.9983583092689514
R_7kpnbw6OvKYCAQB,UF: University of Florida,Q3_ALL,1,1,0.9984716773033142
R_1FlFKLLJLtsjGZi,UF: University of Florida,Q3_ALL,2,2,0.9964483976364136
R_1LmFxCC3djJIKgF,UF: University of Florida,Q3_ALL,0,1,0.9913632869720459
R_7QGhk9bVUWyf9DJ,UF: University of Florida,Q3_ALL,1,1,0.9984340071678162
R_6RrRdUVeHbSUjdg,UF: University of Florida,Q3_ALL,1,1,0.9983769655227661
R_3DEBgB7ruJRbqo1,UF: University of Florida,Q3_ALL,1,2,0.9964402318000793
R_1rAFUMHsBspozPr,UF: University of Florida,Q3_ALL,1,0,0.9840982556343079
R_5LuOnFyMgpWLOYV,UF: University of Florida,Q3_ALL,1,1,0.9983683228492737
R_7k81fO6CV4qNa2L,UF: University of Florida,Q3_ALL,2,1,0.9980190992355347
R_6t1Eb6cpOlgNzxL,UF: University of Florida,Q3_ALL,2,2,0.9966866374015808
R_7NR9SVXwsQEG57r,UF: University of Florida,Q3_ALL,1,1,0.9980893731117249
R_5glNeQ69xrVZHk5,UF: University of Florida,Q3_ALL,1,1,0.9979548454284668
R_5Lv9WDzOoftrqHA,UF: University of Florida,Q3_ALL,1,1,0.9980201721191406
R_10kuI59hY1qQpP1,UF: University of Florida,Q3_ALL,1,1,0.9983829259872437
R_6f1JV2ikd8zqoiK,UF: University of Florida,Q3_ALL,1,1,0.9861875772476196
R_7NGB1DDq6ZbIPrb,UF: University of Florida,Q3_ALL,2,2,0.9926929473876953
R_6EgsKKJ1LQuoA8N,UF: University of Florida,Q3_ALL,1,1,0.9984416365623474
R_7Nbr5hvXjeDi79X,UF: University of Florida,Q3_ALL,0,1,0.9979292154312134
R_7RfRtakkQPiOqSo,UF: University of Florida,Q3_ALL,0,1,0.995652437210083
R_3PT6XIPbWRekjAM,UF: University of Florida,Q3_ALL,0,1,0.9946689009666443
R_1kzldWYPTjs9fi5,UF: University of Florida,Q3_ALL,1,2,0.9962234497070312
R_3QerROJLGnPCo0h,Other university:,Q3_ALL,1,0,0.9989227652549744
R_31oil0GjFcdo4sN,UF: University of Florida,Q3_ALL,1,1,0.9983916878700256
R_5bOBqiNSt7qLL78,UF: University of Florida,Q3_ALL,0,0,0.9965848922729492
R_6loAH0MGlzJW2yZ,UF: University of Florida,Q3_ALL,1,1,0.9980631470680237
R_3rja50hX8Oe6LNF,UF: University of Florida,Q3_ALL,1,1,0.9975298047065735
R_6q9FqgBSL8eu3fQ,ISU: Iowa State University,Q7_ISU,1,1,0.9981402158737183
R_3FP8MFsc6GUwqqu,ISU: Iowa State University,Q7_ISU,1,1,0.9967483282089233
R_7bKna3X5beSSLOU,ISU: Iowa State University,Q7_ISU,0,1,0.9524329900741577
R_7tHFm08ZqpS7Goh,ISU: Iowa State University,Q7_ISU,2,2,0.9965597987174988
R_7HncCA1Up5ZBQPN,ISU: Iowa State University,Q7_ISU,2,2,0.9965484738349915
R_110QPtui6InPSxu,ISU: Iowa State University,Q7_ISU,2,2,0.9939483404159546
R_5hyuLMPAF88us20,ISU: Iowa State University,Q7_ISU,2,1,0.9978881478309631
R_7CCB4JqaaVnZ48C,ISU: Iowa State University,Q7_ISU,1,1,0.9860917925834656
R_6dNNWPpK7HpEeYx,ISU: Iowa State University,Q7_ISU,1,1,0.997677743434906
R_1BQPDWWp7WY6Z5P,ISU: Iowa State University,Q7_ISU,2,1,0.9976251721382141
R_75zHxnfel6miHhl,ISU: Iowa State University,Q7_ISU,1,1,0.9912233352661133
R_7VZ8z8tcaLN4HT3,ISU: Iowa State University,Q7_ISU,1,2,0.996322512626648
R_3rOpLYX8G2tGsQS,ISU: Iowa State University,Q7_ISU,1,1,0.9982016086578369
R_1O4yoiRUuTeeAF3,ISU: Iowa State University,Q2_ISU,1,2,0.8211684226989746
R_1OU55NYB4iCMHpE,ISU: Iowa State University,Q2_ISU,1,1,0.9977583885192871
R_7w30HTp7BI4JKbn,ISU: Iowa State University,Q2_ISU,2,2,0.997139573097229
R_5IgScZUQ7AcRdBB,ISU: Iowa State University,Q2_ISU,2,2,0.9962260723114014
R_6KC0LpR90K7wCJH,ISU: Iowa State University,Q2_ISU,1,1,0.997979462146759
R_1szWpyYIuKytJ5f,ISU: Iowa State University,Q2_ISU,0,1,0.996703565120697
R_7DqCHDf1bYc9EnI,ISU: Iowa State University,Q2_ISU,0,0,0.9984562397003174
R_3mOh4V1cd5hcT5A,ISU: Iowa State University,Q2_ISU,0,0,0.9996211528778076
R_7i4k7ZRP7z20kxn,ISU: Iowa State University,Q2_ISU,0,0,0.9995724558830261
R_7OIUO3hE8uJphJZ,ISU: Iowa State University,Q2_ISU,1,1,0.9953547716140747
R_7CIfQEfAdlD487n,ISU: Iowa State University,Q2_ISU,0,0,0.9996936321258545
R_1hF9DdcoYwkcjCK,ISU: Iowa State University,Q2_ISU,0,0,0.999721109867096
R_67q9FFmGrNTmTKS,ISU: Iowa State University,Q2_ISU,2,2,0.996405839920044
R_5eBsr2ov5i1W5Mt,ISU: Iowa State University,Q2_ISU,2,2,0.9968481659889221
R_7jxxwewMdDTiSyZ,ISU: Iowa State University,Q2_ISU,1,1,0.9984361529350281
R_37jPA5YD84K5cVP,ISU: Iowa State University,Q2_ISU,0,0,0.9987801909446716
R_1Mu0w2xlje29wax,ISU: Iowa State University,Q2_ISU,1,1,0.9980868101119995
R_7pttRIBgqJG6a8F,ISU: Iowa State University,Q2_ISU,2,2,0.9969549179077148
R_6izIkiSgNi8P7iN,MSU: Michigan State University,Q3_ALL,1,0,0.9921239018440247
R_1MuGH3yAikZ9TBT,MSU: Michigan State University,Q3_ALL,0,1,0.6949610710144043
R_34iayBDTuout3vl,MSU: Michigan State University,Q3_ALL,0,1,0.9939694404602051
R_3Eyj5WLstFvUuwa,MSU: Michigan State University,Q3_ALL,0,0,0.9979208111763
R_7Rz20VaXbThzAa5,MSU: Michigan State University,Q3_ALL,0,1,0.9964945912361145
R_31aU7TbLkJTYTa4,MSU: Michigan State University,Q3_ALL,1,1,0.9973656535148621
R_6Dp9jD48dsTLEwn,MSU: Michigan State University,Q3_ALL,1,0,0.9990789890289307
R_65Hm9agDfzPJ5V7,MSU: Michigan State University,Q3_ALL,1,1,0.9979877471923828
R_7ekRNVZDNJfgDlL,MSU: Michigan State University,Q3_ALL,1,1,0.9972080588340759
R_715YlYKNNHvNCFr,MSU: Michigan State University,Q3_ALL,0,1,0.9979222416877747
R_7cUqLDuxDjP9AID,MSU: Michigan State University,Q3_ALL,1,0,0.9991410970687866
R_3O6xYk5FbraCvrr,MSU: Michigan State University,Q3_ALL,0,1,0.9930467009544373
R_6ALfSwzRwGizlF7,MSU: Michigan State University,Q3_ALL,0,0,0.9996801614761353
R_5L6ztovVPAj03PY,MSU: Michigan State University,Q3_ALL,1,1,0.9983646273612976
R_6onBDjtLW0Vbo82,MSU: Michigan State University,Q3_ALL,1,1,0.9976269602775574
R_5sq5mvIU281VSgh,MSU: Michigan State University,Q3_ALL,1,1,0.9899105429649353
R_70YsX2CqcUGvIgN,MSU: Michigan State University,Q3_ALL,0,0,0.9975195527076721
R_6IjaeYuO112Xs3x,MSU: Michigan State University,Q3_ALL,1,1,0.9830748438835144
R_7EyaseCICINhdva,MSU: Michigan State University,Q3_ALL,1,1,0.998268723487854
R_5GwsT07bwf7Uk6j,MSU: Michigan State University,Q3_ALL,1,1,0.9977432489395142
R_7oGt8hUZxm4ZnR0,MSU: Michigan State University,Q3_ALL,1,1,0.9982245564460754
R_1QGDPdf3JeVSuyM,MSU: Michigan State University,Q3_ALL,1,1,0.9982320666313171
R_1Qy2IgjGhs1hBGU,MSU: Michigan State University,Q3_ALL,1,1,0.9983945488929749
R_3DYwbTIWEPTy0yR,MSU: Michigan State University,Q3_ALL,0,1,0.9947702288627625
R_3LjaL9nDLDPzccb,MSU: Michigan State University,Q3_ALL,0,1,0.9912277460098267
R_5mjTjs9D4Z3wDjz,MSU: Michigan State University,Q3_ALL,1,1,0.9959309697151184
R_63Cr6k9NlCnLIl6,MSU: Michigan State University,Q3_ALL,1,1,0.9971718192100525
R_3HSIvqdnnzwYmuf,MSU: Michigan State University,Q3_ALL,0,0,0.9994943141937256
R_6aJjsk8pExXqpDG,MSU: Michigan State University,Q3_ALL,0,1,0.9941340088844299
R_5KxOKZL1I8W1Tlt,MSU: Michigan State University,Q3_ALL,1,1,0.9932804703712463
R_1hwseMrABSHLdQd,MSU: Michigan State University,Q3_ALL,0,0,0.9990538954734802
R_7GCFoJrhwEQVqJa,MSU: Michigan State University,Q3_ALL,1,0,0.9945439100265503
R_3ZEUmwa5IecSlrT,MSU: Michigan State University,Q3_ALL,0,0,0.9956014156341553
R_1PGdsNELTeSAV9b,MSU: Michigan State University,Q3_ALL,0,0,0.8824517130851746
R_76SxxsrSjhiacgh,MSU: Michigan State University,Q3_ALL,0,0,0.99481201171875
R_1TPtVXJDVM9IKNb,MSU: Michigan State University,Q3_ALL,0,0,0.9989653825759888
R_1QyeMApIFjN1e6U,MSU: Michigan State University,Q3_ALL,0,0,0.9990419745445251
R_32TwEfaOPfERfrj,MSU: Michigan State University,Q3_ALL,0,0,0.9964827299118042
R_5i7YThwB74GL9AW,MSU: Michigan State University,Q3_ALL,1,1,0.9983198046684265
R_3Pl6HofbKrQRUXL,MSU: Michigan State University,Q3_ALL,1,1,0.9984723925590515
R_7M5JmakjV6B0BZy,MSU: Michigan State University,Q3_ALL,1,1,0.9965950846672058
R_3aSnvInvbN2tLmF,MSU: Michigan State University,Q3_ALL,1,1,0.9980893731117249
R_1tDTPqelswJ3aT1,MSU: Michigan State University,Q3_ALL,0,0,0.998170018196106
R_6nMEUJVYDWKdLmv,MSU: Michigan State University,Q3_ALL,0,1,0.9346447587013245
R_6KqZHap7WxP97ID,MSU: Michigan State University,Q3_ALL,0,1,0.993710994720459
R_3hng6NmlyNfsJUZ,MSU: Michigan State University,Q3_ALL,0,1,0.728777289390564
R_316nS0o73WSOuP9,MSU: Michigan State University,Q3_ALL,0,1,0.9959861636161804
R_5IQ55R8OpPXoGJP,MSU: Michigan State University,Q3_ALL,1,2,0.5461638569831848
R_1m2SYecI7SA8kWR,MSU: Michigan State University,Q3_ALL,0,0,0.9994938373565674
R_7PSLsKAB30MyZuF,MSU: Michigan State University,Q3_ALL,1,1,0.9981936812400818
R_1DEcdMTFGCTr9HH,MSU: Michigan State University,Q3_ALL,0,0,0.961205780506134
R_6JykZk1kcpoM22d,MSU: Michigan State University,Q3_ALL,1,1,0.9979323148727417
R_5YQdxu72o2LvYNt,MSU: Michigan State University,Q3_ALL,1,1,0.9959968328475952
R_73cfxZNNUgl8V8J,MSU: Michigan State University,Q3_ALL,1,1,0.998114824295044
R_7lEvkIY2xf8fuBv,MSU: Michigan State University,Q3_ALL,0,0,0.9977318644523621
R_7CLtKdwZKOGCCZ3,MSU: Michigan State University,Q3_ALL,0,1,0.996788501739502
R_6lDM5rKKYPLoEVr,MSU: Michigan State University,Q3_ALL,0,0,0.9973717927932739
R_3PAFwxKNwMjNPKU,MSU: Michigan State University,Q3_ALL,0,0,0.992148220539093
R_52CqUntRTqi4IAF,MSU: Michigan State University,Q3_ALL,0,0,0.9970513582229614
R_5hnhvEZB50BPW74,MSU: Michigan State University,Q3_ALL,0,1,0.9966661334037781
R_3zRQBcbpYsORmP5,MSU: Michigan State University,Q3_ALL,1,1,0.9976146221160889
R_1CTIbxXfWOHCF2N,MSU: Michigan State University,Q3_ALL,0,0,0.5614968538284302
R_3j59BDlW4dn2Kpb,MSU: Michigan State University,Q3_ALL,1,1,0.977794349193573
R_7EmAVcDZXbKdpP9,MSU: Michigan State University,Q3_ALL,1,0,0.99396812915802
R_3hWFoUAG0CKISCp,MSU: Michigan State University,Q3_ALL,0,0,0.9996101260185242
R_1y2yKw7dD3djUIZ,MSU: Michigan State University,Q3_ALL,1,0,0.993992030620575
R_6McCOUV6p5JJl6t,MSU: Michigan State University,Q3_ALL,1,1,0.9982345104217529
R_6QGxFS85TIqnepV,MSU: Michigan State University,Q3_ALL,0,0,0.9959496259689331
R_1nBGnboYDraia96,MSU: Michigan State University,Q3_ALL,1,1,0.9970178604125977
R_1rMwsv0og9zF0aJ,MSU: Michigan State University,Q3_ALL,0,1,0.9818049073219299
R_1VyDJOKcwjCeINq,MSU: Michigan State University,Q3_ALL,1,0,0.9926438927650452
R_5CNOfvT3xjhSP92,MSU: Michigan State University,Q3_ALL,1,1,0.9977394342422485
R_7POb0pt1F2gw4oq,MSU: Michigan State University,Q3_ALL,0,0,0.9991427659988403
R_6lLmw2np3PPrOHD,MSU: Michigan State University,Q3_ALL,0,0,0.9992164373397827
R_6tnCTiZ0f1dCNLH,MSU: Michigan State University,Q3_ALL,0,0,0.9992477893829346
R_6SeiJf1ODqvjF26,,Q3_ALL,1,0,0.9988127946853638
R_5F4nkjp3blPUIU0,,Q3_ALL,0,0,0.9993357062339783
R_6qsvAOXRbwzofw7,,Q3_ALL,0,1,0.9872434735298157
R_6e3DA2M03fbXf2q,MSU: Michigan State University,Q3_ALL,1,1,0.9979881048202515
R_6c5DPUanosOypS9,,Q3_ALL,1,0,0.9915097951889038
R_7q7OzXqni6VH4Fr,,Q3_ALL,1,1,0.977360188961029
R_7zev1uatBuv7Fbg,ISU: Iowa State University,Q3_ALL,0,1,0.9736985564231873
R_7kGOLCuydXUdM5w,ISU: Iowa State University,Q3_ALL,0,0,0.9980270266532898
R_5CCbxxosOS8OJk4,ISU: Iowa State University,Q3_ALL,0,0,0.9972972273826599
R_1DOxfH26RgqpXMk,ISU: Iowa State University,Q3_ALL,1,0,0.9960100650787354
R_5bUBABfpTEFSXSA,ISU: Iowa State University,Q3_ALL,1,1,0.9960558414459229
R_51bK1m9GsW3pX3z,MSU: Michigan State University,Q3_ALL,1,1,0.997687578201294
R_1o18QxjDfxb8YNP,ISU: Iowa State University,Q3_ALL,1,1,0.9977163076400757
R_6OlXQXZBOhaVNFk,ISU: Iowa State University,Q3_ALL,0,0,0.9936286807060242
R_6bdNd21OA8PRM5j,ISU: Iowa State University,Q3_ALL,2,2,0.9963895678520203
R_1F7xJeD8ubuWXD3,ISU: Iowa State University,Q3_ALL,2,1,0.9978876709938049
R_1MahFDOQp3kwBrv,ISU: Iowa State University,Q3_ALL,1,0,0.8495779037475586
R_6aQ5I73rlbe9Y95,ISU: Iowa State University,Q3_ALL,0,1,0.9981125593185425
R_5zuqIH4JZeu6haN,ISU: Iowa State University,Q3_ALL,1,1,0.998119056224823
R_6SpGPOAWHIgzDMJ,ISU: Iowa State University,Q3_ALL,0,0,0.9984933137893677
R_5h0x5HqxkyUXZ1G,ISU: Iowa State University,Q3_ALL,1,1,0.9742934107780457
R_7n3C1JOWAIQBE8k,ISU: Iowa State University,Q3_ALL,2,2,0.9966633915901184
R_5B5xCbQBsNTD3jm,ISU: Iowa State University,Q3_ALL,0,1,0.99695885181427
R_6oYkh2Ihcih7dMC,ISU: Iowa State University,Q3_ALL,1,1,0.9974671602249146
R_5rYgn4KkaCfE9mP,ISU: Iowa State University,Q3_ALL,1,1,0.9951783418655396
R_7XoZHzQuxbxPPmD,ISU: Iowa State University,Q3_ALL,1,1,0.998050332069397
R_6o0zwdrmHTfIA6i,ISU: Iowa State University,Q3_ALL,0,0,0.9904208183288574
R_7mVpuzbAh6Ld8GZ,ISU: Iowa State University,Q3_ALL,1,0,0.9948859810829163
R_64w4tHTpnbOFarD,ISU: Iowa State University,Q3_ALL,1,1,0.9982397556304932
R_6SDUnbumW3sfqIp,ISU: Iowa State University,Q3_ALL,0,0,0.997260570526123
R_62tcAf5CLCuSqVM,UF: University of Florida,Q3_ALL,0,1,0.9959031939506531
R_6gZqcJ6vaS2IYVY,UF: University of Florida,Q3_ALL,1,1,0.9982307553291321
R_708fXumuunscKIN,UF: University of Florida,Q3_ALL,0,0,0.9996289014816284
R_77PhrWt3NDAlhya,UF: University of Florida,Q3_ALL,2,2,0.9969910383224487
R_7loWg6yrgvSIgYK,UF: University of Florida,Q3_ALL,1,1,0.9979586601257324
R_1Gu3pnQUr09zqZH,UF: University of Florida,Q3_ALL,2,2,0.9966530203819275
R_5qdXZGrMTEN3pXf,UF: University of Florida,Q3_ALL,2,2,0.9968011379241943
R_67WOzyPNuUiQDHb,UF: University of Florida,Q3_ALL,1,1,0.9971363544464111
R_6GdjVJT4IXKUNjd,UF: University of Florida,Q3_ALL,2,1,0.8268362283706665
R_7GxbNPD47HpiY44,UF: University of Florida,Q3_ALL,1,1,0.9981232285499573
R_6hCelUgOkIS6GOt,UF: University of Florida,Q3_ALL,2,2,0.9969478249549866
R_7MSBgNhMGgoI2oe,UF: University of Florida,Q3_ALL,1,1,0.9982250332832336
R_7Hfp21A3ntrZFmN,UF: University of Florida,Q3_ALL,1,1,0.998305082321167
R_7nSGDXV7IcR4mHw,UF: University of Florida,Q3_ALL,2,2,0.995633065700531
R_6FrFFoAxqMr9gnz,UF: University of Florida,Q3_ALL,1,1,0.998114824295044
R_6i54MM2Wbgp27W5,UF: University of Florida,Q3_ALL,1,1,0.9983271956443787
R_3FRLgMTSzgK8bK8,UF: University of Florida,Q3_ALL,1,1,0.9983065128326416
R_3rBb2fC3ZSacF7p,UF: University of Florida,Q3_ALL,1,1,0.998008668422699
R_6XSe2b08yvIj1El,UF: University of Florida,Q3_ALL,1,1,0.9974414110183716
R_1EasEVeEQrI4Yer,UF: University of Florida,Q3_ALL,1,1,0.7444639801979065
R_4U6rficFoWdek6q,UF: University of Florida,Q3_ALL,0,1,0.9969786405563354
R_5dGbFHRY6vXTXSU,UF: University of Florida,Q3_ALL,1,1,0.9982505440711975
R_1M9DiegLkeqFrQn,UF: University of Florida,Q3_ALL,1,1,0.9983587861061096
R_7783dl1o7i8zW4W,UF: University of Florida,Q3_ALL,2,1,0.5171647667884827
R_7rISokYfmiUPmeG,UF: University of Florida,Q3_ALL,1,1,0.998496413230896
R_6YwXmlubIimopdR,UF: University of Florida,Q3_ALL,1,1,0.9983806610107422
R_5BU1JVcYe7Z1ojL,UF: University of Florida,Q3_ALL,2,2,0.9960850477218628
R_5IWBJ9n9xK8nBqg,UF: University of Florida,Q3_ALL,1,1,0.9980688691139221
R_6qaDKZUfiROknoM,UF: University of Florida,Q3_ALL,1,1,0.997400164604187
R_6s6bMnl4ImJBxnB,UF: University of Florida,Q3_ALL,1,1,0.8821244239807129
R_6H8EpgdpypozkZP,UF: University of Florida,Q3_ALL,1,1,0.9982482194900513
R_6eiwPtJY0lIoVX3,UF: University of Florida,Q3_ALL,1,2,0.9818972945213318
R_1lBgKya8h2yZ8SB,UF: University of Florida,Q3_ALL,0,1,0.9965659976005554
R_50ADNoM95amXTYy,UF: University of Florida,Q3_ALL,1,1,0.9984164237976074
R_1CPKqUjx6ly5jje,UF: University of Florida,Q3_ALL,2,2,0.9968519806861877
R_1rFZuZeeRNX8NUK,UF: University of Florida,Q3_ALL,0,1,0.9822116494178772
R_1SwPjBzP2rfhQUF,UF: University of Florida,Q3_ALL,1,1,0.997911274433136
R_3o6dkxwXmjoeAVB,UF: University of Florida,Q3_ALL,2,2,0.9950032830238342
R_5Iy6gxzeOCDbEl3,UF: University of Florida,Q3_ALL,1,0,0.9015388488769531
R_3fIZtj0Lr8e7YAU,UF: University of Florida,Q3_ALL,1,1,0.9980548620223999
R_52m4uUMuX5h8RoA,UF: University of Florida,Q3_ALL,1,1,0.9967848062515259
R_75EkvSyd29tcHiC,UF: University of Florida,Q3_ALL,1,1,0.9980571866035461
R_3oTSWTFZonif9sg,UF: University of Florida,Q3_ALL,1,1,0.9983532428741455
R_5H7CywyEpUOkyCH,UF: University of Florida,Q3_ALL,2,2,0.9970613121986389
R_13gEP2HpJoafLRB,UF: University of Florida,Q3_ALL,1,2,0.9893900752067566
R_5qPFX2bXNTcAxzj,UF: University of Florida,Q3_ALL,1,1,0.9982708692550659
R_5hQyZe0z9plMVC9,UF: University of Florida,Q3_ALL,1,1,0.995561957359314
R_5nq4TcG2zFP1C1q,UF: University of Florida,Q3_ALL,1,1,0.9982914328575134
R_3JJXaisz3C85Yj3,UF: University of Florida,Q3_ALL,1,1,0.9960927367210388
R_2VsBoUFGmZVzg41,UF: University of Florida,Q3_ALL,1,2,0.9953990578651428
R_1FJkH2HjaBCL9G7,UF: University of Florida,Q3_ALL,1,2,0.9969509840011597
R_6VKEkUQ7AEAuZo2,UF: University of Florida,Q3_ALL,1,2,0.9955984354019165
R_5hhAWUHIRZDEdfq,UF: University of Florida,Q3_ALL,2,2,0.99664306640625
R_57BZ0Q1S2b7HK35,UF: University of Florida,Q3_ALL,2,1,0.9964582324028015
R_5DRCY0iOY5md31K,UF: University of Florida,Q3_ALL,1,1,0.9983579516410828
R_5khA2ysidM6gCWJ,UF: University of Florida,Q3_ALL,1,1,0.9983590245246887
R_7TVLvCbZyVL0IBr,UF: University of Florida,Q3_ALL,1,1,0.9980833530426025
R_5Jk2iOwV4ayvUxU,UF: University of Florida,Q3_ALL,1,1,0.9982105493545532
R_1Pinh7R2Fw6F3F2,UF: University of Florida,Q3_ALL,1,2,0.9960610270500183
R_31GVm5VnXQK4T7K,UF: University of Florida,Q3_ALL,2,1,0.9979333877563477
R_68HOK2Rwsm0zuc9,UF: University of Florida,Q3_ALL,1,2,0.9968032836914062
R_6Lea9gPVW2r5g1j,UF: University of Florida,Q3_ALL,1,1,0.9984727501869202
R_7cXJBMt1cmpLOL8,UF: University of Florida,Q3_ALL,1,1,0.9981471300125122
R_12QicaNNttjblaN,UF: University of Florida,Q3_ALL,1,1,0.9957226514816284
R_1fwz3hjct5bn9jX,UF: University of Florida,Q3_ALL,1,1,0.9908567667007446
R_3Oy65C7brWGhtUE,UF: University of Florida,Q3_ALL,0,1,0.996669590473175
R_5QuINK0SBWNTKKN,UF: University of Florida,Q3_ALL,1,1,0.9981374740600586
R_1TAx5HnKJqGe5gM,UF: University of Florida,Q3_ALL,1,1,0.9981290698051453
R_1DHkJF4InRXNfZ2,UF: University of Florida,Q3_ALL,2,2,0.9969313144683838
R_3Ed16VR1KryQo9a,UF: University of Florida,Q3_ALL,2,2,0.9950609803199768
R_7TSihQRIZur3cLC,UF: University of Florida,Q3_ALL,1,2,0.9966357350349426
R_7F5mGPCe4saP45r,UF: University of Florida,Q3_ALL,1,1,0.9980806112289429
R_3dimpMg1jEAsxH3,UF: University of Florida,Q3_ALL,1,1,0.9949953556060791
R_5Lh40mM3DJ1nF6Y,,Q3_ALL,1,1,0.9973848462104797
R_6Qs0dv8gfHzdIQx,UF: University of Florida,Q3_ALL,1,1,0.9948819875717163
R_6rYAgNzjCWP5uhP,UF: University of Florida,Q3_ALL,0,1,0.9947282671928406
R_1GZZmrQBMcFdjgW,"UCSB: University of California, Santa Barbara",Q3_ALL,2,2,0.9967984557151794
R_60uz5mm0qL1IOAx,"UCSB: University of California, Santa Barbara",Q3_ALL,1,1,0.997104823589325
R_5zSxa9lQ6vbmm8G,"UCSB: University of California, Santa Barbara",Q3_ALL,2,1,0.9981185793876648
R_3P0MDAIgSkB2hOw,"UCSB: University of California, Santa Barbara",Q3_ALL,1,1,0.9969616532325745
R_5SrYvCHgzPdpID7,"UCSB: University of California, Santa Barbara",Q3_ALL,1,1,0.9910070300102234
R_18YgzR8yYhZ3Anm,"UCSB: University of California, Santa Barbara",Q3_ALL,1,0,0.5192050337791443
R_1mfXQccBAXL2qFU,"UCSB: University of California, Santa Barbara",Q3_ALL,1,1,0.9982792139053345
R_3BnfjstK0APDBlh,"UCSB: University of California, Santa Barbara",Q3_ALL,1,1,0.9984790682792664
R_1wgjZ9mK8Z9zU7D,"UCSB: University of California, Santa Barbara",Q3_ALL,2,2,0.9938790798187256
R_5GUgg2JOX5tD0d3,"UCSB: University of California, Santa Barbara",Q3_ALL,1,1,0.8602469563484192
R_1eixBtY8H3ej83f,"UCSB: University of California, Santa Barbara",Q3_ALL,1,1,0.9984638690948486
R_1xJQS4UgVzdljy1,"UCSB: University of California, Santa Barbara",Q3_ALL,1,1,0.9968758821487427
R_5riZRCrmg7LuwIS,"UCSB: University of California, Santa Barbara",Q3_ALL,1,1,0.9983214735984802
R_6MNbXjI0n5gXLJw,"UCSB: University of California, Santa Barbara",Q3_ALL,2,1,0.9965645670890808
R_7ZZHBOz1XH2AcOV,"UCSB: University of California, Santa Barbara",Q3_ALL,1,1,0.9974105954170227
R_6OYNpYeNgYGN5Cu,"UCSB: University of California, Santa Barbara",Q3_ALL,2,1,0.9985126852989197
R_7fXrRFetdF9M9A5,"UCSB: University of California, Santa Barbara",Q3_ALL,2,2,0.9970195889472961
R_1rU78uwsVrcY1pv,"UCSB: University of California, Santa Barbara",Q3_ALL,1,1,0.998400866985321
R_79jvmZxdJxGQD1n,"UCSB: University of California, Santa Barbara",Q3_ALL,1,1,0.9559537768363953
R_7qaFxMa4daxkMgY,"UCSB: University of California, Santa Barbara",Q3_ALL,1,1,0.997983455657959
R_3aFggcKG0B3JH9W,"UCSB: University of California, Santa Barbara",Q3_ALL,1,1,0.9984062314033508
R_5AYExmwPy8Syk5j,"UCSB: University of California, Santa Barbara",Q3_ALL,0,1,0.9963701963424683
R_5JrYsaHlRReiRCp,"UCSB: University of California, Santa Barbara",Q3_ALL,1,1,0.9981630444526672
R_1qJONcTM1qobaj7,"UCSB: University of California, Santa Barbara",Q3_ALL,1,1,0.996911883354187
R_1pS6zvvENTI795r,"UCSB: University of California, Santa Barbara",Q3_ALL,1,1,0.9982149600982666
R_7lxiZJFf1f5LoeY,"UCSB: University of California, Santa Barbara",Q3_ALL,0,1,0.995944082736969
R_1MgDGH9N6uPQ0QF,"UCSB: University of California, Santa Barbara",Q3_ALL,1,1,0.9971972703933716
R_1l64W7aJGYyrmkz,"UCSB: University of California, Santa Barbara",Q3_ALL,2,2,0.9942556023597717
R_5hQROw89sqXdibn,"UCSB: University of California, Santa Barbara",Q3_ALL,1,1,0.9982848763465881
R_3RyLI9RDQjcbhrE,UF: University of Florida,Q4_UF,1,1,0.9986615180969238
R_7gbRRQXt5Jg6ezu,UF: University of Florida,Q4_UF,1,1,0.998730480670929
R_1frzvJIGKcm6Fdx,UF: University of Florida,Q4_UF,0,0,0.997319757938385
R_1amUGgfsJzfvYZ3,UF: University of Florida,Q4_UF,1,1,0.9983162879943848
R_1WMAo0ilmhZwzPp,UF: University of Florida,Q4_UF,1,1,0.9978591799736023
R_3kUbaBUkaZ8Wffz,UF: University of Florida,Q4_UF,1,1,0.9977654218673706
R_5ZV6wBdT3f4a1lD,UF: University of Florida,Q4_UF,0,0,0.9995008707046509
R_72P9s5pldZY7MZ5,UF: University of Florida,Q4_UF,1,1,0.9980712532997131
R_1eNX389YIbM0sz7,UF: University of Florida,Q4_UF,1,1,0.9981290698051453
R_6GxkH2Bd6CVPWUV,Other university:,Q4_UF,0,1,0.9963909983634949
R_4aqOq6LqHnf1fBo,UF: University of Florida,Q4_UF,1,1,0.9836004376411438
R_7hF9HRViA6LJDlB,UF: University of Florida,Q4_UF,1,1,0.9986251592636108
R_7cBfO9vJx5xUPb3,UF: University of Florida,Q4_UF,1,0,0.962478756904602
R_6KTo9GL1PyhZJ25,UF: University of Florida,Q4_UF,0,0,0.99647456407547
R_3dKrxU8SJv9jCJj,UF: University of Florida,Q4_UF,1,1,0.9983839988708496
R_5azDcJdFE7K9zUZ,UF: University of Florida,Q4_UF,2,2,0.9968683123588562
R_7VnQjEJ14Cvbk3L,UF: University of Florida,Q4_UF,1,1,0.9984167814254761
R_52m7mNidFq6neal,UF: University of Florida,Q4_UF,1,1,0.9983863830566406
R_5OOybiSNaayy99G,UF: University of Florida,Q4_UF,0,1,0.9983072280883789
R_50xjAyrFzqStbVv,UF: University of Florida,Q4_UF,1,1,0.9984337687492371
R_1sbRqW4HqGTHTMx,UF: University of Florida,Q4_UF,2,1,0.9981556534767151
R_3DT3T2GoiRO6qIy,UF: University of Florida,Q4_UF,0,0,0.9958606362342834
R_5C8x63mMeNXYKYC,UF: University of Florida,Q4_UF,0,0,0.9879783391952515
R_3aRkisuTYaAsICH,UF: University of Florida,Q4_UF,1,1,0.9937680959701538
R_530VWztACdYCbZZ,UF: University of Florida,Q4_UF,0,1,0.9975904226303101
R_3G6UGLsnHyfovVs,UF: University of Florida,Q4_UF,0,2,0.9956195950508118
R_3fjTegG7Pv2DgHN,UF: University of Florida,Q4_UF,1,1,0.9972631931304932
R_19n9m31ndWGtUgz,UF: University of Florida,Q4_UF,1,1,0.9959491491317749
R_6aDTJDxbCPNnwNX,UF: University of Florida,Q4_UF,0,0,0.9989774227142334
R_3q9IPfUX1mDj3Kj,UF: University of Florida,Q4_UF,1,1,0.9981254935264587
R_55VhUu4mER1RK0h,UF: University of Florida,Q4_UF,2,2,0.9553862810134888
R_1bjarNpgI5oIW0F,UF: University of Florida,Q4_UF,1,1,0.9983339905738831
R_3I0uQM1Bclv6efn,UF: University of Florida,Q4_UF,1,1,0.9964011907577515
R_387SZJMhGBGWE7f,UF: University of Florida,Q4_UF,1,1,0.9979436993598938
R_6MaFU0Mt3he6x1S,UF: University of Florida,Q4_UF,0,0,0.9974554181098938
R_5EzYZurMDe3u1OK,UF: University of Florida,Q4_UF,1,1,0.9986559152603149
R_194cmNDaTEBG6hc,UF: University of Florida,Q4_UF,1,1,0.9984793066978455
R_6rjZskfVdMiXZEk,UF: University of Florida,Q4_UF,1,1,0.9984995126724243
R_7us8yZ2pmTMBrnJ,UF: University of Florida,Q4_UF,1,1,0.9982112646102905
R_3r0u3oa9WivB0ol,UF: University of Florida,Q4_UF,1,1,0.997819185256958
R_7hz3TGHNfQKnZv7,UF: University of Florida,Q4_UF,1,1,0.9975870847702026
R_7EuEEd8qK0xcXFp,UF: University of Florida,Q4_UF,0,0,0.9973742961883545
R_6CaxLdmKICPf6im,UF: University of Florida,Q4_UF,1,1,0.9945865869522095
R_7doH3zqHsgIzP2H,UF: University of Florida,Q4_UF,1,1,0.9948238134384155
R_3laeVpDzKUn9GAa,UF: University of Florida,Q4_UF,1,1,0.9972659349441528
R_77VeoXQ1JBYRJwg,UF: University of Florida,Q4_UF,1,1,0.9986467957496643
R_17CemYhVsYIsBWP,UF: University of Florida,Q4_UF,0,0,0.9988816380500793
R_1GoQQb3KTLb1sLT,UF: University of Florida,Q4_UF,0,0,0.9985290765762329
R_3i3FpIJYcJUvJom,UF: University of Florida,Q4_UF,1,1,0.9980624318122864
R_7mmGbtCGz2alowj,UF: University of Florida,Q4_UF,1,1,0.9986853003501892
R_1Kr7cguKL9fTCsV,UF: University of Florida,Q4_UF,0,0,0.9992895126342773
R_5mCGjFVnCd1DY5P,UF: University of Florida,Q4_UF,1,1,0.9969480633735657
R_5AoZVEgcVVa7j7b,UF: University of Florida,Q4_UF,1,0,0.9974551796913147
R_374oMmtTMsCIqVq,UF: University of Florida,Q4_UF,1,1,0.9986553192138672
R_1Jr5fn8g96WKaks,UF: University of Florida,Q4_UF,2,2,0.9967690706253052
R_5U36oQyM120JVW9,UF: University of Florida,Q4_UF,1,1,0.9984076619148254
R_3oAfn6fHhfRkM5l,UF: University of Florida,Q4_UF,1,1,0.9986283779144287
R_5uPeoXoLBxHOHLD,UF: University of Florida,Q4_UF,1,1,0.9986421465873718
R_7H2eeGOMpxea0Bd,UF: University of Florida,Q4_UF,0,1,0.9964274764060974
R_7hZr8DN6RDftdS3,UF: University of Florida,Q4_UF,1,1,0.9981316924095154
R_7JEP0j91jhRWOo8,UF: University of Florida,Q4_UF,0,0,0.9991500377655029
R_1QJFbQGqVer4vOR,UF: University of Florida,Q4_UF,1,1,0.9960259199142456
R_3qvmbeRuFBpJeiR,UF: University of Florida,Q4_UF,1,1,0.9983731508255005
R_19tEx0IlIVBNH8V,MSU: Michigan State University,Q1_MSU,0,0,0.9904504418373108
R_6vcAlSSwhoQXhLa,MSU: Michigan State University,Q1_MSU,1,1,0.9921396374702454
R_5UhFR4lrI5AKGKL,MSU: Michigan State University,Q1_MSU,1,1,0.9904482960700989
R_7tfHvEpkMpgg67K,MSU: Michigan State University,Q1_MSU,1,1,0.9930292963981628
R_5IhIKo9TNBq7xNA,MSU: Michigan State University,Q1_MSU,1,1,0.9738849997520447
R_5lQxGHDUgvIYRDa,MSU: Michigan State University,Q1_MSU,1,1,0.986831545829773
R_5YVCIqz9N3Cwij9,MSU: Michigan State University,Q1_MSU,2,1,0.9800485372543335
R_1BtXCXyIyt6MDWX,MSU: Michigan State University,Q1_MSU,2,2,0.9948925971984863
R_1rm8D49z3xF4XkJ,MSU: Michigan State University,Q1_MSU,2,2,0.9934087991714478
R_7wFKEkYniABHIqd,MSU: Michigan State University,Q1_MSU,0,0,0.9864571690559387
R_1jeO6ETiYy13jD3,MSU: Michigan State University,Q1_MSU,1,0,0.9832226634025574
R_1agEFbNVBD6uzGe,MSU: Michigan State University,Q1_MSU,0,0,0.9878479242324829
R_5BkTixjCXyzYtHu,MSU: Michigan State University,Q1_MSU,1,1,0.9669687747955322
R_3CE1L908LIUocDW,MSU: Michigan State University,Q1_MSU,2,2,0.993486762046814
R_1DMbMvqPxhTzWNe,MSU: Michigan State University,Q1_MSU,1,0,0.96979159116745
R_17s798cC9h8FRki,MSU: Michigan State University,Q1_MSU,0,0,0.9795256853103638
R_1meCY7kthgrePKT,MSU: Michigan State University,Q1_MSU,1,1,0.9454337954521179
R_1m9MBFAHoRbnvfN,MSU: Michigan State University,Q1_MSU,2,1,0.9740145802497864
R_5lsD4p3f3OeQhZT,MSU: Michigan State University,Q1_MSU,0,0,0.9904680848121643
R_7DvVgtggHS3dbm8,MSU: Michigan State University,Q1_MSU,0,0,0.9704298377037048
R_6CjfUSFtEftxcwO,MSU: Michigan State University,Q1_MSU,0,0,0.9916151762008667
R_1j7zKx3TXC3Ld6l,MSU: Michigan State University,Q1_MSU,2,2,0.9892107248306274
R_7chLfHyy4XXe1kF,MSU: Michigan State University,Q1_MSU,1,1,0.9590854048728943
R_7lPNlUEcQETn8nE,MSU: Michigan State University,Q1_MSU,2,2,0.9927277565002441
R_5Cm17waXEih6MZC,MSU: Michigan State University,Q1_MSU,2,2,0.9949188828468323
R_7TsJhxe0dEv7JjX,MSU: Michigan State University,Q1_MSU,2,1,0.9582563638687134
R_1fzjwawLnvTpdGp,MSU: Michigan State University,Q1_MSU,0,0,0.9892891645431519
R_5e32LeyvTWcvbJb,MSU: Michigan State University,Q1_MSU,0,0,0.9870157241821289
R_7eXbzc2vsEubBmC,MSU: Michigan State University,Q1_MSU,0,0,0.9895784258842468
R_6pu96hTPG4w27Ya,MSU: Michigan State University,Q1_MSU,0,0,0.8947701454162598
R_52eUJCiF01dSY5l,MSU: Michigan State University,Q1_MSU,2,2,0.995344340801239
R_5psehyJKqnOcdiC,MSU: Michigan State University,Q1_MSU,1,0,0.9876032471656799
R_3dGnGXtj0MQnP2N,MSU: Michigan State University,Q1_MSU,0,0,0.9913533329963684
R_67lmmYaOGVP6QKJ,MSU: Michigan State University,Q1_MSU,2,1,0.9682037234306335
R_7ZIlOE5FzmpApd7,MSU: Michigan State University,Q1_MSU,1,1,0.9936835765838623
R_6b34MoBcNRExhtM,MSU: Michigan State University,Q1_MSU,2,2,0.9950473308563232
R_1QWnCTxWIr04gMy,MSU: Michigan State University,Q1_MSU,1,1,0.991148829460144
R_3C3Bm5ZMywtzKyI,MSU: Michigan State University,Q1_MSU,1,1,0.9966055154800415
R_5YJ8CmjWo8M7riH,MSU: Michigan State University,Q1_MSU,2,2,0.9931578040122986
R_1fo8NB372yMfRi9,MSU: Michigan State University,Q1_MSU,1,1,0.982666015625
R_1oRycWMVxXgMf1D,MSU: Michigan State University,Q1_MSU,1,1,0.9837439656257629
R_5bTe2dZpSNpnLUH,MSU: Michigan State University,Q1_MSU,1,0,0.9917762279510498
R_6aHbdx8DbPWX2o1,MSU: Michigan State University,Q1_MSU,1,1,0.9930230379104614
R_3q8lv8GpiN7JxGY,MSU: Michigan State University,Q1_MSU,1,0,0.6734954118728638
R_7xY4UYjGehI21Tj,Other university:,Q1_MSU,0,0,0.9827613234519958
R_1Tv4h5bH90f7201,MSU: Michigan State University,Q1_MSU,2,2,0.9839529395103455
R_30dilDvpebAsbZ3,MSU: Michigan State University,Q1_MSU,2,2,0.8171231746673584
R_3j7MKTJmiDBxCBZ,MSU: Michigan State University,Q1_MSU,0,0,0.99009108543396
R_6jeWoVEik4uzfed,MSU: Michigan State University,Q1_MSU,1,1,0.990605890750885
R_789lZ44I8GNshCp,MSU: Michigan State University,Q1_MSU,1,1,0.7474405765533447
R_17Axba25LsE6lpf,MSU: Michigan State University,Q1_MSU,2,1,0.9714046716690063
R_6HXoFnEtZW84alh,MSU: Michigan State University,Q1_MSU,1,2,0.981513500213623
R_6NMWs4jKOc3T0cx,MSU: Michigan State University,Q1_MSU,2,1,0.9892949461936951
R_2C7a6FE6pRIaLB2,MSU: Michigan State University,Q1_MSU,0,0,0.9889046549797058
R_69bGELW1Qj9JBID,MSU: Michigan State University,Q1_MSU,2,2,0.9931139349937439
R_11tiWnKGBHF8yEp,MSU: Michigan State University,Q1_MSU,0,0,0.9842191338539124
R_1lRFXdA2dB3DqpF,MSU: Michigan State University,Q1_MSU,1,1,0.9946040511131287
R_1QEzZDccA9Iixot,MSU: Michigan State University,Q1_MSU,1,1,0.9821398854255676
R_6PmLjl86KRNDN0L,MSU: Michigan State University,Q1_MSU,0,0,0.9895423650741577
R_51TvTMSnlBiGSEH,MSU: Michigan State University,Q1_MSU,1,0,0.9836017489433289
R_1wO2xWINZnv2Pgl,MSU: Michigan State University,Q1_MSU,2,1,0.9861164689064026
R_6Q9KoRZ7sZZ8NGp,MSU: Michigan State University,Q1_MSU,0,0,0.9922356009483337
R_7tFQjBRZdB9KfQQ,MSU: Michigan State University,Q1_MSU,1,2,0.9893816709518433
R_1pGWBlQP1LjpIRD,MSU: Michigan State University,Q1_MSU,0,0,0.9870419502258301
R_7OFVTZ7thIcJPxv,MSU: Michigan State University,Q1_MSU,0,0,0.9912233352661133
R_7dgFn8leOiBN1mW,MSU: Michigan State University,Q1_MSU,1,2,0.9684277176856995
R_5ayGN5KL5L04WAO,MSU: Michigan State University,Q1_MSU,2,1,0.9802355766296387
R_6qe9NmVyIJzV2i3,MSU: Michigan State University,Q1_MSU,0,0,0.9933567643165588
R_3dzc7VkYIAp0VHI,MSU: Michigan State University,Q1_MSU,1,1,0.9951022863388062
R_73eOykd4EqFBS25,MSU: Michigan State University,Q1_MSU,1,1,0.9958621263504028
R_1T6yaKnueg8tnxf,MSU: Michigan State University,Q1_MSU,2,1,0.9841517210006714
R_6FrQtrmoVaaxdId,MSU: Michigan State University,Q1_MSU,2,1,0.9815143942832947
R_7cc1JsNod7ZNH1W,MSU: Michigan State University,Q1_MSU,2,1,0.9761949181556702
R_7ZBnBzXC68XmLlU,MSU: Michigan State University,Q1_MSU,1,1,0.8853395581245422
R_7kifvEpHn26FFIu,MSU: Michigan State University,Q1_MSU,1,0,0.9887326955795288
R_3GuMHkdg3NoJHk4,MSU: Michigan State University,Q1_MSU,2,2,0.9943926334381104
R_71m6ZA3ErbEozEB,MSU: Michigan State University,Q1_MSU,1,2,0.9945375323295593
R_52Ajg1tXkBQUBps,MSU: Michigan State University,Q1_MSU,2,1,0.9919430017471313
R_54yOQkO6RV2Fu0h,MSU: Michigan State University,Q1_MSU,1,1,0.9913212656974792
R_1YsoX5C6He2Qeir,MSU: Michigan State University,Q1_MSU,1,0,0.9941532015800476
R_3M3Zm5yjwqX9akQ,MSU: Michigan State University,Q1_MSU,2,1,0.9807521104812622
R_6fxHZZcshthrGPz,MSU: Michigan State University,Q1_MSU,2,1,0.9808860421180725
R_17qxdEPBdi4joyF,MSU: Michigan State University,Q1_MSU,2,1,0.9874047636985779
R_32z6JyqPQy2wJw0,MSU: Michigan State University,Q1_MSU,2,1,0.984214723110199
R_51hcWetTrG30ApU,MSU: Michigan State University,Q1_MSU,0,0,0.9932070374488831
R_6YJ2p5IGZvRIWPO,MSU: Michigan State University,Q1_MSU,0,0,0.836513102054596
R_6CODF2HlF4R8vxz,MSU: Michigan State University,Q1_MSU,1,2,0.6069761514663696
R_5gFKZYh7zJyXN5I,MSU: Michigan State University,Q1_MSU,0,0,0.9904819130897522
R_7w1gunUa80rCwWH,MSU: Michigan State University,Q1_MSU,1,1,0.9590100049972534
R_6zG4W7UthFr0BgN,MSU: Michigan State University,Q1_MSU,2,1,0.9886056780815125
R_5n1lY7j4HFLPNOS,MSU: Michigan State University,Q1_MSU,0,0,0.9873162508010864
R_1iFjw4vp82mAjI5,MSU: Michigan State University,Q1_MSU,2,2,0.9931156039237976
R_7J8eQPwCdblwg0h,MSU: Michigan State University,Q1_MSU,1,1,0.9929705262184143
R_1az7bNg8eTEeP4e,MSU: Michigan State University,Q1_MSU,1,0,0.9983662962913513
R_3Ic2aKYvTI6OVxN,MSU: Michigan State University,Q1_MSU,1,0,0.9895067811012268
R_63314s0wC3IOZ9o,MSU: Michigan State University,Q1_MSU,2,1,0.9963030815124512
R_5TZvZEwxhYamuhT,MSU: Michigan State University,Q1_MSU,1,1,0.9919133186340332
R_6ToR14DeaA2Xta7,MSU: Michigan State University,Q1_MSU,1,1,0.9923050999641418
R_5lkjZbE7yI7XmW5,MSU: Michigan State University,Q1_MSU,0,1,0.708664059638977
R_1A0ghqBeeBzvAEF,MSU: Michigan State University,Q1_MSU,0,1,0.9482380747795105
R_5CWD0JuSVBYdLbz,,Q1_MSU,2,2,0.9898820519447327
R_3fVln2uZvaEbPps,MSU: Michigan State University,Q1_MSU,1,1,0.981238842010498
R_3Hp4CKqOpYfb5GQ,MSU: Michigan State University,Q1_MSU,1,1,0.9957371950149536
R_1dW3mjRwl7Dnyz4,,Q1_MSU,1,1,0.993280827999115
R_1a6Uy1bSM2zTlJf,,Q1_MSU,1,1,0.987589955329895
R_6zVcry4HBGmGiub,,Q1_MSU,1,1,0.9831774830818176
R_7CxrZywo1NiI2xM,,Q1_MSU,0,0,0.9971822500228882
R_30hRkVmLMLsCKT6,,Q1_MSU,1,1,0.9342616200447083
R_5gx3VvkYEuzdKw1,,Q1_MSU,1,1,0.9644286632537842
R_6YmGJfiTeuJvmUe,,Q1_MSU,0,0,0.7131815552711487
R_3Ttl7urkH4co1ya,MSU: Michigan State University,Q1_MSU,1,0,0.9912824630737305
R_3FLCereifJOqJHB,MSU: Michigan State University,Q1_MSU,2,1,0.9782384634017944
R_6JIpSn2PHcfYhUM,,Q1_MSU,1,0,0.9929341077804565
R_7RxqiS3ycf5ZYQU,MSU: Michigan State University,Q1_MSU,1,0,0.990796685218811
R_5aCuI1b8vgFpgUF,MSU: Michigan State University,Q1_MSU,0,0,0.9916086792945862
R_z0WKFPu3tSlNfTH,PSU: Penn State University,Q1_ISU,1,1,0.9965404272079468
R_1l66GdLrB7XNWi8,PSU: Penn State University,Q2_PSU,0,2,0.9492098689079285
R_1l66GdLrB7XNWi8,PSU: Penn State University,Q1_ISU,1,1,0.9961888194084167
R_122MwTGfrwca13M,PSU: Penn State University,Q1_UF,1,1,0.9911721348762512
R_1IMiwrU6w54EzAb,PSU: Penn State University,Q1_UF,1,2,0.9947415590286255
R_3m1RkofpSZV7zDq,PSU: Penn State University,Q1_PSU,0,0,0.9992685914039612
R_3m1RkofpSZV7zDq,PSU: Penn State University,Q1_ISU,0,1,0.9973633885383606
R_2sXOrFPe5l9cPzS,PSU: Penn State University,Q1_ISU,1,1,0.9975844621658325
R_29aC8tkvlW0QaXr,PSU: Penn State University,Q1_UF,2,2,0.7473817467689514
R_u3PvJY8fkffI8lr,PSU: Penn State University,Q2_PSU,1,0,0.9976367950439453
R_1NlZV6fqxd7X6RC,PSU: Penn State University,Q2_PSU,0,0,0.9905383586883545
R_1NlZV6fqxd7X6RC,PSU: Penn State University,Q1_ISU,1,1,0.9974049925804138
R_3HIelPHxMjfwJIG,PSU: Penn State University,Q2_PSU,0,0,0.9991920590400696
R_2wv3wZ92MoN3E9r,PSU: Penn State University,Q1_UF,1,1,0.9009807109832764
R_ufVESZoR2NL6zyp,PSU: Penn State University,Q1_UF,2,1,0.5225443840026855
R_12hAt7ATgO0RA7n,PSU: Penn State University,Q1_ISU,1,1,0.994345486164093
R_2AKVGvqdMi8YZIX,PSU: Penn State University,Q1_PSU,0,0,0.9996954202651978
R_066oxvWqpfj5zeF,PSU: Penn State University,Q1_PSU,1,0,0.9975805282592773
R_3eeGjx3cWvJPnPg,PSU: Penn State University,Q2_PSU,2,0,0.9989425539970398
R_3GwfzwDw9ksWr7z,PSU: Penn State University,Q1_ISU,1,1,0.9976251721382141
R_0ohthSKuNkgV2Lv,PSU: Penn State University,Q1_UF,1,1,0.9918050765991211
R_vYRbJXOKzSB5G6Z,PSU: Penn State University,Q2_PSU,2,2,0.9952991008758545
R_vq9QSu4nEAA7MIh,PSU: Penn State University,Q1_ISU,1,1,0.9981702566146851
R_29aIk5M1NErQxNy,PSU: Penn State University,Q1_UF,1,1,0.9655013680458069
R_xFz8K2qaW2iGMYF,PSU: Penn State University,Q1_UF,2,0,0.9310777187347412
R_PYbhWcT1jydZkKB,PSU: Penn State University,Q2_PSU,1,1,0.9952383041381836
R_3OpifydsCbosVPk,PSU: Penn State University,Q1_UF,1,1,0.9773911237716675
R_6mT10RbD4ZTvqMx,PSU: Penn State University,Q1_ISU,1,1,0.9968135952949524
R_OORuNdZxlYhY0RX,PSU: Penn State University,Q2_PSU,2,1,0.980984091758728
R_3NRh2LK4sspKgog,PSU: Penn State University,Q1_ISU,1,1,0.9972221851348877
R_21G0isU2CU5xWLh,PSU: Penn State University,Q1_ISU,1,1,0.9959878325462341
R_2e8CvnZxppcxIm9,PSU: Penn State University,Q2_PSU,2,1,0.9851245284080505
R_1LqIK0FPG1RKB5t,PSU: Penn State University,Q1_ISU,1,1,0.9960328936576843
R_3MtXkjSjfcHjRFC,PSU: Penn State University,Q2_PSU,1,1,0.895096480846405
R_10UwOszxjni8RCt,PSU: Penn State University,Q1_PSU,0,0,0.9989374279975891
R_s6kxyXppo1xYqDn,PSU: Penn State University,Q1_PSU,0,0,0.9996558427810669
R_1LdkJxKT92vgBu0,PSU: Penn State University,Q2_PSU,1,0,0.9729112386703491
R_1LdkJxKT92vgBu0,PSU: Penn State University,Q1_UF,1,1,0.9845473170280457
R_2OSB6YgbltBIuPM,PSU: Penn State University,Q1_UF,2,1,0.9982002973556519
R_3Jq3xnd83NbmhtV,PSU: Penn State University,Q2_PSU,0,0,0.998028576374054
R_264703U4ayWfIXr,PSU: Penn State University,Q1_ISU,1,1,0.997174859046936
R_1DVgccj3uXDvjMm,PSU: Penn State University,Q1_ISU,1,1,0.9972732663154602
R_2BzBclV5NaxDv1p,PSU: Penn State University,Q1_PSU,2,2,0.9336122870445251
R_1FkS5YJy8Y5aL6w,PSU: Penn State University,Q1_UF,2,1,0.4305286109447479
R_1IXYMKhTr5iXFbL,PSU: Penn State University,Q2_PSU,0,0,0.9984203577041626
R_2fycQm7V284mc9R,PSU: Penn State University,Q1_PSU,0,0,0.9997265934944153
R_2fycQm7V284mc9R,PSU: Penn State University,Q2_PSU,0,0,0.9981185793876648
R_2sTLIBtWJCWPCXb,PSU: Penn State University,Q1_PSU,0,0,0.9982308745384216
R_1GQNxNb6PnCT4c1,PSU: Penn State University,Q1_ISU,1,1,0.9975966811180115
R_sYwkzjs7HGM6EcF,PSU: Penn State University,Q1_ISU,1,1,0.9975966811180115
R_3rzeTM8x9tdbFlL,PSU: Penn State University,Q2_PSU,0,0,0.9993976354598999
R_2bPkSoIazSetnIm,PSU: Penn State University,Q1_UF,2,1,0.997481644153595
R_3j1bbFwuxfuOoGF,PSU: Penn State University,Q1_PSU,0,0,0.9996806383132935
R_3j1bbFwuxfuOoGF,PSU: Penn State University,Q2_PSU,0,1,0.9951294660568237
R_2WSzYG18YEdmZU3,PSU: Penn State University,Q2_PSU,0,0,0.9994233846664429
R_3MDPBtHmsFd8Cy8,PSU: Penn State University,Q1_UF,1,1,0.4795139729976654
R_1o0fOxcpDDM4zAa,PSU: Penn State University,Q1_PSU,0,1,0.6057187914848328
R_3rGOAFarAkjrOPA,PSU: Penn State University,Q1_PSU,0,0,0.9997299313545227
R_u7TVSAJ35KqVspH,PSU: Penn State University,Q1_ISU,2,1,0.9978874325752258
R_5A6ueXUACckyJaN,PSU: Penn State University,Q1_PSU,0,0,0.9997113347053528
R_2tA0FQYOB28BoiU,PSU: Penn State University,Q1_UF,2,2,0.9938766360282898
R_1esiGbza5Thh6Qv,PSU: Penn State University,Q1_PSU,0,0,0.9997406601905823
R_4Txwj1Z8mF7s85X,PSU: Penn State University,Q2_PSU,1,1,0.947618305683136
R_9QAP4Iv1vCc9wt3,PSU: Penn State University,Q1_PSU,0,0,0.9993033409118652
R_3oHjMkrbuvCxSDv,PSU: Penn State University,Q1_PSU,0,0,0.9997274279594421
R_3oHjMkrbuvCxSDv,PSU: Penn State University,Q2_PSU,0,0,0.9986093044281006
R_3CLwcVOq4Xm1MZ3,PSU: Penn State University,Q1_PSU,1,1,0.9967100620269775
R_3CLwcVOq4Xm1MZ3,PSU: Penn State University,Q1_ISU,1,1,0.9981720447540283
R_20UJyZdtiuT8vjx,PSU: Penn State University,Q1_UF,2,0,0.9890133142471313
R_W3d0tF3CHh8NxPb,PSU: Penn State University,Q1_UF,1,1,0.9959315657615662
R_3LZHZe13wf1Xzzb,PSU: Penn State University,Q2_PSU,2,2,0.8207242488861084
R_2w7DTUIvhUck9ZD,PSU: Penn State University,Q2_PSU,2,2,0.9957095384597778
R_1LnS7oLQqusIsTw,PSU: Penn State University,Q1_UF,1,1,0.9983096122741699
R_1IKwytqUs3LKOLa,PSU: Penn State University,Q1_ISU,1,1,0.9979506134986877
R_3GAFbni007wYCAU,PSU: Penn State University,Q1_PSU,0,0,0.9995724558830261
R_OdHBEPbi4Bc3k8V,PSU: Penn State University,Q1_ISU,1,1,0.9979003667831421
R_2YMnSlJ2KDI9y1r,PSU: Penn State University,Q1_PSU,0,0,0.9995818734169006
R_2YMnSlJ2KDI9y1r,PSU: Penn State University,Q1_ISU,2,2,0.9964571595191956
R_2v5POPIxcqguirO,PSU: Penn State University,Q2_PSU,2,2,0.9970371723175049
R_2v5POPIxcqguirO,PSU: Penn State University,Q1_ISU,2,2,0.9963453412055969
R_1cUGtsOcx37eqv6,PSU: Penn State University,Q1_PSU,1,1,0.9712528586387634
R_Aui5ymXBPwD3pPH,PSU: Penn State University,Q1_ISU,1,1,0.9967005848884583
R_8eJ3aTwMlzWRNkd,PSU: Penn State University,Q1_PSU,1,1,0.9649507403373718
R_2691iXQox1fb654,PSU: Penn State University,Q1_UF,2,2,0.5477136373519897
R_3EAMEnHKQ6fJBQ5,PSU: Penn State University,Q2_PSU,0,0,0.9990504384040833
R_27D91lHPQEcZufZ,PSU: Penn State University,Q2_PSU,0,0,0.9969520568847656
R_27D91lHPQEcZufZ,PSU: Penn State University,Q1_UF,2,1,0.9590008854866028
R_1ouLvUC0RCWpDCA,PSU: Penn State University,Q1_UF,1,1,0.9883926510810852
R_3rZzcYci6UVbWN3,PSU: Penn State University,Q1_UF,1,1,0.9926925897598267
R_2b0H0bcLUXjhwSG,PSU: Penn State University,Q1_PSU,0,0,0.9984742999076843
R_2xzdrvsBpMXmi9C,PSU: Penn State University,Q1_UF,2,2,0.6509599685668945
R_DOvncP7cS2avQIx,PSU: Penn State University,Q2_PSU,2,2,0.9973282814025879
R_UyjlbEOI959NGpz,PSU: Penn State University,Q1_ISU,2,1,0.9979780316352844
R_32Kmp5dZ0y3EQ0P,PSU: Penn State University,Q1_ISU,2,2,0.9967085123062134
R_3hz4mpvs3jbTkPx,PSU: Penn State University,Q1_ISU,2,1,0.998231828212738
R_Qm2ScsTgFjL2Rkl,PSU: Penn State University,Q1_UF,1,1,0.9973752498626709
R_1mwlYTN4hjQ6J9M,PSU: Penn State University,Q2_PSU,2,2,0.9931908249855042
R_1mwlYTN4hjQ6J9M,PSU: Penn State University,Q1_UF,2,0,0.9920774102210999
R_SZAfcLgNCkdt7Nv,PSU: Penn State University,Q1_PSU,0,0,0.99748295545578
R_SZAfcLgNCkdt7Nv,PSU: Penn State University,Q1_ISU,1,1,0.9966145157814026
R_OH9kmxra9NUcBUt,PSU: Penn State University,Q1_PSU,0,0,0.9970972537994385
R_1E0AWrSJc9uHZZK,PSU: Penn State University,Q1_PSU,0,0,0.9996212720870972
R_XHsQQKvRjkE4jp7,PSU: Penn State University,Q1_PSU,0,0,0.9997404217720032
R_11ZSlGdTcRG32gt,PSU: Penn State University,Q2_PSU,0,0,0.9992536902427673
R_1FRkCc67CEMoyqf,PSU: Penn State University,Q1_UF,2,1,0.8393409848213196
R_2pM1h0Jl22vQgvU,PSU: Penn State University,Q1_PSU,1,0,0.9991318583488464
R_31KM0EUmbo0bh9f,PSU: Penn State University,Q1_PSU,0,0,0.99965500831604
R_31KM0EUmbo0bh9f,PSU: Penn State University,Q1_ISU,1,1,0.9977352619171143
R_3M6uwgz02U3qiWN,PSU: Penn State University,Q1_ISU,1,2,0.9963828325271606
R_2uDt11NpqhwYl9R,PSU: Penn State University,Q1_PSU,0,0,0.9996905326843262
R_2uss1F8RkdoZB52,PSU: Penn State University,Q1_UF,1,2,0.6528730392456055
R_12QrYjPB7QH4JLE,PSU: Penn State University,Q1_ISU,2,2,0.996961772441864
R_1QabecUoEmsoLQQ,PSU: Penn State University,Q1_UF,1,0,0.9938139915466309
R_22YvpsdWWWR5UZc,PSU: Penn State University,Q1_UF,1,1,0.9978121519088745
R_1oIqQnawnKddlm2,PSU: Penn State University,Q1_UF,2,2,0.9943246245384216
R_abdBM757mHL5Feh,PSU: Penn State University,Q1_ISU,1,1,0.9011076092720032
R_XU62ucC4dii6aqt,PSU: Penn State University,Q2_PSU,2,2,0.994392991065979
R_XU62ucC4dii6aqt,PSU: Penn State University,Q1_UF,1,1,0.9940012097358704
R_1g8sY5TgQDZznR0,PSU: Penn State University,Q2_PSU,0,0,0.9980850219726562
R_1g8sY5TgQDZznR0,PSU: Penn State University,Q1_UF,2,2,0.9417886137962341
R_3QQ41QmUrhPM1fk,PSU: Penn State University,Q2_PSU,0,0,0.9991015195846558
R_3nHmjNeQVru0R56,PSU: Penn State University,Q2_PSU,2,1,0.793627917766571
R_RIcnzT4O49FwBah,PSU: Penn State University,Q1_UF,0,1,0.522118091583252
R_31KLOE7TbPhJqOe,PSU: Penn State University,Q1_UF,1,0,0.4981084167957306
R_2X5xu5LHqtF2xlk,PSU: Penn State University,Q1_PSU,0,0,0.9994432330131531
R_3e5p8yFviePVYdq,PSU: Penn State University,Q1_UF,2,1,0.5211753845214844
R_0TZkYvddsVO173P,PSU: Penn State University,Q1_PSU,0,0,0.9975448250770569
R_2YfYUT1xJIjYOxM,PSU: Penn State University,Q1_ISU,0,1,0.9959914088249207
R_3IXIPa8GlonCPfb,PSU: Penn State University,Q2_PSU,1,0,0.9974884986877441
R_2e24CoYoj0XyUmY,PSU: Penn State University,Q1_PSU,1,1,0.9064280986785889
R_qvW3mRZEl5DJc2J,PSU: Penn State University,Q1_PSU,0,0,0.9997274279594421
R_qvW3mRZEl5DJc2J,PSU: Penn State University,Q1_ISU,0,1,0.9973970651626587
R_1DHACqvlxddpRtV,PSU: Penn State University,Q1_UF,2,1,0.9505552053451538
R_554Y00rFuX1J1Sx,PSU: Penn State University,Q2_PSU,2,1,0.522964358329773
R_2wblAk1edMhLoUW,PSU: Penn State University,Q2_PSU,1,1,0.9449248313903809
R_2Y50cuSYlZXoEUF,PSU: Penn State University,Q1_ISU,1,1,0.9970567226409912
R_3oNt2B481hbO61p,PSU: Penn State University,Q2_PSU,0,0,0.9988424181938171
R_3MN0lcXcnqY4FAi,PSU: Penn State University,Q1_PSU,0,1,0.9572712182998657
R_2axlNCof4gdr2MA,PSU: Penn State University,Q1_UF,1,1,0.9980577826499939
R_290SaKGlq94q3e8,PSU: Penn State University,Q1_UF,1,0,0.993523120880127
R_1JRT1VSStf0wERQ,PSU: Penn State University,Q1_PSU,0,0,0.991461992263794
R_0wA89wHMePjsAet,PSU: Penn State University,Q2_PSU,2,2,0.9889751672744751
R_2ZP8Ypjiykhp0pn,PSU: Penn State University,Q1_PSU,0,0,0.9995930790901184
R_0GR200p0tEnUx8t,PSU: Penn State University,Q1_ISU,2,2,0.9968618154525757
R_cCFpr1v79p0Hsw9,PSU: Penn State University,Q2_PSU,0,1,0.8880327939987183
R_RmdyOzXM3ca1Mg9,PSU: Penn State University,Q1_PSU,0,0,0.9965936541557312
R_eV95J9IiXUMllJL,PSU: Penn State University,Q1_UF,1,1,0.9848862290382385
R_8CSIhxWDvZ0xGtX,PSU: Penn State University,Q1_UF,1,1,0.9983966946601868
R_aY7EsuSeJK2hyIV,PSU: Penn State University,Q2_PSU,2,2,0.9792606234550476
R_3NVDNbAyFG3eyjE,PSU: Penn State University,Q1_UF,2,1,0.9879270195960999
R_xxW5R7zl1SQ7NQt,PSU: Penn State University,Q1_ISU,1,2,0.9568148255348206
R_1gNqwkWurwW2UdU,PSU: Penn State University,Q2_PSU,0,1,0.9849027991294861
R_3DtNLN5YlQgV68z,PSU: Penn State University,Q2_PSU,0,0,0.9936443567276001
R_1IGXimyXa8pTpGd,PSU: Penn State University,Q1_PSU,0,0,0.9978443384170532
R_1IGXimyXa8pTpGd,PSU: Penn State University,Q2_PSU,2,1,0.9950732588768005
R_3hgzPwHBzWWInHJ,PSU: Penn State University,Q2_PSU,1,2,0.97923743724823
R_3hgzPwHBzWWInHJ,PSU: Penn State University,Q1_ISU,1,1,0.9972745776176453
R_siMpY57NjIqDuAF,PSU: Penn State University,Q1_PSU,2,2,0.9951953291893005
R_1gO2dWVNZxvaNad,PSU: Penn State University,Q1_PSU,0,0,0.9997283816337585
R_1gO2dWVNZxvaNad,PSU: Penn State University,Q2_PSU,0,1,0.959213376045227
R_3oRgyaMbTLuMiyV,PSU: Penn State University,Q1_PSU,2,2,0.9946346282958984
R_3iOo48BxWeCaH3X,PSU: Penn State University,Q1_PSU,0,0,0.9994244575500488
R_2xFWHBjWjv0AgMM,PSU: Penn State University,Q1_ISU,1,1,0.9938550591468811
R_2sZ9pQQhsjfrjPI,PSU: Penn State University,Q1_ISU,1,1,0.9981303811073303
R_3pmYfoQiF1eoHH6,PSU: Penn State University,Q2_PSU,2,2,0.9944378137588501
R_3FQKaAGMCnV4yD8,PSU: Penn State University,Q2_PSU,0,0,0.9990999698638916
R_1UghnLqNa80x9GV,PSU: Penn State University,Q2_PSU,0,0,0.9993320107460022
R_2zuLzFVjEex1tqL,PSU: Penn State University,Q1_PSU,0,0,0.9997275471687317
R_cFTZchcxzaKlfBn,PSU: Penn State University,Q1_UF,2,2,0.4131162166595459
R_1FFebHE3R39AmHc,PSU: Penn State University,Q2_PSU,2,2,0.995775043964386
R_2yekRdhBljiyFny,PSU: Penn State University,Q1_UF,1,0,0.9185836911201477
R_VHZhE23R59BwEF3,PSU: Penn State University,Q1_UF,2,0,0.995597779750824
R_2XcBeFtLm9cQxPI,PSU: Penn State University,Q1_PSU,1,1,0.9660459756851196
R_OCGnSDlHdbL7YyZ,PSU: Penn State University,Q1_ISU,1,2,0.9958434700965881
R_3eeuuuxXdL4I4xz,PSU: Penn State University,Q1_PSU,0,0,0.9996966123580933
R_sqkjq1BIsYdo13P,PSU: Penn State University,Q1_PSU,1,0,0.9968428611755371
R_z7H0x2Fw77lQnDz,PSU: Penn State University,Q1_PSU,0,0,0.9990032315254211
R_3HXLQfZBwfb4D3o,PSU: Penn State University,Q1_PSU,1,0,0.9995893836021423
R_2xG0Gby5uaEagg2,PSU: Penn State University,Q1_PSU,0,0,0.9983392953872681
R_2Y9dJ1EovU7KnUZ,PSU: Penn State University,Q1_ISU,2,2,0.9963068962097168
R_pyLLyAhyG1rJQFr,PSU: Penn State University,Q1_PSU,1,1,0.9938726425170898
R_pyLLyAhyG1rJQFr,PSU: Penn State University,Q1_UF,1,0,0.9713928699493408
R_db4vCGLjpeFMb17,PSU: Penn State University,Q1_ISU,1,1,0.9982184767723083
R_1Q5chPumneQgdLf,PSU: Penn State University,Q1_PSU,1,1,0.9945663213729858
R_1Q5chPumneQgdLf,PSU: Penn State University,Q1_UF,1,1,0.8345696926116943
R_2382DWunOMxASsv,PSU: Penn State University,Q1_ISU,2,2,0.9966951608657837
R_u24R1uREHUwuPZv,PSU: Penn State University,Q1_UF,1,0,0.9553601741790771
R_1QgbTA4BSyG48sI,PSU: Penn State University,Q1_ISU,1,1,0.998019814491272
R_1LLMo8ozOKNziJn,PSU: Penn State University,Q1_ISU,1,1,0.9841322898864746
R_yUOu1eS8T0qTXEZ,PSU: Penn State University,Q2_PSU,0,2,0.9937586784362793
R_Z46irbyTmM2EXfj,PSU: Penn State University,Q1_ISU,1,1,0.9970360994338989
R_2urJD0xBghgd2gy,PSU: Penn State University,Q1_ISU,2,2,0.9966691136360168
R_rdS31EdR9kAiugV,PSU: Penn State University,Q1_PSU,0,0,0.9997441172599792
R_rdS31EdR9kAiugV,PSU: Penn State University,Q1_UF,1,0,0.9764111638069153
R_Tt7e8pcdKqCmgjT,PSU: Penn State University,Q1_PSU,0,1,0.9245002865791321
R_1LNyrgPd47lIRtA,PSU: Penn State University,Q1_ISU,1,1,0.9972372055053711
R_2wcxfZ6xnZip0vs,PSU: Penn State University,Q1_ISU,1,1,0.9967656135559082
R_1PZaWCHMHLmDXit,PSU: Penn State University,Q1_PSU,2,1,0.9804252982139587
R_3nUWC6uET5T9ZJO,PSU: Penn State University,Q1_ISU,1,1,0.9980344176292419
R_3s6Boc8cOn0fJqZ,PSU: Penn State University,Q1_ISU,1,1,0.9981359243392944
R_2yjQ1fZEpoy49zj,PSU: Penn State University,Q2_PSU,1,1,0.9776067733764648
R_018VAqBGhU70NcB,PSU: Penn State University,Q1_UF,1,1,0.9964088797569275
R_3JC9UvoqX8ifLX7,PSU: Penn State University,Q1_ISU,1,1,0.9972420930862427
R_9siVlV96mtcyg2R,PSU: Penn State University,Q1_PSU,2,1,0.9950783252716064
R_9siVlV96mtcyg2R,PSU: Penn State University,Q1_ISU,1,1,0.9958998560905457
R_cLUd6TjVAe5cV3P,PSU: Penn State University,Q1_PSU,0,1,0.9927588701248169
R_cLUd6TjVAe5cV3P,PSU: Penn State University,Q2_PSU,1,0,0.9974620342254639
R_cLUd6TjVAe5cV3P,PSU: Penn State University,Q1_UF,1,0,0.9943384528160095
R_DMfjr2Cu1vC5dzX,PSU: Penn State University,Q2_PSU,1,1,0.9966129660606384
R_1mmSHzdtcVfs7LI,PSU: Penn State University,Q2_PSU,1,0,0.8910360336303711
R_2AQdHjgWbATholG,PSU: Penn State University,Q2_PSU,2,2,0.9889059066772461
R_yKHrojYcsKHXRn3,PSU: Penn State University,Q2_PSU,0,0,0.9977771639823914
R_NXOYcs4PiaYOH3H,PSU: Penn State University,Q2_PSU,0,1,0.995371401309967
R_s7KG7lzoybjbmOl,PSU: Penn State University,Q1_PSU,0,0,0.9997339844703674
R_2ZCQg9qcf00K0nM,PSU: Penn State University,Q1_ISU,2,2,0.9938092827796936
R_1Q3O51bn5s9xleT,PSU: Penn State University,Q1_UF,1,0,0.9919050931930542
R_2c5tTfb1ODKcO6K,PSU: Penn State University,Q1_PSU,0,0,0.9991752505302429
R_2cobc56gHFRNG8a,PSU: Penn State University,Q1_UF,2,1,0.8550086617469788
R_2AYDSIqiwCEuZAq,PSU: Penn State University,Q1_PSU,0,0,0.9997264742851257
R_2b3pgBzclhyMXyh,PSU: Penn State University,Q1_PSU,0,0,0.9997180104255676
R_2b3pgBzclhyMXyh,PSU: Penn State University,Q1_UF,0,0,0.9930610060691833
R_2e8YcmBNw9beIl7,PSU: Penn State University,Q1_ISU,0,1,0.9960407018661499
R_XzakpuXrobBzlAt,PSU: Penn State University,Q1_ISU,1,1,0.9982653260231018
R_XzakpuXrobBzlAt,PSU: Penn State University,Q1_UF,0,0,0.9956989288330078
R_2bOEJEeQqC8yM15,PSU: Penn State University,Q1_PSU,0,0,0.9997453093528748
R_2Sk9IsqTNfiBPEW,PSU: Penn State University,Q1_UF,2,2,0.9779980182647705
R_31uSAtzx5xikiKz,PSU: Penn State University,Q1_UF,2,0,0.9893807172775269
R_3FUMswxDmcuwfYw,PSU: Penn State University,Q1_UF,1,2,0.9958577752113342
R_2bTNbUkmBAHPFip,PSU: Penn State University,Q2_PSU,1,1,0.9932124614715576
R_72kRFunhVD3NdMB,PSU: Penn State University,Q1_PSU,0,0,0.9997449517250061
R_AvrTXp0elFzhaHD,PSU: Penn State University,Q1_PSU,0,0,0.9965872764587402
R_1kYo4wf3jPIGV9r,PSU: Penn State University,Q1_PSU,0,0,0.998932421207428
R_1kYo4wf3jPIGV9r,PSU: Penn State University,Q2_PSU,2,1,0.777216374874115
R_xyZG2y6JfXB6wgx,PSU: Penn State University,Q2_PSU,2,1,0.6957160830497742
R_3nShatUN06gWw1q,PSU: Penn State University,Q1_UF,2,1,0.8197823166847229
R_yKJbA0ktkSFmhUd,PSU: Penn State University,Q1_UF,2,2,0.9957089424133301
R_W2QQnRPar7okB8Z,PSU: Penn State University,Q2_PSU,0,1,0.9246416687965393
R_3ekMjWWPh8NS3U4,PSU: Penn State University,Q1_ISU,1,0,0.9906533360481262
R_3EQpTuK6O15bFI3,PSU: Penn State University,Q2_PSU,0,1,0.6887860894203186
R_2zIKgQSC515vGgH,PSU: Penn State University,Q1_PSU,0,0,0.9993082284927368
R_1oBbHM8Ac3xqvzI,PSU: Penn State University,Q1_UF,2,2,0.9943124055862427
R_12fLjcUdydyxLqm,PSU: Penn State University,Q1_ISU,1,1,0.9974743723869324
R_12fLjcUdydyxLqm,PSU: Penn State University,Q1_UF,2,1,0.49089109897613525
R_3JxFHAGWLfSlFsD,PSU: Penn State University,Q1_PSU,0,0,0.9997374415397644
R_3JxFHAGWLfSlFsD,PSU: Penn State University,Q2_PSU,1,1,0.9969195127487183
R_oXgsIao4ScwJzCF,PSU: Penn State University,Q2_PSU,2,2,0.9968536496162415
R_oXgsIao4ScwJzCF,PSU: Penn State University,Q1_ISU,2,2,0.9963478446006775
R_oXgsIao4ScwJzCF,PSU: Penn State University,Q1_UF,1,1,0.9973113536834717
R_1jWfcvTFxFcDkiB,PSU: Penn State University,Q1_PSU,0,0,0.9990023970603943
R_1jWfcvTFxFcDkiB,PSU: Penn State University,Q2_PSU,1,0,0.9511591196060181
R_1jWfcvTFxFcDkiB,PSU: Penn State University,Q1_UF,0,1,0.9977095127105713
R_30oPnnlYTtrHSX4,PSU: Penn State University,Q2_PSU,0,0,0.7583410739898682
R_3lLz0Hg3Wys8Oy8,PSU: Penn State University,Q2_PSU,0,1,0.9652613997459412
R_3lLz0Hg3Wys8Oy8,PSU: Penn State University,Q1_ISU,1,1,0.8333352208137512
R_3lLz0Hg3Wys8Oy8,PSU: Penn State University,Q1_UF,1,1,0.9973745346069336
R_2wgKRwaR0uIjmkI,PSU: Penn State University,Q2_PSU,1,1,0.8818668127059937
R_2wgKRwaR0uIjmkI,PSU: Penn State University,Q1_ISU,2,2,0.9966919422149658
R_2wgKRwaR0uIjmkI,PSU: Penn State University,Q1_UF,1,2,0.8605164885520935
R_TnnWNxaI10T5hQt,PSU: Penn State University,Q2_PSU,1,1,0.9854934811592102
R_TnnWNxaI10T5hQt,PSU: Penn State University,Q1_UF,2,1,0.9977572560310364
R_23ZCq3ASkbgUAYy,PSU: Penn State University,Q1_PSU,0,1,0.9861544966697693
R_23ZCq3ASkbgUAYy,PSU: Penn State University,Q2_PSU,2,2,0.9934226870536804
R_2f7nkNb2zS8H2g2,PSU: Penn State University,Q1_UF,2,1,0.5505980253219604
R_sjwZbjnlkl9NCsV,PSU: Penn State University,Q2_PSU,2,2,0.9925065636634827
R_77fqwBe36q6opjz,PSU: Penn State University,Q1_ISU,1,1,0.9972190856933594
R_1cV1DtGhm19H1Xw,PSU: Penn State University,Q1_PSU,0,0,0.9996963739395142
R_2PzkciotJizjipM,PSU: Penn State University,Q1_ISU,0,1,0.902661144733429
R_1pQLqkVsTNbRlLM,PSU: Penn State University,Q1_UF,1,1,0.998349666595459
R_1lzrW3mdik35oJj,PSU: Penn State University,Q1_PSU,1,1,0.9844962358474731
R_2v1fsCs1kEbqueg,PSU: Penn State University,Q1_PSU,0,0,0.9993071556091309
R_3iywfbyAzX3I2QF,PSU: Penn State University,Q1_UF,1,1,0.9971981048583984
R_3LXqhD35HXyHSid,PSU: Penn State University,Q2_PSU,2,2,0.9969413876533508
R_1FEZgK7FQnublWL,PSU: Penn State University,Q1_ISU,0,0,0.7549808025360107
R_25QrdHcfYFQLb14,PSU: Penn State University,Q2_PSU,1,1,0.9754430055618286
R_2PdtYczau7Uk4XE,PSU: Penn State University,Q1_PSU,0,1,0.9149249196052551
R_2PdtYczau7Uk4XE,PSU: Penn State University,Q1_UF,2,0,0.9861736297607422
R_322DIW2eF1XRLhg,PSU: Penn State University,Q2_PSU,0,0,0.995410144329071
R_27cWrRaucZV9ZHR,PSU: Penn State University,Q1_PSU,0,1,0.9815738797187805
R_3EQjYy7s90EI2Ki,PSU: Penn State University,Q1_PSU,0,0,0.9996906518936157
R_1dlUP4QUv48wynf,PSU: Penn State University,Q1_PSU,0,0,0.9997349381446838
R_YW8EJmeK0wImyZz,PSU: Penn State University,Q1_ISU,2,2,0.6286481618881226
R_1DFQdb69WemdNys,PSU: Penn State University,Q1_PSU,0,0,0.9997301697731018
R_qyGOQwBR5tfVqwh,PSU: Penn State University,Q2_PSU,2,0,0.9982736110687256
R_qyGOQwBR5tfVqwh,PSU: Penn State University,Q1_ISU,1,1,0.9980809688568115
R_3n1e150ezwNcfjX,PSU: Penn State University,Q1_UF,2,2,0.8496255278587341
R_1E0fq86YYM68mWY,PSU: Penn State University,Q1_PSU,0,0,0.9997454285621643
R_ApShLCQdDilMli1,PSU: Penn State University,Q1_PSU,0,0,0.9996587038040161
R_ApShLCQdDilMli1,PSU: Penn State University,Q1_ISU,1,1,0.8951354622840881
R_2pKWdWJd9mc5KE2,PSU: Penn State University,Q1_UF,1,0,0.9852527976036072
R_yQLx7RLSqdVsyyJ,PSU: Penn State University,Q1_ISU,1,1,0.9981983304023743
R_DOvCNXcAsjHK9Db,PSU: Penn State University,Q2_PSU,2,0,0.9965320825576782
R_UQJ6Q1e5seqAwA9,PSU: Penn State University,Q1_UF,1,1,0.5504850149154663
R_p4R7pYYluPXM9zj,PSU: Penn State University,Q1_PSU,1,1,0.9913737177848816
R_1hRvIjTENafCbEr,PSU: Penn State University,Q2_PSU,0,0,0.9979453682899475
R_1jpO1xjNUPpAU79,PSU: Penn State University,Q1_UF,2,2,0.9200289845466614
R_W7ivFKtOrz50dYl,PSU: Penn State University,Q1_PSU,1,0,0.9877628087997437
R_W7ivFKtOrz50dYl,PSU: Penn State University,Q1_ISU,2,2,0.9966233968734741
R_blLRkggJANBkeOt,PSU: Penn State University,Q1_PSU,0,0,0.9996333122253418
R_2fvOPlXKiQEwhhn,PSU: Penn State University,Q2_PSU,2,2,0.9967509508132935
R_77f1tkv8XYuxw7T,PSU: Penn State University,Q1_ISU,1,1,0.9978429079055786
R_3qEDP0qBmXUs8eJ,PSU: Penn State University,Q1_PSU,0,1,0.991235613822937
R_3qEDP0qBmXUs8eJ,PSU: Penn State University,Q1_ISU,1,1,0.9968998432159424
R_2y47BjS5CxVYIJd,PSU: Penn State University,Q1_ISU,1,1,0.9981654286384583
R_1pAP96GKp6c3Jg4,PSU: Penn State University,Q1_ISU,1,1,0.9170038104057312
R_3J90jYcSvNkJJHp,PSU: Penn State University,Q1_PSU,0,0,0.999721109867096
R_3J90jYcSvNkJJHp,PSU: Penn State University,Q1_UF,2,0,0.9960232973098755
R_uvO1hQKStvJoaVr,PSU: Penn State University,Q1_PSU,0,0,0.9997226595878601
R_uvO1hQKStvJoaVr,PSU: Penn State University,Q2_PSU,1,2,0.9912484884262085
R_1zwG3GheJUy3YpX,PSU: Penn State University,Q1_PSU,1,1,0.8151663541793823
R_3L6nDWNRukOrc1m,PSU: Penn State University,Q1_PSU,0,0,0.9987761378288269
R_3j8Ocp4JdK98DEY,PSU: Penn State University,Q1_ISU,1,1,0.997795581817627
R_4H00ZSmgMEwSQ1z,PSU: Penn State University,Q1_UF,2,2,0.9965035915374756
R_31Sn5BWlEKWVnr8,PSU: Penn State University,Q2_PSU,0,0,0.9995232820510864
R_11i1utuIrMDjYMs,PSU: Penn State University,Q2_PSU,0,0,0.996242880821228
R_1IjhDU0xMeoASww,PSU: Penn State University,Q1_PSU,0,1,0.9134718775749207
R_1IjhDU0xMeoASww,PSU: Penn State University,Q1_ISU,1,1,0.9975220561027527
R_1MThKzuT1btSgvX,PSU: Penn State University,Q1_ISU,1,1,0.9944895505905151
R_DCXMpO98hEtrnkl,PSU: Penn State University,Q1_UF,1,0,0.9085241556167603
R_1mgj3qy6JKzWWJG,PSU: Penn State University,Q1_UF,1,0,0.9835538864135742
R_podL09e6g0l5dO9,PSU: Penn State University,Q1_PSU,0,0,0.9997135996818542
R_1laRZXiF2oCPCXC,PSU: Penn State University,Q2_PSU,1,0,0.9644080996513367
R_8bGaCX0BI3WaLdL,PSU: Penn State University,Q2_PSU,1,1,0.9329832196235657
R_3QRzPrIA2d7QsW7,PSU: Penn State University,Q1_PSU,0,0,0.999752938747406
R_1l4qWCd9r3WCUCW,PSU: Penn State University,Q1_ISU,2,2,0.9962059259414673
R_1ItSJnB4OyQUBe8,PSU: Penn State University,Q1_ISU,1,1,0.9976517558097839
R_3O78zGSMErYisHd,PSU: Penn State University,Q2_PSU,1,2,0.9926976561546326
R_2rCw9t5kmF8egH9,PSU: Penn State University,Q2_PSU,0,0,0.9230656027793884
R_3MajnjOA0KCQPLT,PSU: Penn State University,Q1_ISU,2,2,0.9919224977493286
R_2c11E7Jpz2lbw85,PSU: Penn State University,Q1_UF,2,1,0.9903182983398438
R_1DuKzmyCC59FvPk,PSU: Penn State University,Q1_PSU,0,0,0.9997444748878479
R_vDjUxGATaFwYsFz,PSU: Penn State University,Q2_PSU,1,2,0.8646330833435059
R_28HXg5Q2Qm94uZb,PSU: Penn State University,Q2_PSU,1,0,0.9991995692253113
R_28HXg5Q2Qm94uZb,PSU: Penn State University,Q1_ISU,1,1,0.9974815249443054
R_2aaXJAZOijX3ar3,PSU: Penn State University,Q1_PSU,0,0,0.9993327260017395
R_2aaXJAZOijX3ar3,PSU: Penn State University,Q1_UF,1,0,0.9816926717758179
R_3jfcG7sAwkGtSyg,PSU: Penn State University,Q1_UF,2,0,0.5813820958137512
R_3HNV3Uur6wl1wDX,PSU: Penn State University,Q1_ISU,1,1,0.9974710941314697
R_1db2RSK0FN5oFhb,PSU: Penn State University,Q2_PSU,1,1,0.9583386182785034
R_1LZMEsMNuqF1ZOB,PSU: Penn State University,Q1_ISU,2,1,0.9947664737701416
R_1EcxLkLnrRRpXs5,PSU: Penn State University,Q1_ISU,1,1,0.9960965514183044
R_3Ol9hpUgDc3ZEe2,PSU: Penn State University,Q2_PSU,0,0,0.9979538917541504
R_qx8RAJyKvOEFGtr,PSU: Penn State University,Q1_PSU,0,0,0.9997174143791199
R_1PYS5oXvch2tJzz,PSU: Penn State University,Q1_UF,1,0,0.978644609451294
R_DixKoh1NMTZZ9QZ,PSU: Penn State University,Q1_ISU,2,2,0.9938797950744629
R_1P64oP3YWoJKamx,PSU: Penn State University,Q1_PSU,0,0,0.9995248317718506
R_1pF4Plt6PTyPbAg,PSU: Penn State University,Q1_PSU,1,1,0.9953913688659668
R_1j9T1JfSTkryPpm,PSU: Penn State University,Q1_PSU,0,1,0.997381865978241
R_blJtoFTfpeSZaN3,PSU: Penn State University,Q1_ISU,1,1,0.9898982048034668
R_3qUNfcn11CLZLoa,PSU: Penn State University,Q1_UF,1,1,0.561927080154419
R_26f2Io9DmLeg91n,PSU: Penn State University,Q1_ISU,1,1,0.9973995685577393
R_2b1zc6a1Pws7Qqd,PSU: Penn State University,Q1_UF,2,0,0.9888101816177368
R_2anscSkO4nbfm1b,PSU: Penn State University,Q2_PSU,2,2,0.9969379901885986
R_1FmskzoxYmmuzIh,PSU: Penn State University,Q2_PSU,1,1,0.9892428517341614
R_1FmskzoxYmmuzIh,PSU: Penn State University,Q1_UF,1,1,0.9264736175537109
R_3ne04Ii0pHkRV5l,PSU: Penn State University,Q2_PSU,2,1,0.98223477602005
R_1rwamSyJpKJcNl2,PSU: Penn State University,Q2_PSU,1,1,0.9931725859642029
R_6Wl5C2H53FEQxNv,PSU: Penn State University,Q1_PSU,1,1,0.9975728392601013
R_2EEncOMEt0gd4RP,PSU: Penn State University,Q1_PSU,2,2,0.9965823292732239
R_6D8Y2wuiajW4Ol3,PSU: Penn State University,Q1_ISU,1,1,0.9358416199684143
R_22traXFpGhfo9Md,PSU: Penn State University,Q1_ISU,1,1,0.9882726073265076
R_1gtjnWU024zp1CU,PSU: Penn State University,Q1_PSU,0,0,0.9766377210617065
R_2bHtJat0iDqhZga,PSU: Penn State University,Q1_PSU,0,0,0.9996709823608398
R_2bHtJat0iDqhZga,PSU: Penn State University,Q1_UF,2,1,0.971054196357727
R_2EgIltsIHbK3I2h,PSU: Penn State University,Q1_PSU,0,0,0.9997298121452332
R_21aDofxgLNRMz1q,PSU: Penn State University,Q2_PSU,2,2,0.9734526872634888
R_3fPDXFpfxZIa5uy,PSU: Penn State University,Q1_UF,1,1,0.9971952438354492
R_339iyg2GyLIQ9aS,PSU: Penn State University,Q1_PSU,0,0,0.9996941089630127
R_6LmqmWYDfTbIMJH,PSU: Penn State University,Q1_PSU,0,0,0.9995574355125427
R_1OqRpYbA3NPa23a,PSU: Penn State University,Q1_PSU,0,0,0.9996379613876343
R_wMBudrB0DuML9o5,PSU: Penn State University,Q1_ISU,1,1,0.996927797794342
R_1CByFbT1wAS1E41,PSU: Penn State University,Q1_ISU,1,1,0.99623703956604
R_2PBj8eQxHxwNxCl,PSU: Penn State University,Q2_PSU,1,0,0.9752010107040405
R_RwQb5PQUioZL1rr,PSU: Penn State University,Q1_PSU,0,0,0.9995219707489014
R_2rcxyQHiNKhNtoR,PSU: Penn State University,Q2_PSU,0,0,0.999362051486969
R_1LNdS2pMOFr3Tjf,PSU: Penn State University,Q1_PSU,0,0,0.9972835779190063
R_V3DZn3uwtffSr1T,PSU: Penn State University,Q1_PSU,0,0,0.9976943135261536
R_V3DZn3uwtffSr1T,PSU: Penn State University,Q1_ISU,2,2,0.9966149926185608
R_3hg42ZEFUwu1r2B,PSU: Penn State University,Q2_PSU,1,2,0.759120523929596
R_e5JPcHLmB0uN87n,PSU: Penn State University,Q1_ISU,1,1,0.9984526634216309
R_31ZqDmFX1Ld13SF,PSU: Penn State University,Q2_PSU,1,2,0.9877350926399231
R_31ZqDmFX1Ld13SF,PSU: Penn State University,Q1_ISU,2,2,0.9965315461158752
R_1EhddAiSg8fhU24,PSU: Penn State University,Q1_UF,1,0,0.8308262825012207
R_2xzKPjF5TI4hDhG,PSU: Penn State University,Q1_ISU,1,1,0.9973520040512085
R_2QnQXjxRKWXuo29,PSU: Penn State University,Q1_ISU,2,2,0.9965448975563049
R_1GVvaNF28ym6z2y,PSU: Penn State University,Q1_UF,1,0,0.961760938167572
R_QmJzfcoXOXHfFoR,PSU: Penn State University,Q2_PSU,1,1,0.9951491951942444
R_QmJzfcoXOXHfFoR,PSU: Penn State University,Q1_UF,2,1,0.9537239670753479
R_3jSXKDJsVQoIuSG,PSU: Penn State University,Q1_UF,1,0,0.7794969081878662
R_2dDRU2yoGvvSJA0,PSU: Penn State University,Q1_UF,1,1,0.976129949092865
R_3Es6fOdViJbi9Lc,PSU: Penn State University,Q1_ISU,2,1,0.9975593090057373
R_2V7u7KbbBbVPrCi,PSU: Penn State University,Q1_PSU,0,0,0.9985634684562683
R_2Ym1gryykIW2PlV,PSU: Penn State University,Q1_PSU,0,0,0.9993389248847961
R_3CUfUZRvuHYdfMB,PSU: Penn State University,Q1_PSU,0,0,0.9991208910942078
R_w4UZIwgrUqdJZRf,PSU: Penn State University,Q1_PSU,0,0,0.9997145533561707
R_w4UZIwgrUqdJZRf,PSU: Penn State University,Q1_ISU,1,1,0.9956908822059631
R_31EF2lJn04zBSyE,PSU: Penn State University,Q1_UF,2,1,0.9585641622543335
R_2PBgpb2RDYwHUP5,PSU: Penn State University,Q1_PSU,0,0,0.9997472167015076
R_3fxAya5Gdm9vjHH,PSU: Penn State University,Q2_PSU,1,1,0.9937490224838257
R_3fxAya5Gdm9vjHH,PSU: Penn State University,Q1_UF,2,2,0.5111859440803528
R_2EFyapyJL0Yg4ZU,PSU: Penn State University,Q1_UF,1,1,0.9892781972885132
R_xrTsyNPILaqvjNL,PSU: Penn State University,Q2_PSU,2,1,0.9958000779151917
R_xrTsyNPILaqvjNL,PSU: Penn State University,Q1_ISU,0,0,0.990054726600647
R_2VfrUtfIAFaVJ9d,PSU: Penn State University,Q1_UF,2,2,0.9922160506248474
R_8GrDjEcTqUBLDBn,PSU: Penn State University,Q1_ISU,1,1,0.9978871941566467
R_1FaL9yghnesgNnK,PSU: Penn State University,Q1_UF,1,1,0.5992602109909058
R_TmXHcAgc2nx6hUJ,PSU: Penn State University,Q1_PSU,0,0,0.9509342908859253
R_TmXHcAgc2nx6hUJ,PSU: Penn State University,Q1_ISU,1,1,0.9970249533653259
R_TmXHcAgc2nx6hUJ,PSU: Penn State University,Q1_UF,1,0,0.9878146648406982
R_1rDGbyYJ8OIB3HL,PSU: Penn State University,Q1_PSU,2,2,0.993847668170929
R_3FQgwkCikl5bGEE,PSU: Penn State University,Q1_PSU,0,0,0.9970920085906982
R_1DOy93SEXe3V2Mz,PSU: Penn State University,Q2_PSU,2,2,0.9966802597045898
R_1l60oBOe8Ri4gTo,PSU: Penn State University,Q2_PSU,0,1,0.40236347913742065
R_1l60oBOe8Ri4gTo,PSU: Penn State University,Q1_ISU,1,1,0.9777736067771912
R_b42XBfiXvInxVip,PSU: Penn State University,Q1_PSU,0,0,0.9994021654129028
R_b42XBfiXvInxVip,PSU: Penn State University,Q2_PSU,0,0,0.9994229078292847
R_3PS0xHmHfmi1ah3,PSU: Penn State University,Q2_PSU,0,1,0.9968229532241821
R_xt21MbxLsPCFft7,PSU: Penn State University,Q1_ISU,2,2,0.9965519905090332
R_3NQznBJlYMHC3uc,PSU: Penn State University,Q1_ISU,2,2,0.99692302942276
R_1rcV9mKl1dADmZm,PSU: Penn State University,Q1_PSU,1,1,0.9941490888595581
R_1IzvOEvu3QQbNYy,PSU: Penn State University,Q1_PSU,0,0,0.9989424347877502
R_1U4AFpEJAiSsaU9,PSU: Penn State University,Q1_PSU,0,0,0.9993863105773926
R_TcMWmTLxONPUZhv,PSU: Penn State University,Q2_PSU,1,1,0.9940493106842041
R_3F39k6JpgKYPdsd,PSU: Penn State University,Q2_PSU,2,2,0.9933765530586243
R_T6nVb7gN52gZLWx,PSU: Penn State University,Q1_UF,0,0,0.9985548853874207
R_8EtWC6Ar2sBXNqH,"UCSB: University of California, Santa Barbara",ISTUDIO_2A,0,0,0.9987912774085999
R_1pGNn1DgfcF55uP,"UCSB: University of California, Santa Barbara",ISTUDIO_4B,1,1,0.9873052835464478
R_7dLjjWKZdw7YbPY,"UCSB: University of California, Santa Barbara",ISTUDIO_4A,1,1,0.9973366856575012
R_7dLjjWKZdw7YbPY,"UCSB: University of California, Santa Barbara",ISTUDIO_4B,0,0,0.9996848106384277
R_1QPnFPjL5CdqqXe,"UCSB: University of California, Santa Barbara",ISTUDIO_2A,0,0,0.9997267127037048
R_1qDN9J3gws3vZoX,"UCSB: University of California, Santa Barbara",ISTUDIO_4A,2,2,0.9966905117034912
R_3gzuFqvMPtSm8xk,"UCSB: University of California, Santa Barbara",ISTUDIO_4B,1,1,0.997124969959259
R_2QxRnklX5WLnAEq,"UCSB: University of California, Santa Barbara",ISTUDIO_4A,1,1,0.9940594434738159
R_2QxRnklX5WLnAEq,"UCSB: University of California, Santa Barbara",ISTUDIO_4B,0,0,0.9994304776191711
R_8ea3rDvZlLiV1iv,"UCSB: University of California, Santa Barbara",ISTUDIO_2A,0,0,0.9992197751998901
R_1pri0eEZf4jzrtT,"UCSB: University of California, Santa Barbara",ISTUDIO_4A,2,2,0.9968871474266052
R_5EouuVHfMMwroi9,"UCSB: University of California, Santa Barbara",ISTUDIO_4A,0,0,0.9996058344841003
R_1rrbuCc0p27Ybn6,"UCSB: University of California, Santa Barbara",ISTUDIO_2B,1,1,0.9657602310180664
R_1466b5heZZWS8ri,"UCSB: University of California, Santa Barbara",ISTUDIO_2B,0,1,0.51353520154953
R_1466b5heZZWS8ri,"UCSB: University of California, Santa Barbara",ISTUDIO_4A,2,2,0.9957706332206726
R_6BU9RvFlJ3gT2Ap,"UCSB: University of California, Santa Barbara",ISTUDIO_2B,1,2,0.9901551008224487
R_1PhsuL45l9msBKp,"UCSB: University of California, Santa Barbara",ISTUDIO_2B,1,1,0.9945293068885803
R_3gV1BTPcYY9p98B,"UCSB: University of California, Santa Barbara",ISTUDIO_2B,1,1,0.8933409452438354
R_3Jz0hVYW4XFAQvr,"UCSB: University of California, Santa Barbara",ISTUDIO_2B,0,1,0.9771192669868469
R_3Rs1sEgYAuqieVH,"UCSB: University of California, Santa Barbara",ISTUDIO_4A,0,0,0.99934321641922
R_3x8bMSMzsDexwat,"UCSB: University of California, Santa Barbara",ISTUDIO_2A,2,2,0.9972184896469116
R_3BiaAM6nNLqfIZ3,"UCSB: University of California, Santa Barbara",ISTUDIO_4B,1,1,0.9975033402442932
R_5jN6wSTbzlzLCY9,"UCSB: University of California, Santa Barbara",ISTUDIO_2A,2,2,0.9902510643005371
R_2MGAPCwrF7YgnIf,"UCSB: University of California, Santa Barbara",ISTUDIO_4B,0,0,0.9996663331985474
R_7k3CkuEKPjfQ7rH,"UCSB: University of California, Santa Barbara",ISTUDIO_2A,0,0,0.9994279742240906
R_6EmdJZlpWwbwXm9,"UCSB: University of California, Santa Barbara",ISTUDIO_4A,2,2,0.996970534324646
R_7pVjIcaxoHlNrVW,"UCSB: University of California, Santa Barbara",ISTUDIO_2B,1,1,0.9975178241729736
R_3nVGzcfZZhKIklo,"UCSB: University of California, Santa Barbara",ISTUDIO_2A,0,0,0.9988484382629395
R_2ODemrPFPUn3zN8,"UCSB: University of California, Santa Barbara",ISTUDIO_4A,1,2,0.6132057309150696
R_2yOJVSXEK46ETLz,"UCSB: University of California, Santa Barbara",ISTUDIO_2B,1,1,0.9967421889305115
R_8z8sfEHvlvjp5oo,"UCSB: University of California, Santa Barbara",ISTUDIO_2B,0,0,0.9996697902679443
R_2qgGFz3ui1oGOzD,"UCSB: University of California, Santa Barbara",ISTUDIO_2A,0,0,0.9996894598007202
R_5eRJHR5lIaBuTa1,"UCSB: University of California, Santa Barbara",ISTUDIO_4A,0,0,0.6967722773551941
R_6aJ54H3ea9m0EPe,"UCSB: University of California, Santa Barbara",ISTUDIO_4A,2,1,0.9968704581260681
R_64j0DWg4SsRMt57,"UCSB: University of California, Santa Barbara",ISTUDIO_2A,0,0,0.9986336827278137
R_7sUdZGheo18r01r,"UCSB: University of California, Santa Barbara",ISTUDIO_4A,2,2,0.9967722296714783
R_1Pe09zBke6zDhKY,"UCSB: University of California, Santa Barbara",ISTUDIO_4B,1,1,0.6815413236618042
R_7xRGeHEC6vicp7b,"UCSB: University of California, Santa Barbara",ISTUDIO_2A,0,0,0.9987868666648865
R_3civUlWmy2JH4mE,"UCSB: University of California, Santa Barbara",ISTUDIO_2B,0,0,0.9992801547050476
R_3civUlWmy2JH4mE,"UCSB: University of California, Santa Barbara",ISTUDIO_4B,0,0,0.9985398054122925
R_1MMaspgtptvDuxP,"UCSB: University of California, Santa Barbara",ISTUDIO_4A,1,1,0.906001091003418
R_1iVm32NHlgLDQoE,"UCSB: University of California, Santa Barbara",ISTUDIO_4A,0,0,0.9990934133529663
R_5p8cQvm82bYLJTj,"UCSB: University of California, Santa Barbara",ISTUDIO_2B,2,2,0.9972137808799744
R_1bhGPwiwFrnFEbL,"UCSB: University of California, Santa Barbara",ISTUDIO_2A,0,0,0.9979748129844666
R_6rPayWmi9tYAPrt,"UCSB: University of California, Santa Barbara",ISTUDIO_4A,1,1,0.9976135492324829
R_5U3BtRIwXPIzC0r,"UCSB: University of California, Santa Barbara",ISTUDIO_4A,1,1,0.9902230501174927
R_7xRYsPdUxM4W0mP,"UCSB: University of California, Santa Barbara",ISTUDIO_2B,0,1,0.9964690208435059
R_3YX4e4XpzwNbVY5,"UCSB: University of California, Santa Barbara",ISTUDIO_4B,2,2,0.9940774440765381
R_7axGnmOoAYFLHhn,"UCSB: University of California, Santa Barbara",ISTUDIO_2B,1,1,0.9977599382400513
R_6n70a2VWZncitTH,"UCSB: University of California, Santa Barbara",ISTUDIO_4B,1,1,0.9983689188957214
R_7CHnmb2vXSMu8TJ,"UCSB: University of California, Santa Barbara",ISTUDIO_2A,0,0,0.9982442855834961
R_3e3kxrUVfE1NXJW,"UCSB: University of California, Santa Barbara",ISTUDIO_2B,1,2,0.9962953925132751
R_5WHlUMBOAylCuFP,"UCSB: University of California, Santa Barbara",ISTUDIO_4A,0,0,0.9974107146263123
R_3iVGl19sNBwmAZP,"UCSB: University of California, Santa Barbara",ISTUDIO_4B,1,2,0.9496209621429443
R_5njwQNZezfgYVgF,"UCSB: University of California, Santa Barbara",ISTUDIO_2B,1,1,0.9920401573181152
R_3V2Z3Pj0pKYs7lx,"UCSB: University of California, Santa Barbara",ISTUDIO_4A,1,1,0.9980058073997498
R_3V2Z3Pj0pKYs7lx,"UCSB: University of California, Santa Barbara",ISTUDIO_4B,1,1,0.9970093369483948
R_7HXpXBdNc1RdZ5N,"UCSB: University of California, Santa Barbara",ISTUDIO_4B,1,1,0.9353027939796448
R_7OuHCpSSFtoLxjv,"UCSB: University of California, Santa Barbara",ISTUDIO_4B,2,2,0.9966381788253784
R_3DpfTK6cEqVYvXH,"UCSB: University of California, Santa Barbara",ISTUDIO_2B,1,1,0.9978766441345215
R_6ertJznHCY6pJ8g,"UCSB: University of California, Santa Barbara",ISTUDIO_2B,1,1,0.997962474822998
R_500ihTD4bOTrNP1,"UCSB: University of California, Santa Barbara",ISTUDIO_4A,2,2,0.9766247868537903
R_3hsYmj0lO4HtkIo,"UCSB: University of California, Santa Barbara",ISTUDIO_4A,1,1,0.9828993082046509
R_5FQZdY4gchFV8mj,"UCSB: University of California, Santa Barbara",ISTUDIO_4B,0,1,0.996800422668457
R_1bITjjQJK1suJzQ,"UCSB: University of California, Santa Barbara",ISTUDIO_2B,0,1,0.9521445631980896
R_3d6ORReeVE0TEZZ,"UCSB: University of California, Santa Barbara",ISTUDIO_2B,0,0,0.9997288584709167
R_3mPmhhX4I3QC0XF,"UCSB: University of California, Santa Barbara",ISTUDIO_2A,1,0,0.9904680848121643
R_3J517AUl8Fut7l7,"UCSB: University of California, Santa Barbara",ISTUDIO_4A,2,2,0.9960618615150452
R_5Zuod7Ye1MDM2hX,"UCSB: University of California, Santa Barbara",ISTUDIO_2B,0,0,0.9993667006492615
R_3mdUmH9WvojGTq0,"UCSB: University of California, Santa Barbara",ISTUDIO_2B,1,1,0.9950066804885864
R_3rlzqYCRg7J7WD4,"UCSB: University of California, Santa Barbara",ISTUDIO_2A,0,0,0.998820960521698
R_1Pi60XgL2aep3YB,"UCSB: University of California, Santa Barbara",ISTUDIO_2B,2,2,0.9961406588554382
R_1Pi60XgL2aep3YB,"UCSB: University of California, Santa Barbara",ISTUDIO_4B,1,1,0.9955119490623474
R_6YNv7b3t2kIAhd7,"UCSB: University of California, Santa Barbara",ISTUDIO_4B,2,2,0.9966248273849487
R_50vokjKiD3v84eH,"UCSB: University of California, Santa Barbara",ISTUDIO_2B,2,2,0.9968383312225342
R_6whpXY8HwvW8jML,"UCSB: University of California, Santa Barbara",ISTUDIO_4B,0,0,0.9997163414955139
R_3rLCbJXt7Pg6IxP,ISU: Iowa State University,Q2_ISU,2,2,0.9968156218528748
R_1ZHjHFcOrpVBUrv,ISU: Iowa State University,Q2_ISU,2,2,0.9971467852592468
R_6jRbqE4RcjNJYEF,ISU: Iowa State University,Q2_ISU,2,2,0.9972272515296936
R_3NJMRFguujj1lyt,ISU: Iowa State University,Q2_ISU,2,2,0.9952002763748169
R_1KDCsYZvNY1cwTP,ISU: Iowa State University,Q2_ISU,2,2,0.9969320297241211
R_1ZFs0BtIFA9Lazn,ISU: Iowa State University,Q2_ISU,1,1,0.9976084232330322
R_5X7o59ZK5us4KdB,ISU: Iowa State University,Q2_ISU,2,2,0.9969281554222107
R_573c2iDAjQV5op5,ISU: Iowa State University,Q2_ISU,1,1,0.9977140426635742
R_7Byg2BfOtZYzKih,ISU: Iowa State University,Q2_ISU,0,0,0.9996579885482788
R_3iO0O1Lcm08ds4z,ISU: Iowa State University,Q2_ISU,2,2,0.9967681169509888
R_5mec66cETLHHsHh,ISU: Iowa State University,Q2_ISU,0,0,0.9995737671852112
R_7apoIuGgZuowl0Z,ISU: Iowa State University,Q2_ISU,1,2,0.9970007538795471
R_3pJzUZzaOlP2fsL,ISU: Iowa State University,Q2_ISU,2,2,0.9963232278823853
R_6Fw6f58Gpn1lQZP,ISU: Iowa State University,Q2_ISU,0,1,0.9878033995628357
R_3BSe0ulBpFjZ1po,ISU: Iowa State University,Q2_ISU,1,1,0.9940527081489563
R_7oF0oX79a1PM2Lc,ISU: Iowa State University,Q2_ISU,2,2,0.9966279864311218
R_3i9d2oZATODDUXV,ISU: Iowa State University,Q2_ISU,2,1,0.9983136653900146
R_5KLnpbk3JnlkUgN,ISU: Iowa State University,Q2_ISU,0,0,0.9742681980133057
R_5imR3ULui4Wn8S7,ISU: Iowa State University,Q2_ISU,1,1,0.9982165694236755
R_57iI2g5stUZcvXb,ISU: Iowa State University,Q2_ISU,1,1,0.9971311092376709
R_39SmPbrvCwocVHj,ISU: Iowa State University,Q2_ISU,1,2,0.9955765008926392
R_3hXpsn1SVq7Tu4A,ISU: Iowa State University,Q2_ISU,0,0,0.9997101426124573
R_2uJp8s0suOh0C9K,ISU: Iowa State University,Q2_ISU,2,2,0.996040940284729
R_3gU3LnVEye65RTK,ISU: Iowa State University,Q2_ISU,2,2,0.9971952438354492
R_2kFDzTnHxamOmqL,ISU: Iowa State University,Q2_ISU,0,0,0.9990049004554749
R_3CHNkKWEZzgCXVn,ISU: Iowa State University,Q2_ISU,2,2,0.9954406023025513
R_2sjliPQrbxU3muw,ISU: Iowa State University,Q2_ISU,0,0,0.9989983439445496
R_10nde8O1tPP4BTH,ISU: Iowa State University,Q2_ISU,0,0,0.9996830224990845
R_2lNafGAhE6jQOuB,ISU: Iowa State University,Q2_ISU,0,0,0.9997184872627258
R_1fuQKaWZYO0Z619,ISU: Iowa State University,Q2_ISU,2,2,0.9968264102935791
R_1LgT7e6v6LNDgAX,ISU: Iowa State University,Q2_ISU,0,1,0.9981372356414795
R_7AMXIqeXDtxQBjm,ISU: Iowa State University,Q2_ISU,0,0,0.9997052550315857
R_1cBSuJ7h0UZJulb,ISU: Iowa State University,Q2_ISU,2,2,0.9970716238021851
R_5clhMIPMwgKPWOR,ISU: Iowa State University,Q2_ISU,0,0,0.9992673993110657
R_7I0Lqm36pVMzixL,ISU: Iowa State University,Q2_ISU,1,1,0.935214638710022
R_1Ooz3zPDlEQ8KJf,ISU: Iowa State University,Q2_ISU,2,2,0.9969251751899719
R_6fBP6vMz2oz1NeN,ISU: Iowa State University,Q2_ISU,2,2,0.9970183372497559
R_9hsVDmYWaKNSaxY,UoA: University of Auckland (NZ),ISTUDIO_2A,1,1,0.9982112646102905
R_9hsVDmYWaKNSaxY,UoA: University of Auckland (NZ),ISTUDIO_2B,0,0,0.9996869564056396
R_9UilHWUwLNI1JLs,Other university:,ISTUDIO_2A,1,0,0.9997319579124451
R_97xPMyvGG40C64l,UoA: University of Auckland (NZ),ISTUDIO_2A,0,0,0.9995637536048889
R_4feCaVt4S0Ovtip,UoA: University of Auckland (NZ),ISTUDIO_4A,0,0,0.9995442032814026
R_4JP4343x7XH07kd,UoA: University of Auckland (NZ),ISTUDIO_2B,1,1,0.9956150054931641
R_3PAjDSRX5b2tF5V,UoA: University of Auckland (NZ),ISTUDIO_4A,0,0,0.9978207349777222
R_9f7tf3nB9sjrNFM,UoA: University of Auckland (NZ),ISTUDIO_2A,2,1,0.9559051990509033
R_9l3BMqdP7afDRRL,UoA: University of Auckland (NZ),ISTUDIO_4B,0,0,0.9968269467353821
R_4CdN1BzwScgoOTT,UoA: University of Auckland (NZ),ISTUDIO_4A,0,0,0.9991399049758911
R_4nuD0OK8LmuVf1x,UoA: University of Auckland (NZ),ISTUDIO_2B,0,0,0.9997239708900452
R_9ib9jCs4seAD1bo,UoA: University of Auckland (NZ),ISTUDIO_2A,2,2,0.7927790880203247
R_9JJVtLlBafeMIhQ,UoA: University of Auckland (NZ),ISTUDIO_4B,0,1,0.528022825717926
R_9Y3UcrzCXjDcHON,UoA: University of Auckland (NZ),ISTUDIO_4A,0,0,0.9985338449478149
R_4fjuOp4oe1teyxa,UoA: University of Auckland (NZ),ISTUDIO_2B,2,2,0.9154459834098816
R_9OHMSMVsuZwe5xf,UoA: University of Auckland (NZ),ISTUDIO_4B,1,1,0.9981991648674011
R_9KfymEQOjFar24F,UoA: University of Auckland (NZ),ISTUDIO_2A,2,2,0.9958364963531494
R_9KfymEQOjFar24F,UoA: University of Auckland (NZ),ISTUDIO_4B,1,1,0.9961471557617188
R_9DbzVCLTr3qpxIm,UoA: University of Auckland (NZ),ISTUDIO_2B,1,2,0.9878858327865601
R_9DbzVCLTr3qpxIm,UoA: University of Auckland (NZ),ISTUDIO_4B,1,2,0.9857435822486877
R_40wOWjKFD3m95bX,UoA: University of Auckland (NZ),ISTUDIO_4B,2,2,0.9970924854278564
R_2QWc9NAW7oFCGuU,ISU: Iowa State University,Q4_ISU,1,1,0.9060831069946289
R_5UXhXxAxWAaXHPU,ISU: Iowa State University,Q4_ISU,0,0,0.9963758587837219
R_8M03WK8O5N2bGvO,ISU: Iowa State University,Q4_ISU,2,1,0.9832742810249329
R_1OEBQMiIVaTZVS1,ISU: Iowa State University,Q4_ISU,1,2,0.7136159539222717
R_2PBp4pSqIwQNgJb,ISU: Iowa State University,Q4_ISU,0,0,0.9995797276496887
R_5TXmCk7X8OPXX95,ISU: Iowa State University,Q4_ISU,0,0,0.9967992305755615
R_348VW0b34Y6Ill3,ISU: Iowa State University,Q4_ISU,0,0,0.9996626377105713
R_5fLv9hGiswy4e1b,ISU: Iowa State University,Q4_ISU,2,2,0.9919501543045044
R_7Ic1x1CrYwQpg3E,ISU: Iowa State University,Q4_ISU,0,0,0.9993492960929871
R_2MTUFrYLmYO2wil,ISU: Iowa State University,Q4_ISU,0,0,0.9995802044868469
R_754Czn0pLKndBe1,ISU: Iowa State University,Q4_ISU,0,0,0.9989674091339111
R_1cBV0Go9NBEqJwZ,ISU: Iowa State University,Q4_ISU,0,0,0.9992233514785767
R_196NE4pLZquAF0C,ISU: Iowa State University,Q4_ISU,0,0,0.995032787322998
R_2olyiRAHYw4BLtD,ISU: Iowa State University,Q4_ISU,0,1,0.876279890537262
R_3BbTeOvxTW0gTdB,ISU: Iowa State University,Q4_ISU,0,0,0.8775677680969238
R_2obVlW17yKx2DOP,ISU: Iowa State University,Q4_ISU,0,0,0.9986140727996826
R_22QzHRefe37prZR,ISU: Iowa State University,Q4_ISU,0,0,0.9988723397254944
R_8QYsC4s7hpcHIX0,ISU: Iowa State University,Q4_ISU,0,0,0.9972461462020874
R_3I4YxBDpYkJNuqi,ISU: Iowa State University,Q2_ISU,1,1,0.9974835515022278
R_2dt2t3GnwbClLrh,ISU: Iowa State University,Q2_ISU,0,0,0.999642014503479
R_OBBZA7jZKgQ66hX,ISU: Iowa State University,Q2_ISU,2,2,0.9971730709075928
R_ZEw6vlxDe2dtYRj,ISU: Iowa State University,Q2_ISU,1,1,0.9972624778747559
R_12nky6SiWcX4Mfb,ISU: Iowa State University,Q2_ISU,0,0,0.9983420372009277
R_1DTFOpFP1TxYpLD,ISU: Iowa State University,Q2_ISU,1,1,0.9965388774871826
R_3kjheRm8d1mItly,ISU: Iowa State University,Q2_ISU,0,0,0.9997484087944031
R_3Krsszm1w8bk8mH,ISU: Iowa State University,Q2_ISU,2,2,0.997323751449585
R_eVgl5FQb9CAP2o1,ISU: Iowa State University,Q2_ISU,2,2,0.9967970252037048
R_3mZ284jKaJindVT,ISU: Iowa State University,Q2_ISU,0,0,0.998915433883667
R_5RpF4kDY6ME3jup,MSU: Michigan State University,Q1_MSU,0,0,0.9943546056747437
R_6UaWasGWSBZXRg5,MSU: Michigan State University,Q1_MSU,0,0,0.9896152019500732
R_52J1HsqE16PnJwB,MSU: Michigan State University,Q1_MSU,1,0,0.9900645613670349
R_1QiklPstHtvOTdx,MSU: Michigan State University,Q1_MSU,1,1,0.8700380921363831
R_7IgbMYfQZOCKdyl,MSU: Michigan State University,Q1_MSU,0,0,0.9921140670776367
R_7tyCovw8WaUUFXZ,MSU: Michigan State University,Q1_MSU,1,1,0.9750972986221313
R_6Fx1UniCpxTuoVj,MSU: Michigan State University,Q1_MSU,0,1,0.9846790432929993
R_6Fl9pqWNjuaPiAn,MSU: Michigan State University,Q1_MSU,1,1,0.9652674794197083
R_61yoJx7BTdvynyQ,MSU: Michigan State University,Q1_MSU,0,0,0.9888002872467041
R_5OxfMrRRo6PXVzr,MSU: Michigan State University,Q1_MSU,0,0,0.9943125247955322
R_5U2qlIc9gAXjol3,MSU: Michigan State University,Q1_MSU,0,0,0.9910081028938293
R_5Dv6fZ6dKbEHYUJ,MSU: Michigan State University,Q1_MSU,0,0,0.9898588061332703
R_6LHWqlLn1Useh88,MSU: Michigan State University,Q1_MSU,1,1,0.9906889200210571
R_3j7k9I5RWrEjySf,MSU: Michigan State University,Q1_MSU,2,2,0.9946098327636719
R_3nOkFI4rjyMdsLD,MSU: Michigan State University,Q1_MSU,1,0,0.9889391660690308
R_1dtTwpsCxNOzXql,MSU: Michigan State University,Q1_MSU,1,0,0.5367128252983093
R_3rwjyzR2AvqLCiN,MSU: Michigan State University,Q1_MSU,0,0,0.9881221652030945
R_7aqyre6mlrzg5Kh,MSU: Michigan State University,Q1_MSU,1,1,0.9703397154808044
R_1VXEkHL1RVuhWrD,MSU: Michigan State University,Q1_MSU,0,0,0.988155722618103
R_3KlqQ3EGq39EBHz,MSU: Michigan State University,Q1_MSU,1,1,0.9894144535064697
R_73rLx91xZUIFVTz,MSU: Michigan State University,Q1_MSU,0,0,0.9889608025550842
R_70V2Pzetn7lF2tg,MSU: Michigan State University,Q1_MSU,0,0,0.9909307360649109
R_7qevvByQ4pLCzWR,MSU: Michigan State University,Q1_MSU,1,1,0.9792940020561218
R_707xblrFz0vZ4mR,Other university:,Q1_MSU,1,1,0.9551142454147339
R_74GFZqF2FacExQs,MSU: Michigan State University,Q1_MSU,1,1,0.9624850749969482
R_7iQn2mXImWxdxF3,MSU: Michigan State University,Q1_MSU,1,1,0.9958868622779846
R_5PTZ5o1k3rvyvFu,MSU: Michigan State University,Q1_MSU,2,1,0.9875043034553528
R_6tDyls7IrK5OENe,MSU: Michigan State University,Q1_MSU,1,1,0.9947183728218079
R_7Byvi6YEEKsT7QL,MSU: Michigan State University,Q1_MSU,0,1,0.988921046257019
R_7QSkjP534haUClZ,MSU: Michigan State University,Q1_MSU,1,1,0.970445990562439
R_5DZJgp4fDddw0Qz,MSU: Michigan State University,Q1_MSU,0,0,0.9910221695899963
R_1O8E907s9ENxlnC,MSU: Michigan State University,Q1_MSU,0,1,0.8217527866363525
R_19VSWuptBsiFdGp,MSU: Michigan State University,Q1_MSU,0,0,0.9900957345962524
R_6FfHaVrmwvwAmSX,MSU: Michigan State University,Q1_MSU,0,0,0.9913115501403809
R_6fMFRI41sDb4CvH,MSU: Michigan State University,Q1_MSU,1,0,0.9864550828933716
R_5qjpdTUGs4qTzIs,MSU: Michigan State University,Q1_MSU,0,1,0.9948437213897705
R_5sFhqvitxJL3vcR,MSU: Michigan State University,Q1_MSU,0,0,0.9879114627838135
R_78UqFZVqLqmP2uA,MSU: Michigan State University,Q1_MSU,1,1,0.9837291836738586
R_7hSCtYnkZW6RLp4,MSU: Michigan State University,Q1_MSU,1,1,0.9926527738571167
R_37Qc4yVIUs16UFm,MSU: Michigan State University,Q1_MSU,2,2,0.9949799180030823
R_7dj1SKKoygEPueN,MSU: Michigan State University,Q1_MSU,0,1,0.9914326667785645
R_1PGANlWRViITzep,MSU: Michigan State University,Q1_MSU,0,1,0.9370300769805908
R_51jgQAJvcEYwpMp,MSU: Michigan State University,Q1_MSU,1,1,0.9828181862831116
R_7gqTHLR5uIUEAdr,MSU: Michigan State University,Q1_MSU,1,2,0.9911236763000488
R_5rDCPh3zwx2QiyJ,MSU: Michigan State University,Q1_MSU,0,1,0.9925482869148254
R_5Pe4QUKd1dwEAlb,MSU: Michigan State University,Q1_MSU,1,1,0.9928966164588928
R_507c8zs9u3wfVDj,MSU: Michigan State University,Q1_MSU,1,1,0.9762077927589417
R_1Z9znO69J7HZiYp,MSU: Michigan State University,Q1_MSU,1,1,0.9931502938270569
R_7PBl1EdCB2VLIX9,MSU: Michigan State University,Q1_MSU,0,0,0.989189624786377
R_3f2QlXxCvTFmYfI,MSU: Michigan State University,Q1_MSU,2,2,0.994134247303009
R_7rp5vugN1C4HnyU,MSU: Michigan State University,Q1_MSU,1,1,0.9878246784210205
R_7TZsAZney3uUxDT,MSU: Michigan State University,Q1_MSU,1,0,0.9889274835586548
R_3m2yYhzcRhiROtw,MSU: Michigan State University,Q1_MSU,2,2,0.9947922825813293
R_1eavcgiclzKVQIx,MSU: Michigan State University,Q1_MSU,1,1,0.9890333414077759
R_5g1VnP7CVKZ20KG,MSU: Michigan State University,Q1_MSU,1,1,0.9674175381660461
R_55NI5Q6j0QJ30Tx,MSU: Michigan State University,Q1_MSU,1,1,0.974254310131073
R_5VOdUSiq7PyX7My,MSU: Michigan State University,Q1_MSU,2,2,0.9957495927810669
R_1WIsf65qQiKMCCC,MSU: Michigan State University,Q1_MSU,1,1,0.9596930742263794
R_7NNSNb6y3yRnOZi,MSU: Michigan State University,Q1_MSU,0,1,0.9866248369216919
R_7iqBPXgMIwh8yRL,MSU: Michigan State University,Q1_MSU,0,0,0.9892013072967529
R_3mEhlWgSl7WE5ec,MSU: Michigan State University,Q1_MSU,1,1,0.9952943921089172
R_5uCi6clGfp0GiVo,MSU: Michigan State University,Q1_MSU,0,0,0.9925170540809631
R_5KxwCHGfCQRnR7q,MSU: Michigan State University,Q1_MSU,1,1,0.9861473441123962
R_57NYDey9rIq8C7D,MSU: Michigan State University,Q1_MSU,0,0,0.8721062541007996
R_3rp6PKhzOSxTB8U,MSU: Michigan State University,Q1_MSU,0,0,0.990540623664856
R_7G5Xf9Sn1tBwVpL,MSU: Michigan State University,Q1_MSU,1,1,0.9874629378318787
R_3DTBwWvGVRJlBwE,MSU: Michigan State University,Q1_MSU,2,2,0.9944128394126892
R_7m4Pf1ESibtKQbo,MSU: Michigan State University,Q1_MSU,2,2,0.9958851933479309
R_3br2mxdYVtQnQQ1,ISU: Iowa State University,Q1_MSU,1,1,0.9828929305076599
R_7uqhnFnIdkc1xU5,MSU: Michigan State University,Q1_MSU,1,1,0.99347323179245
R_78TzHk8Xi8K5MCk,MSU: Michigan State University,Q1_MSU,1,1,0.9884786009788513
R_7ASjVFq4jxYYbxT,MSU: Michigan State University,Q1_MSU,0,0,0.9892153143882751
R_5rSCBEWJ8LjFWiS,MSU: Michigan State University,Q1_MSU,1,2,0.9441194534301758
R_77eS0Wvuj5Stnvg,MSU: Michigan State University,Q1_MSU,0,0,0.9911524653434753
R_5dSyKcVdhAup9uW,MSU: Michigan State University,Q1_MSU,1,2,0.6798723340034485
R_7YbNio5et6vy8LE,MSU: Michigan State University,Q1_MSU,2,2,0.9910564422607422
R_71yITnx8zwjR49b,MSU: Michigan State University,Q1_MSU,2,2,0.6183240413665771
R_3u4oqNbdqDVfqVz,MSU: Michigan State University,Q1_MSU,1,1,0.9775674343109131
R_1zvDROvRCvruCTf,MSU: Michigan State University,Q1_MSU,0,1,0.8473769426345825
R_3C0VyCQuRy20NrE,,Q1_MSU,1,1,0.9812886714935303
R_5EH38a3zOd2nllH,,Q1_MSU,0,1,0.9901172518730164
R_6DCgDPTWV7pfaZH,,Q1_MSU,2,1,0.9824663400650024
R_1TyO4CCJZltygPk,,Q1_MSU,0,0,0.9929996728897095
R_7WOShCcEUThvFsA,,Q1_MSU,0,0,0.9973354935646057
R_6omGyoB4k3YWbfP,MSU: Michigan State University,Q1_MSU,1,1,0.9643065929412842
R_6BVDHsAmYSbX9lb,,Q1_MSU,0,0,0.9978455305099487
R_1CHgidjcglGFCvU,,Q1_MSU,0,0,0.9903486967086792
R_7sXpqjK1740xKtr,MSU: Michigan State University,Q1_MSU,0,1,0.988613486289978
R_7W7crPoqKqhI5PP,,Q1_MSU,0,0,0.9521799087524414
R_7MMg4baKKCJ6zMj,,Q1_MSU,2,1,0.9897622466087341
R_1bQA6IVdjtmKj78,,Q1_MSU,1,1,0.967966616153717
R_3bV2DL1CNkh8AEG,MSU: Michigan State University,Q1_MSU,1,1,0.9878726005554199
R_3PiuvuACAtV3hGB,MSU: Michigan State University,Q2_MSU,2,2,0.9978031516075134
R_cTKf36AmlC1x6Rb,MSU: Michigan State University,Q2_MSU,2,2,0.9063324332237244
R_2ZVxEfuChYnQyyW,MSU: Michigan State University,Q2_MSU,1,2,0.9643098711967468
R_ALNOou4JUMqukFj,MSU: Michigan State University,Q2_MSU,0,0,0.997361958026886
R_2UfJjvkWt7HAuAb,MSU: Michigan State University,Q2_MSU,2,2,0.9976609945297241
R_3jeetFSc4mmW7Fn,MSU: Michigan State University,Q2_MSU,1,1,0.9946529865264893
R_YYPGfaOUaT7poEF,MSU: Michigan State University,Q2_MSU,2,2,0.9965090155601501
R_3FJRXcYabVVCZQr,MSU: Michigan State University,Q2_MSU,2,2,0.997437596321106
R_5oistAcTnndh9Qt,MSU: Michigan State University,Q2_MSU,2,2,0.6597601771354675
R_DvCVQ68GObP3Tqx,MSU: Michigan State University,Q2_MSU,0,0,0.9995774626731873
R_3COalZWZZs9Ca88,MSU: Michigan State University,Q2_MSU,2,2,0.9976275563240051
R_2c1HURSF86sFm0e,MSU: Michigan State University,Q2_MSU,1,2,0.7582677006721497
R_1k1BAiZlBxQTUH3,MSU: Michigan State University,Q2_MSU,2,2,0.9976215958595276
R_2ZD0TrUputmfeZD,MSU: Michigan State University,Q2_MSU,1,1,0.9559746980667114
R_2EHoBpU7QZ0oEtr,MSU: Michigan State University,Q2_MSU,0,0,0.9715682864189148
R_2PbfdH5ldnIOWZX,MSU: Michigan State University,Q2_MSU,2,2,0.9977155923843384
R_xlzuehdtrEC4mM9,MSU: Michigan State University,Q2_MSU,1,1,0.9956197142601013
R_dpCugTShhBXyNsR,MSU: Michigan State University,Q2_MSU,1,1,0.9958769083023071
R_2aacXUTzGCaiItJ,MSU: Michigan State University,Q2_MSU,2,2,0.9977371692657471
R_1nUb0DZupQMc5XH,MSU: Michigan State University,Q2_MSU,0,1,0.9801844954490662
R_3I3pW1646Dvsnut,MSU: Michigan State University,Q2_MSU,2,2,0.9851588606834412
R_3fW9eKNC8cBVNcZ,MSU: Michigan State University,Q2_MSU,2,1,0.776147723197937
R_2rj9wVPK7IUKNV7,MSU: Michigan State University,Q2_MSU,0,1,0.9949217438697815
R_3ReeK0ewVpT9n76,MSU: Michigan State University,Q2_MSU,1,1,0.9953340888023376
R_1pG3QhAOFQf59hv,MSU: Michigan State University,Q2_MSU,2,2,0.9975449442863464
R_31TcKNUo4cGNL6F,MSU: Michigan State University,Q2_MSU,1,1,0.9941763877868652
R_5zNh2edou4s39Qt,MSU: Michigan State University,Q2_MSU,2,2,0.9977866411209106
R_1mlxriOVnOqpp1R,MSU: Michigan State University,Q2_MSU,1,1,0.9956824779510498
R_1lxXI8axsyDCGru,MSU: Michigan State University,Q2_MSU,2,2,0.9973913431167603
R_AO39veN5coMIIE1,MSU: Michigan State University,Q2_MSU,1,1,0.9917948842048645
R_1kFSnbZK3Y5qucb,MSU: Michigan State University,Q2_MSU,2,2,0.9938317537307739
R_2sYAuN0M2R1uEDh,MSU: Michigan State University,Q2_MSU,2,2,0.9975631237030029
R_23epWqSrS93Mlno,MSU: Michigan State University,Q2_MSU,2,2,0.9974326491355896
R_1F8j2aAflUjNfjD,MSU: Michigan State University,Q2_MSU,2,2,0.9976480603218079
R_bKq34autjUV8lHP,MSU: Michigan State University,Q2_MSU,0,1,0.9954727292060852
R_1DD96Fr8ojd44Vm,MSU: Michigan State University,Q2_MSU,0,0,0.993873119354248
R_2dYlbAk1ZxathfL,MSU: Michigan State University,Q2_MSU,2,2,0.7048676013946533
R_2zI9hZPouOpoVu3,MSU: Michigan State University,Q2_MSU,1,2,0.9798130989074707
R_1HdbFQNPJodO97z,MSU: Michigan State University,Q2_MSU,0,0,0.994229793548584
R_21n7GLpmYN8QUaU,MSU: Michigan State University,Q2_MSU,1,1,0.9946529865264893
R_1MQl0WuRye8XXNT,MSU: Michigan State University,Q2_MSU,0,0,0.9995469450950623
R_3qkBqUMEUyppZ7T,MSU: Michigan State University,Q2_MSU,0,0,0.9980757236480713
R_88tf8f6ahEuofol,MSU: Michigan State University,Q2_MSU,1,2,0.9950827360153198
R_0cdlCsngRRA8nmN,MSU: Michigan State University,Q2_MSU,1,1,0.9944891929626465
R_3kAoIltu6FvbmYh,MSU: Michigan State University,Q2_MSU,2,2,0.9967504739761353
R_2VegbW3ycYGFGGk,MSU: Michigan State University,Q2_MSU,1,1,0.9714909791946411
R_0AnDFGS2ito6it3,MSU: Michigan State University,Q2_MSU,2,2,0.9977543950080872
R_2ASyEruW6b5cjOm,MSU: Michigan State University,Q2_MSU,2,1,0.9128568768501282
R_3j0QPc5J899e652,MSU: Michigan State University,Q2_MSU,1,1,0.9840600490570068
R_2t9kemxtGyG1EAo,MSU: Michigan State University,Q2_MSU,2,1,0.937834620475769
R_2dWwlVa72nZ1Y00,MSU: Michigan State University,Q2_MSU,2,2,0.9977311491966248
R_3n71nBVmyZqQgoP,MSU: Michigan State University,Q2_MSU,2,2,0.9977613687515259
R_egnkNsCgOAMedA5,MSU: Michigan State University,Q2_MSU,2,2,0.9977924823760986
R_2B563MSE5yCdmf7,MSU: Michigan State University,Q2_MSU,1,1,0.99480140209198
R_20O7URvtUpRlTQq,MSU: Michigan State University,Q2_MSU,2,1,0.9878568649291992
R_brda0MjvKF0yDW9,MSU: Michigan State University,Q2_MSU,1,1,0.936935544013977
R_yxbZXhcKAPCvI7n,MSU: Michigan State University,Q2_MSU,2,2,0.9957495927810669
R_Q6QdydjG8GEsB2h,MSU: Michigan State University,Q2_MSU,0,1,0.9820165038108826
R_1BW69fOqIB0Oq6b,MSU: Michigan State University,Q2_MSU,2,2,0.9977826476097107
R_0ob5ehCn0IMOeVb,MSU: Michigan State University,Q2_MSU,1,2,0.9856767654418945
R_33g7qhZ2Snz01RT,MSU: Michigan State University,Q2_MSU,1,1,0.9950464963912964
R_xf0j0tkedSBFoYh,MSU: Michigan State University,Q2_MSU,1,1,0.9586079120635986
R_1jwAfApoJxQiwaJ,MSU: Michigan State University,Q2_MSU,2,2,0.9978137016296387
R_3RxgnpBfiYCoTpg,MSU: Michigan State University,Q2_MSU,2,2,0.9977806210517883
R_3O00ZlyL6IktOFx,MSU: Michigan State University,Q2_MSU,2,2,0.9845165610313416
R_2VlRpcotpW1NJZJ,MSU: Michigan State University,Q2_MSU,2,2,0.9977840781211853
R_2lBqLqsTP5R6s1j,MSU: Michigan State University,Q2_MSU,2,2,0.9973303079605103
R_5VQ5mxRjHesjAlY,UF: University of Florida,Q3_UF,1,1,0.9969109892845154
R_7AEAFT5DaroseNX,UF: University of Florida,Q3_UF,1,1,0.9972856044769287
R_7efB6CMgGf7YZuy,UF: University of Florida,Q3_UF,1,1,0.9956865906715393
R_1VjVFuVv5VY7e8G,UF: University of Florida,Q3_UF,1,1,0.997835099697113
R_5yqP0RU2FlbG2eC,UF: University of Florida,Q3_UF,0,1,0.9816587567329407
R_1fnWOenFmt4sXwB,UF: University of Florida,Q3_UF,1,2,0.9965904951095581
R_1CIez6d7fNguH5C,UF: University of Florida,Q3_UF,0,1,0.9972589015960693
R_7hxSMumzcFyLAvu,UF: University of Florida,Q3_UF,1,1,0.9980394244194031
R_6kFf3Kv0d9SCKKA,UF: University of Florida,Q3_UF,1,1,0.9978885054588318
R_7dszg6DpL18ur3M,UF: University of Florida,Q3_UF,1,1,0.997745931148529
R_1v91hYGnUG4NBkJ,UF: University of Florida,Q3_UF,1,1,0.9981864094734192
R_5mkGuuw3McZZcWR,UF: University of Florida,Q3_UF,1,1,0.990382969379425
R_62QsdQ9gNttnTJ0,UF: University of Florida,Q3_UF,1,2,0.9968808889389038
R_3pDxFNZ8pG1vAt5,UF: University of Florida,Q3_UF,0,1,0.9967069029808044
R_5fTexcIw7ma6yAJ,UF: University of Florida,Q3_UF,0,0,0.994360625743866
R_3IoNyPA0mf5NkZJ,UF: University of Florida,Q3_UF,1,1,0.997936487197876
R_7oSm32CpfKC8ceJ,UF: University of Florida,Q3_UF,0,1,0.9979867935180664
R_36FvL4nwQPK5wUF,UF: University of Florida,Q3_UF,0,1,0.843535840511322
R_7AxZVTWzEFkBBLz,UF: University of Florida,Q3_UF,1,1,0.9975607395172119
R_3EESzPNIpH00KCp,UF: University of Florida,Q3_UF,1,1,0.9856671690940857
R_7ZJMTKPDLrPebon,UF: University of Florida,Q3_UF,1,1,0.9982859492301941
R_7PBauFPjMklvISZ,UF: University of Florida,Q3_UF,1,1,0.9982165694236755
R_5GxIrqjSDJ22mRP,UF: University of Florida,Q3_UF,0,0,0.9989277720451355
R_3eapFTt1wroHHdC,UF: University of Florida,Q3_UF,1,1,0.9975791573524475
R_1Ep0GiMWu8MP4Qb,UF: University of Florida,Q3_UF,1,1,0.997933030128479
R_36LDVJGtaTGTIo9,UF: University of Florida,Q3_UF,2,2,0.9964571595191956
R_3ml9OTWgVOZoXAg,UF: University of Florida,Q3_UF,0,1,0.9978283047676086
R_6HphmXLe8c3bWzP,UF: University of Florida,Q3_UF,1,1,0.9978740215301514
R_6gAT36ecTdvlHpm,UF: University of Florida,Q3_UF,1,1,0.9981655478477478
R_60iAF27i8EEd2Pg,UF: University of Florida,Q3_UF,1,1,0.9945254325866699
R_7igs09p9Kpbsj1v,UF: University of Florida,Q3_UF,1,1,0.9965305924415588
R_6gOELpsk9x2ZCTL,UF: University of Florida,Q3_UF,0,0,0.996833860874176
R_3ribPAWv5nlPqc5,UF: University of Florida,Q3_UF,2,2,0.9934307932853699
R_6R3A96Cb7GRH2qK,,Q3_UF,1,1,0.9980261921882629
R_1QJyAsiM0oMD4fn,UF: University of Florida,Q3_UF,1,2,0.9830563068389893
R_1wG3NYG6yZNWrod,UF: University of Florida,Q3_UF,0,1,0.9712097644805908
R_6X7dX0l6oGIXehg,UF: University of Florida,Q3_UF,1,1,0.9980961680412292
R_1qeEoTpPfcaY8tu,UF: University of Florida,Q3_UF,1,1,0.9981589913368225
R_5kLZBeMxsyPQRoL,UF: University of Florida,Q3_UF,0,1,0.9977927207946777
R_78TjnF4YE7JcFMW,UF: University of Florida,Q3_UF,2,2,0.9966415166854858
R_7siAH470ZIL8Xo3,UF: University of Florida,Q3_UF,1,1,0.9976342916488647
R_1wTgusu7e5hb2LW,UF: University of Florida,Q3_UF,2,2,0.996124804019928
R_17llCpAQAyriZEv,UF: University of Florida,Q3_UF,2,2,0.9582787156105042
R_6fkwTWefvjgGrJA,UF: University of Florida,Q3_UF,1,1,0.9981834292411804
R_5rxadIhL2qtmMZH,UF: University of Florida,Q3_UF,1,1,0.9950247406959534
R_7GvqfzWVXNeF26R,UF: University of Florida,Q3_UF,0,1,0.9902151823043823
R_1jwbqIlVMBBiuiT,UF: University of Florida,Q3_UF,1,1,0.9980180263519287
R_6jTj9wbYCpZR5Zo,MSU: Michigan State University,Q2_MSU,1,0,0.9850901365280151
R_3hcU4Fr9P3hozsd,MSU: Michigan State University,Q2_MSU,0,0,0.97397780418396
R_6CPwEMRZt7klQFa,MSU: Michigan State University,Q2_MSU,0,1,0.9767760038375854
R_3kzxOx5mMXXEnSh,MSU: Michigan State University,Q2_MSU,0,0,0.9994833469390869
R_3HpEEoHogMOz4fe,MSU: Michigan State University,Q2_MSU,2,2,0.9474020004272461
R_3kb4mvrIMSYGcUe,MSU: Michigan State University,Q2_MSU,2,2,0.9975476861000061
R_7fwm7a5tBKZgNsd,MSU: Michigan State University,Q2_MSU,2,2,0.5878123641014099
R_5uVzI5hNZXyu3lm,MSU: Michigan State University,Q2_MSU,1,1,0.8772159218788147
R_5CPEqLwCjsH4uK1,MSU: Michigan State University,Q2_MSU,0,0,0.9997139573097229
R_6IbNKFJtDg9ZK0f,MSU: Michigan State University,Q2_MSU,2,2,0.9977085590362549
R_7CJ4aUgW14GNpEu,MSU: Michigan State University,Q2_MSU,2,2,0.9437231421470642
R_7nCrG3U2QYwFuCm,MSU: Michigan State University,Q2_MSU,0,0,0.9897944331169128
R_5QqNx0qNPAjBWZr,MSU: Michigan State University,Q2_MSU,1,2,0.9948516488075256
R_7eLfYgr1qWAkImO,MSU: Michigan State University,Q2_MSU,2,1,0.9914008975028992
R_7LetkduXApj5pMX,MSU: Michigan State University,Q2_MSU,2,2,0.9976605176925659
R_5DorFLqkKldPfJa,MSU: Michigan State University,Q2_MSU,2,2,0.9978016018867493
R_1mmZf0SFihqkb1Q,MSU: Michigan State University,Q2_MSU,2,2,0.9975281357765198
R_6wtASNHYLOVPZDQ,MSU: Michigan State University,Q2_MSU,1,2,0.9976757168769836
R_1dAMy6n0QnycX84,MSU: Michigan State University,Q2_MSU,1,2,0.9967663288116455
R_1WGfa5701SuYBgD,MSU: Michigan State University,Q2_MSU,2,2,0.997676432132721
R_1g17BgssuD7QbXs,MSU: Michigan State University,Q2_MSU,1,1,0.8770338892936707
R_5WvCoos5M3m4vNL,MSU: Michigan State University,Q2_MSU,2,2,0.9486187100410461
R_5E3IkntJFnqbLb3,MSU: Michigan State University,Q2_MSU,2,2,0.990809440612793
R_3dGwBSGViniYdB7,MSU: Michigan State University,Q2_MSU,2,2,0.9975770115852356
R_63VJDgvHEEuoMu3,MSU: Michigan State University,Q2_MSU,2,2,0.9977670907974243
R_6SJF13YY7GfHmTe,MSU: Michigan State University,Q2_MSU,1,1,0.7585397958755493
R_6BrCf2cjF09VbNS,MSU: Michigan State University,Q2_MSU,2,2,0.9977344274520874
R_1eOk79WSWa8vM3H,MSU: Michigan State University,Q2_MSU,2,2,0.9969797730445862
R_30kPsbdbBjETf5l,MSU: Michigan State University,Q2_MSU,1,2,0.9967202544212341
R_62ok35LC6JOal9X,MSU: Michigan State University,Q2_MSU,0,0,0.9988111257553101
R_7NCcgyubBce0XnO,MSU: Michigan State University,Q2_MSU,1,2,0.9935234785079956
R_1mKwxkmFkXjg9HU,MSU: Michigan State University,Q2_MSU,2,2,0.9971780776977539
R_72LH5iop6FFn27J,MSU: Michigan State University,Q2_MSU,2,2,0.9912077188491821
R_6wHygsewIcJ79Eu,MSU: Michigan State University,Q2_MSU,2,2,0.9977049231529236
R_3kcEtSmSV2JdBPX,MSU: Michigan State University,Q2_MSU,2,2,0.9977624416351318
R_3f3gyBDmLJKUk7z,MSU: Michigan State University,Q2_MSU,2,2,0.99783855676651
R_3D6CJ5Yc2U9ThAx,MSU: Michigan State University,Q2_MSU,2,2,0.9977050423622131
R_1C5w6BvyCRjR0BP,MSU: Michigan State University,Q2_MSU,1,2,0.9976135492324829
R_1IWuO1fhcgDugBD,MSU: Michigan State University,Q2_MSU,2,1,0.9461425542831421
R_7CNmurJBJ7o97GN,MSU: Michigan State University,Q2_MSU,0,0,0.9993370175361633
R_7oFSs8i4iEaljYh,MSU: Michigan State University,Q2_MSU,2,2,0.9977113008499146
R_1E0Yw1slSrSLfIy,MSU: Michigan State University,Q2_MSU,2,2,0.9978306889533997
R_3vAkGtp6qVGJgbf,MSU: Michigan State University,Q2_MSU,2,2,0.9977408647537231
R_3gPBtoAUwNKUnpD,MSU: Michigan State University,Q2_MSU,2,2,0.9961349964141846
R_7Ka7l49YafrjqXD,MSU: Michigan State University,Q2_MSU,0,1,0.9678890109062195
R_1CVvruXG88oTLRT,MSU: Michigan State University,Q2_MSU,0,2,0.9947249293327332
R_17I0UjnMxh0Bn4p,MSU: Michigan State University,Q2_MSU,2,1,0.9778599739074707
R_6A9LF3rfLzGAQKZ,MSU: Michigan State University,Q2_MSU,2,2,0.9974357485771179
R_1IhL8vueJkC9bQQ,MSU: Michigan State University,Q2_MSU,0,0,0.9993693232536316
R_5C5BQnlmZDz7LuV,MSU: Michigan State University,Q2_MSU,2,2,0.9605316519737244
R_63W9jCcngQMsKYl,MSU: Michigan State University,Q2_MSU,2,2,0.9977292418479919
R_54bKdFIrxQFDRIM,MSU: Michigan State University,Q2_MSU,2,2,0.9974020719528198
R_52tISnIb3eHzwsS,MSU: Michigan State University,Q2_MSU,2,1,0.970204770565033
R_6dGQZYMXpgWymXV,MSU: Michigan State University,Q2_MSU,1,2,0.9961328506469727
R_3ckiVsGQdFnQ0AV,MSU: Michigan State University,Q2_MSU,1,2,0.6417900323867798
R_3JXEgsrP13Frv02,MSU: Michigan State University,Q2_MSU,2,2,0.9977430105209351
R_6mCdoD3Jiw68acs,MSU: Michigan State University,Q2_MSU,1,1,0.5454807281494141
R_6BQO0JcgdRB1DPs,MSU: Michigan State University,Q2_MSU,2,2,0.9977206587791443
R_6ZIvDhVa13bExO1,MSU: Michigan State University,Q2_MSU,2,2,0.9969297051429749
R_3P5H5mvDmeOOzlA,MSU: Michigan State University,Q2_MSU,2,2,0.997718870639801
R_1BrKT3favgAhcDO,MSU: Michigan State University,Q2_MSU,2,2,0.9953134059906006
R_6KwpG35KMq6UprD,MSU: Michigan State University,Q2_MSU,2,2,0.7434188723564148
R_7EIlf7sn9h4PvZ7,MSU: Michigan State University,Q2_MSU,2,2,0.9977860450744629
R_3lEDrTnPi770DTj,MSU: Michigan State University,Q2_MSU,2,2,0.9486187100410461
R_7pZyeOz7frU87Xb,MSU: Michigan State University,Q2_MSU,0,0,0.9991432428359985
R_12KSGClKbVohAoi,MSU: Michigan State University,Q2_MSU,2,1,0.990522563457489
R_6LcAfun4lQuO66s,MSU: Michigan State University,Q2_MSU,1,0,0.9397242069244385
R_3esGoYcpYSe2Nhv,MSU: Michigan State University,Q2_MSU,2,2,0.9976092576980591
R_6akBqqlXMvQTHYR,MSU: Michigan State University,Q2_MSU,1,2,0.9977994561195374
R_7feiQDWUZSmvKQZ,MSU: Michigan State University,Q2_MSU,2,2,0.9969358444213867
R_5UQ0EIhY39limIN,MSU: Michigan State University,Q2_MSU,2,2,0.9978073239326477
R_7fs9YHLqtI5mHWb,MSU: Michigan State University,Q2_MSU,2,1,0.5926058292388916
R_3KPUVOHAQUayPO6,MSU: Michigan State University,Q2_MSU,2,2,0.9975772500038147
R_7irZXwfSoDHXjds,MSU: Michigan State University,Q2_MSU,1,2,0.9975687861442566
R_6eIYuev8k1JsAeS,MSU: Michigan State University,Q2_MSU,0,1,0.9483003616333008
R_3OlOZSsl8PJD1mr,MSU: Michigan State University,Q2_MSU,1,2,0.9974606037139893
R_72Y4ZdPIdKuL6bm,MSU: Michigan State University,Q2_MSU,2,2,0.9974262118339539
R_5oF5kENi6JE54H1,UF: University of Florida,Q2_UF,1,1,0.9806275963783264
R_7nVfRs25ocLzfSo,UF: University of Florida,Q2_UF,1,0,0.7553813457489014
R_7tL4MNUlaEBThWK,UF: University of Florida,Q2_UF,1,1,0.9899352192878723
R_6TyMNCxK4es2sYK,UF: University of Florida,Q2_UF,1,1,0.9944565296173096
R_6y0DYvZvTUOmbnj,UF: University of Florida,Q2_UF,1,1,0.9935387969017029
R_6H1Oz2vkXqe5Tnd,UF: University of Florida,Q2_UF,1,1,0.9803481698036194
R_5VEGdTHjdorCmGF,UF: University of Florida,Q2_UF,0,0,0.9981071949005127
R_3PoW87XbnD3dpEs,UF: University of Florida,Q2_UF,1,1,0.9959958791732788
R_6Dp8mbUbv27vJuy,UF: University of Florida,Q2_UF,0,1,0.9939393997192383
R_3iyD3QiN9w16RgJ,UF: University of Florida,Q2_UF,0,0,0.9803426861763
R_6p2OvSk0540IFfC,UF: University of Florida,Q2_UF,0,0,0.9995256662368774
R_3QsX0w2vqfjALUL,UF: University of Florida,Q2_UF,0,1,0.995636522769928
R_1re6BT1MoRiz2d4,,Q2_UF,0,0,0.9996880292892456
R_11zIVC07khkAE0n,UF: University of Florida,Q2_UF,2,2,0.8539565205574036
R_1Ii9nd4LTM375CP,UF: University of Florida,Q2_UF,0,0,0.999528169631958
R_3FPUDktEVFmAUvH,UF: University of Florida,Q2_UF,0,0,0.9979244470596313
R_5Ymuae70nivIAiq,UF: University of Florida,Q2_UF,0,0,0.9996418952941895
R_6IWzg2oyLoX9kgO,UF: University of Florida,Q2_UF,1,1,0.9906980395317078
R_3Tt4svuRLqQHrgk,UF: University of Florida,Q2_UF,1,0,0.998843789100647
R_75KEMI8F8JX1PYh,UF: University of Florida,Q2_UF,1,1,0.9934501647949219
R_3K3rB7BhXkyuS2Z,UF: University of Florida,Q2_UF,2,1,0.9956674575805664
R_7CiCHeDQmKXUMp3,UF: University of Florida,Q2_UF,1,1,0.9932941198348999
R_3fJylFscKH0qdw4,UF: University of Florida,Q2_UF,1,1,0.9815939664840698
R_1pn6ILQZzwgDOmZ,UF: University of Florida,Q2_UF,1,0,0.9952941536903381
R_1Gets76lZCTCO3i,UF: University of Florida,Q2_UF,0,0,0.997947633266449
R_1nOQ2Vql1v1wnZc,UF: University of Florida,Q2_UF,2,2,0.9966160655021667
R_3jILDMHxe6wlL8Z,UF: University of Florida,Q2_UF,1,1,0.9866942167282104
R_3mIrqpv2kPdiArZ,UF: University of Florida,Q2_UF,1,1,0.9970970153808594
R_5Hoc6bErnlqTHEh,UF: University of Florida,Q2_UF,0,0,0.9974470138549805
R_5VjyqH9ahKrKLwZ,UF: University of Florida,Q2_UF,1,1,0.9943532943725586
R_3ksTIU6ZV0olLDT,,Q2_UF,0,0,0.999669075012207
R_1HjfBd9SEvFobiH,UF: University of Florida,Q2_UF,1,0,0.9833237528800964
R_3YkNzZ32Cw2ukdy,UF: University of Florida,Q2_UF,0,0,0.9985588192939758
R_7DYcLMn3CSPwZV5,UF: University of Florida,Q2_UF,0,0,0.9995772242546082
R_1Tt6iWRGtzv56xD,UF: University of Florida,Q2_UF,0,0,0.9996376037597656
R_30ShRhDUxqEuIkn,UF: University of Florida,Q2_UF,0,0,0.9995014667510986
R_5MxNwaOf7LyI34s,UF: University of Florida,Q2_UF,0,0,0.9972643852233887
R_1mgw8xyQtZQaZhG,UF: University of Florida,Q2_UF,0,0,0.9995260238647461
R_3jIEc2osnKsA5yT,UF: University of Florida,Q2_UF,0,1,0.9644624590873718
R_1p2Y6UVbMhWfxXr,UF: University of Florida,Q2_UF,2,1,0.9951804876327515
R_5Yrcd1phh6Tafb8,UF: University of Florida,Q2_UF,0,0,0.9969182014465332
R_1fBrfy5Av5Hpnqs,UF: University of Florida,Q2_UF,0,0,0.9935144186019897
R_6f8TGaN95r6UJaf,UF: University of Florida,Q2_UF,1,0,0.9968826770782471
R_19AG3OHeggN6cXD,UF: University of Florida,Q2_UF,0,0,0.9985367059707642
R_1ELznnZi5K523jr,UF: University of Florida,Q2_UF,0,0,0.9997099041938782
R_7YgGtVP4bsH92wh,UF: University of Florida,Q2_UF,0,0,0.9963958859443665
R_3Q3lNEg8FGVTBDv,UF: University of Florida,Q2_UF,0,0,0.9957054257392883
R_5AISs5NNS0dTLfb,UF: University of Florida,Q2_UF,0,0,0.9232337474822998
R_7CggiWGfNLkWauo,UF: University of Florida,Q2_UF,0,0,0.9984292387962341
R_3CvSJeee7msJHbT,UF: University of Florida,Q2_UF,0,0,0.9981460571289062
R_1oGZH55nqCXoa0h,UF: University of Florida,Q2_UF,0,0,0.9996053576469421
R_5czoEwOLGXDIP7X,,Q2_UF,1,1,0.9949971437454224
R_5v5IdW1UKGYl5v7,UF: University of Florida,Q2_UF,0,0,0.9986628293991089
R_5kB14hCmiSRuChM,,Q2_UF,0,0,0.999583899974823
R_3AMTeL1LT7E01uV,MSU: Michigan State University,Q2_MSU,1,1,0.9948946237564087
R_3fva0A1J36s4rFV,MSU: Michigan State University,Q2_MSU,0,0,0.9960151314735413
R_6JFoLuMd42Edpzq,MSU: Michigan State University,Q2_MSU,2,2,0.9976829290390015
R_63eFOqpHw3y8Snn,MSU: Michigan State University,Q2_MSU,2,2,0.9972827434539795
R_35R8qFoRP6Icm4g,MSU: Michigan State University,Q2_MSU,2,1,0.9392353892326355
R_6jVEvE4i3OX7Nye,MSU: Michigan State University,Q2_MSU,1,1,0.9958192110061646
R_3EFii7hS7Fdagpj,MSU: Michigan State University,Q2_MSU,1,1,0.9952215552330017
R_1ML03448XQrI0yN,MSU: Michigan State University,Q2_MSU,2,2,0.9977546334266663
R_5QDDtW68x7yFfDM,MSU: Michigan State University,Q2_MSU,2,2,0.9967621564865112
R_17iwXAv7rjRthRv,MSU: Michigan State University,Q2_MSU,1,2,0.9181870222091675
R_6OIupqRJYKbTRwB,MSU: Michigan State University,Q2_MSU,0,1,0.9815388321876526
R_62VKbDQ1sYTVhFj,MSU: Michigan State University,Q2_MSU,2,2,0.9711026549339294
R_6NfZLFlA638jqjt,MSU: Michigan State University,Q2_MSU,2,2,0.9977139234542847
R_3BmkJFjOernZm26,MSU: Michigan State University,Q2_MSU,1,1,0.9952892065048218
R_52l0s7I6T7dNTWn,MSU: Michigan State University,Q2_MSU,1,1,0.9961889386177063
R_6K22C6A0tyi5RQK,MSU: Michigan State University,Q2_MSU,1,1,0.9931340217590332
R_3uypYt8BzKn8Gtz,MSU: Michigan State University,Q2_MSU,2,2,0.9977013468742371
R_3ltC6b8g8lLehCO,MSU: Michigan State University,Q2_MSU,1,1,0.9955339431762695
R_7x5MakAo7LL97Zn,MSU: Michigan State University,Q2_MSU,2,2,0.9763690829277039
R_7f952usqALZFBkz,MSU: Michigan State University,Q2_MSU,2,2,0.9977549910545349
R_7kcwUtGiczw2Ub4,MSU: Michigan State University,Q2_MSU,2,1,0.7764026522636414
R_1EpfyKPVIN2rMFj,MSU: Michigan State University,Q2_MSU,1,1,0.9962527751922607
R_1QnYWzU6D2RpO2R,MSU: Michigan State University,Q2_MSU,2,2,0.9975379705429077
R_7WATVXqN3t6irDj,MSU: Michigan State University,Q2_MSU,2,2,0.9977623224258423
R_1Ua4d6nG3i2MRr4,MSU: Michigan State University,Q2_MSU,2,2,0.9977312684059143
R_1SlDWmrMD7wqgCm,MSU: Michigan State University,Q2_MSU,2,2,0.9977192282676697
R_72t7bfQjKP9ch1L,MSU: Michigan State University,Q2_MSU,2,2,0.9976340532302856
R_1aVVfQpyroF7Bra,MSU: Michigan State University,Q2_MSU,2,2,0.9977009892463684
R_3ie4WZ6akPGXSco,MSU: Michigan State University,Q2_MSU,2,2,0.9969722032546997
R_1ClGvKp6ERG9LQQ,MSU: Michigan State University,Q2_MSU,1,2,0.9964467883110046
R_6g5cx7RbVAej6vC,MSU: Michigan State University,Q2_MSU,2,2,0.9974341988563538
R_1zqdJYecAOjRx2V,MSU: Michigan State University,Q2_MSU,2,2,0.9970965385437012
R_6RQBeuAardbSt9a,MSU: Michigan State University,Q2_MSU,2,2,0.9976944327354431
R_13D8kXmO38iNaR2,MSU: Michigan State University,Q2_MSU,1,1,0.9969038367271423
R_6Pw9RJw9EBIg1aY,MSU: Michigan State University,Q2_MSU,1,0,0.9865466356277466
R_3Ra0E6kzKRyG6l3,MSU: Michigan State University,Q2_MSU,0,0,0.998681366443634
R_3PA1VlNN46oE4sd,MSU: Michigan State University,Q2_MSU,0,0,0.9986911416053772
R_3xqMt0M2y4aPBZv,MSU: Michigan State University,Q2_MSU,1,1,0.9955086708068848
R_77OZ0gE3T3RLwWZ,MSU: Michigan State University,Q2_MSU,2,2,0.997750461101532
R_7LCOawcZ0rdbLVd,MSU: Michigan State University,Q2_MSU,1,1,0.9952208399772644
R_7kUHhhGExshXRl3,MSU: Michigan State University,Q2_MSU,2,2,0.9978324770927429
R_1FLH1RdB4sl2RNb,MSU: Michigan State University,Q2_MSU,0,0,0.9876985549926758
R_7CxUpKTuGduToDY,MSU: Michigan State University,Q2_MSU,2,2,0.9977224469184875
R_68oLCFMSKj6FuAp,MSU: Michigan State University,Q2_MSU,2,1,0.9935601949691772
R_67JRYTHyvkOlBDT,MSU: Michigan State University,Q2_MSU,0,2,0.9972561001777649
R_34Jbjp33CUjaTpi,MSU: Michigan State University,Q2_MSU,0,0,0.9992668032646179
R_7Nq29CKDHjy4T7b,MSU: Michigan State University,Q2_MSU,1,2,0.9974573254585266
