response_id,university,Question_type,true_label,predicted_label,confidence
R_2rCa1N6N3d3HwaW,"UTEP: University of Texas, El Paso",Q1_UTEP,0,0,0.9926328063011169
R_1l6k4qkDrqMeRvb,"UTEP: University of Texas, El Paso",Q1_UTEP,1,0,0.989922821521759
R_3NIlzVxxdTzlwpc,"UTEP: University of Texas, El Paso",Q1_UTEP,1,0,0.9806758165359497
R_2WPGuT5oAsecvWe,"UTEP: University of Texas, El Paso",Q1_UTEP,0,0,0.9915886521339417
R_2wzPuumMQ1zGGe4,"UTEP: University of Texas, El Paso",Q1_UTEP,0,0,0.9908891320228577
R_1jCjVLKNgb2huSg,"UTEP: University of Texas, El Paso",Q1_UTEP,0,0,0.9919514656066895
R_7IPME13SknzIWBL,ISU: Iowa State University,Q3_ISU,1,0,0.9847565293312073
R_5Ddtdgsx9r0zrQc,ISU: Iowa State University,Q3_ISU,0,0,0.9936000108718872
R_1e5v6fwwBF04jrM,ISU: Iowa State University,Q3_ISU,0,0,0.992980420589447
R_1jNVk8aO7n6DGcI,ISU: Iowa State University,Q3_ISU,1,0,0.9920346140861511
R_1f8rzzLS6uKlRkw,ISU: Iowa State University,Q3_ISU,1,0,0.9875099658966064
R_6e8RHrMXSwpiDIZ,ISU: Iowa State University,Q3_ISU,0,0,0.9592607021331787
R_34ywUo6x0ujtnJT,ISU: Iowa State University,Q3_ISU,2,0,0.9917808175086975
R_5rT1LgRg1A2Kkya,ISU: Iowa State University,Q3_ISU,0,0,0.9895557761192322
R_5Gjj4Jg955jPXVo,ISU: Iowa State University,Q3_ISU,1,0,0.9930455088615417
R_6gJV0etfg9R0cnf,ISU: Iowa State University,Q3_ISU,1,0,0.9905101656913757
R_3xFBEh15xQlVRnq,ISU: Iowa State University,Q3_ISU,0,0,0.99357670545578
R_6PG1Cuv76VepqWl,ISU: Iowa State University,Q3_ISU,0,0,0.993040919303894
R_71gpBDaoM71iOWd,ISU: Iowa State University,Q3_ISU,0,0,0.9932021498680115
R_35Lcxmkaz67yob7,ISU: Iowa State University,Q3_ISU,1,0,0.9820788502693176
R_58R6JUKSuomDZAJ,ISU: Iowa State University,Q3_ISU,0,0,0.9875929951667786
R_5gBZoyE4vNPGlI5,ISU: Iowa State University,Q3_ISU,0,0,0.9295137524604797
R_1eA84Im7beahoY1,ISU: Iowa State University,Q3_ISU,0,0,0.9935067892074585
R_7fdTODCfM0sSAS3,ISU: Iowa State University,Q3_ISU,0,0,0.9927144646644592
R_1hMg5JnEnxc5DvY,ISU: Iowa State University,Q3_ISU,0,0,0.9938538074493408
R_11ggthKN9fi3OAX,ISU: Iowa State University,Q3_ISU,0,0,0.9931949377059937
R_5pgaq0pYCpZl0Yn,ISU: Iowa State University,Q3_ISU,0,0,0.9902474284172058
R_6yeK7gFLIyf5hg3,ISU: Iowa State University,Q3_ISU,0,0,0.9893675446510315
R_1nX6cppexZiCa3f,ISU: Iowa State University,Q3_ISU,1,0,0.984954833984375
R_32lNgQM6f5cqFfH,ISU: Iowa State University,Q3_ISU,0,0,0.9895418882369995
R_7eskBBLFPrXiCcX,ISU: Iowa State University,Q3_ISU,0,0,0.9909329414367676
R_6S6l3EmaWPCUCtQ,ISU: Iowa State University,Q3_ISU,0,0,0.9937720894813538
R_1OnLYobBrU0J9n3,ISU: Iowa State University,Q4_ISU,0,2,0.9634702801704407
R_6KW9lx7XeHmSWuY,ISU: Iowa State University,Q4_ISU,1,2,0.9867472648620605
R_6H1CDySa09NOhIF,ISU: Iowa State University,Q4_ISU,1,2,0.976373553276062
R_5daTTG5Nj0bpgIQ,ISU: Iowa State University,Q4_ISU,0,2,0.9195533394813538
R_3clD3zfmf2dSJC9,ISU: Iowa State University,Q4_ISU,0,0,0.9967293739318848
R_1M3gVjepPyGy6gQ,ISU: Iowa State University,Q4_ISU,2,2,0.9908369779586792
R_1oAxLJaF7Ca3G4k,ISU: Iowa State University,Q4_ISU,0,0,0.9960875511169434
R_1ctEuox4xtQMb32,ISU: Iowa State University,Q4_ISU,1,2,0.8537402749061584
R_1zItB9clYizWYzB,ISU: Iowa State University,Q4_ISU,0,0,0.9955037236213684
R_7qwjqzh8MkMxwkl,ISU: Iowa State University,Q4_ISU,0,0,0.9962130784988403
R_1VR7Wcu6KzUgkBs,ISU: Iowa State University,Q4_ISU,0,2,0.787198007106781
R_6rRMoJwCrYSQv8B,ISU: Iowa State University,Q4_ISU,1,2,0.45511525869369507
R_7PTTlI8rRTywj9x,ISU: Iowa State University,Q4_ISU,1,1,0.9293635487556458
R_2AHnha63e5ixr3O,UF: University of Florida,Q2_UF,0,1,0.9827808141708374
R_ePypgfabK1EGpoZ,UF: University of Florida,Q2_UF,0,0,0.9961802959442139
R_2yjCOIGcNitkSe9,UF: University of Florida,Q2_UF,0,0,0.994669497013092
R_3QPJ7VxNRXXe4QR,UF: University of Florida,Q2_UF,0,0,0.9960660338401794
R_piLTsh0jCe1Nxlv,UF: University of Florida,Q2_UF,1,1,0.9739745259284973
R_3e9LXigHqb3padf,UF: University of Florida,Q2_UF,0,1,0.9782585501670837
R_1Qa1aMyxfgnMsf2,UF: University of Florida,Q2_UF,0,0,0.9962756633758545
R_1d5JCzoywo5qsHz,UF: University of Florida,Q2_UF,0,0,0.9961776733398438
R_1DYeZVlMR0yqoa0,UF: University of Florida,Q2_UF,0,0,0.9951268434524536
R_27lfLtyv1ssz1v7,UF: University of Florida,Q2_UF,1,1,0.989544689655304
R_1FgmJdZogVIpfMA,UF: University of Florida,Q2_UF,1,1,0.9779476523399353
R_12sZ7fCjIj6oaVa,UF: University of Florida,Q2_UF,0,0,0.9965614676475525
R_0MQRpHixKGKfQzf,UF: University of Florida,Q2_UF,1,1,0.9914702773094177
R_1kFdAVzfwHe76Rq,UF: University of Florida,Q2_UF,1,1,0.9916220903396606
R_12QkKp4Dmy4NhYx,UF: University of Florida,Q2_UF,2,1,0.9894418716430664
R_5gNgxPGdZeRIs4F,UF: University of Florida,Q2_UF,0,0,0.9964572787284851
R_10NmNgK1lNpdI11,UF: University of Florida,Q2_UF,1,1,0.8140657544136047
R_p9HQ6d5neyHqpPz,UF: University of Florida,Q2_UF,0,0,0.9934751391410828
R_3mcP1Qiyii91Sk9,UF: University of Florida,Q2_UF,0,0,0.996100664138794
R_2dEz1evreucmIKw,UF: University of Florida,Q2_UF,0,1,0.9820581078529358
R_2YfuUd96cpwExTw,UF: University of Florida,Q2_UF,0,0,0.9962140917778015
R_3gYR5VI4qA6FbK5,UF: University of Florida,Q2_UF,0,0,0.9961065649986267
R_2aVqGm8pYfGOllh,UF: University of Florida,Q2_UF,0,0,0.995133101940155
R_295hwb3vc9LKKxx,UF: University of Florida,Q2_UF,0,1,0.9925675392150879
R_26hVaB2qpXKPzCX,UF: University of Florida,Q2_UF,0,1,0.9924435019493103
R_3k647OnhA32lBMB,UF: University of Florida,Q2_UF,1,1,0.9910613894462585
R_DGjYYgb95BEnuFP,,Q2_UF,0,0,0.9961047172546387
R_2cj8eoXwNaSApuq,UF: University of Florida,Q2_UF,1,1,0.6991513967514038
R_3koZDT3MjVtcQl3,UF: University of Florida,Q2_UF,1,0,0.9935792684555054
R_PIFWsY9IrVSdYRz,UF: University of Florida,Q2_UF,0,1,0.9850537180900574
R_1DoorjauORI3gzz,UF: University of Florida,Q2_UF,0,0,0.9966894388198853
R_2X4gpKhNI2hKcNA,UF: University of Florida,Q2_UF,1,1,0.9838130474090576
R_3Ez2qF0LoEhVVAp,UF: University of Florida,Q2_UF,0,0,0.9956104159355164
R_1PcwiZx3AR4goJZ,UF: University of Florida,Q2_UF,1,0,0.9901183247566223
R_3MtaUIMjvJVPBr1,UF: University of Florida,Q2_UF,0,0,0.9963501691818237
R_2Ysn7bkaI3VsNsl,UF: University of Florida,Q2_UF,1,1,0.990044355392456
R_RUg4zD8PXY8NeaB,UF: University of Florida,Q2_UF,1,0,0.9095216989517212
R_cY25qF1A2GStINX,UF: University of Florida,Q2_UF,1,0,0.9947625994682312
R_2ckhQv4nJ90pbbi,UF: University of Florida,Q2_UF,0,0,0.9929254055023193
R_7QCipo49G0BBpRv,UF: University of Florida,Q2_UF,0,0,0.9939966201782227
R_Dq4zYA2a1jap3Mt,UF: University of Florida,Q2_UF,0,0,0.9959059953689575
R_3Emv0M6VF9SEArM,UF: University of Florida,Q2_UF,0,0,0.9963570237159729
R_2dlN5B8YPmR7oto,UF: University of Florida,Q2_UF,1,1,0.9913976192474365
R_1CDUo72SFdWqrdx,UF: University of Florida,Q2_UF,0,0,0.9963876008987427
R_3qL75uYG08bPR3q,UF: University of Florida,Q2_UF,0,0,0.9941983222961426
R_1Okmze1wvWKWi8F,UF: University of Florida,Q2_UF,0,0,0.9961720108985901
R_22yJ0Y9pmOWjDyn,,Q2_UF,0,0,0.9963661432266235
R_1JIXEmB9Y2OEbXp,UF: University of Florida,Q2_UF,1,0,0.9953887462615967
R_29ntW4yUhZ3jVTw,ISU: Iowa State University,Q1_ISU,2,1,0.992569625377655
R_XOfJbeM43SgeyCR,ISU: Iowa State University,Q1_ISU,2,2,0.989247739315033
R_2axGo50ZAjOiDuU,ISU: Iowa State University,Q1_ISU,2,1,0.9918700456619263
R_27TgnY9wXz03ROk,ISU: Iowa State University,Q1_ISU,1,1,0.992588996887207
R_2WxveTvoQ3wH7ko,ISU: Iowa State University,Q1_ISU,1,1,0.9905912280082703
R_1QfQGrw6na0ToKN,ISU: Iowa State University,Q1_ISU,2,2,0.9882098436355591
R_Rk2OpraIdU5dtER,ISU: Iowa State University,Q1_ISU,1,1,0.9920667409896851
R_DNbGtGsltt6YgYp,ISU: Iowa State University,Q1_ISU,1,1,0.9924032688140869
R_1E5JRuVxt5tFEb7,ISU: Iowa State University,Q1_ISU,2,2,0.9887115955352783
R_1gTpX6pM3wk4OWR,ISU: Iowa State University,Q1_ISU,2,2,0.9901767373085022
R_8dgMJbrxG7G8pHP,ISU: Iowa State University,Q1_ISU,1,1,0.9906817674636841
R_2xF2oPGL6FBdgOn,ISU: Iowa State University,Q1_ISU,1,1,0.9909920692443848
R_3JELb6DdyEO582a,ISU: Iowa State University,Q1_ISU,1,1,0.9905818700790405
R_1dnvSLbpJgBTXTG,ISU: Iowa State University,Q1_ISU,0,1,0.9907047152519226
R_1eUBRVBVFe7Kptj,ISU: Iowa State University,Q1_ISU,0,1,0.99216628074646
R_3hcqL3C6mWBEbJb,ISU: Iowa State University,Q1_ISU,1,1,0.9897419214248657
R_1LBvWtTcENRcy8k,ISU: Iowa State University,Q1_ISU,2,2,0.9890024662017822
R_29pUU9hefrTU9SV,ISU: Iowa State University,Q1_ISU,1,1,0.9908283948898315
R_a9msDKjrZEl5GNj,ISU: Iowa State University,Q1_ISU,2,2,0.9890626072883606
R_2R9SUOW2ZT1pXG8,ISU: Iowa State University,Q1_ISU,1,1,0.9905617833137512
R_d7tF60k75vbvT8t,ISU: Iowa State University,Q1_ISU,2,1,0.9907363057136536
R_2fdm2ahugqnQ1gy,ISU: Iowa State University,Q1_ISU,2,2,0.9904211759567261
R_28TDDGf7GzEEHzc,ISU: Iowa State University,Q1_ISU,1,2,0.9888356328010559
R_3fIw1FqGaReMayQ,"UTEP: University of Texas, El Paso",Q2_UTEP,2,2,0.9918151497840881
R_p0F6iCLjlEQhDLb,"UTEP: University of Texas, El Paso",Q2_UTEP,2,2,0.9914606809616089
R_3EPZt3AVC1eAWhq,"UTEP: University of Texas, El Paso",Q2_UTEP,2,2,0.9912978410720825
R_5tJ3ynU4siwIVWS,UF: University of Florida,Q3_UF,0,1,0.8506518602371216
R_6f2JAYNwP81ksnH,UF: University of Florida,Q3_UF,1,1,0.9607035517692566
R_1Sjc3roe8FisWlK,UF: University of Florida,Q3_UF,1,0,0.5419666767120361
R_7EFRGsa74t7oM38,UF: University of Florida,Q3_UF,1,1,0.6280779838562012
R_1KdQca4KWwKdD4Y,UF: University of Florida,Q3_UF,1,1,0.7144857048988342
R_5kGqmTz1vdukKyK,UF: University of Florida,Q3_UF,1,1,0.9853990077972412
R_5CBDHIlaFdj9lId,UF: University of Florida,Q3_UF,1,1,0.991703987121582
R_6pAY1Q8n5arb4M9,UF: University of Florida,Q3_UF,1,1,0.9368492364883423
R_6rOQj5qVrXuAwiP,UF: University of Florida,Q3_UF,0,1,0.9681155681610107
R_3prtB5xdbyn3lHd,UF: University of Florida,Q3_UF,0,1,0.7854003310203552
R_6n75A5TuRRb8loF,UF: University of Florida,Q3_UF,1,1,0.9636027216911316
R_3DjssqxHrlc9va2,UF: University of Florida,Q3_UF,1,1,0.9875333309173584
R_6EbAVWqL3pqCIBT,UF: University of Florida,Q3_UF,1,1,0.9956035614013672
R_1FPx1OjtRRqNupz,UF: University of Florida,Q3_UF,1,0,0.7921503186225891
R_1P5SP3qsdZ2HRP0,UF: University of Florida,Q3_UF,1,1,0.99498450756073
R_5gK7xhiFiQDc6kh,UF: University of Florida,Q3_UF,1,2,0.7799238562583923
R_708WX9eJAXho1M7,UF: University of Florida,Q3_UF,0,0,0.7356021404266357
R_6PAmsAB2DIovf26,,Q3_UF,1,1,0.9950754046440125
R_3kRcNmN3w7xthd1,UF: University of Florida,Q3_UF,1,1,0.9942161440849304
R_5MLNMWlrdIf7FW7,UF: University of Florida,Q3_UF,0,1,0.9641017913818359
R_5pD4dbFCNbp9XTH,UF: University of Florida,Q3_UF,1,1,0.9935636520385742
R_52PYXUm2b2fRsbM,UF: University of Florida,Q3_UF,1,1,0.49069514870643616
R_1q7GF4zeSCW6Lgt,UF: University of Florida,Q3_UF,1,1,0.9882556200027466
R_3GjgeOrkp430l6g,UF: University of Florida,Q3_UF,1,1,0.972271203994751
R_7mRkMVTi5G3y8SZ,UF: University of Florida,Q3_UF,0,0,0.7229359149932861
R_3pu04idHWaoye1P,UF: University of Florida,Q3_UF,1,1,0.9878832697868347
R_5MYB7xbQeHOO9rP,UF: University of Florida,Q3_UF,1,1,0.9827442765235901
R_5dEtdaqgptWpRqU,UF: University of Florida,Q3_UF,1,1,0.9890252947807312
R_5r7J416BO7270iX,UF: University of Florida,Q3_UF,1,1,0.9949472546577454
R_32nUsTCDIoepgYu,UF: University of Florida,Q3_UF,0,1,0.9807087182998657
R_1OU9X6ExOijr4X3,UF: University of Florida,Q3_UF,1,1,0.9954134821891785
R_3TgX0eQJ92QnKjT,UF: University of Florida,Q3_UF,1,0,0.7416983246803284
R_7Dvfn8EScYZbh5A,UF: University of Florida,Q3_UF,1,1,0.9936861395835876
R_3AHrftA3jFePBYd,UF: University of Florida,Q3_UF,2,2,0.9854023456573486
R_11aJ3cfI0bDKxom,UF: University of Florida,Q3_UF,1,1,0.9953651428222656
R_5fdAQJTHurpx44s,UF: University of Florida,Q3_UF,1,1,0.9544910788536072
R_7FUScCCZMiaK40h,UF: University of Florida,Q3_UF,2,2,0.9919649362564087
R_1D6PR4bgRK1fIKT,UF: University of Florida,Q3_UF,0,1,0.6105271577835083
R_71ib9FDCtiMdLHi,UF: University of Florida,Q3_UF,1,1,0.9956449270248413
R_75GAPg8OLOb019L,UF: University of Florida,Q3_UF,1,1,0.8722149729728699
R_5BFh78XlBiyCl3j,UF: University of Florida,Q3_UF,1,1,0.9945579767227173
R_1MSRO5fSQNYzRhk,UF: University of Florida,Q3_UF,1,2,0.8426750898361206
R_52McQwPqUJMCJ8l,UF: University of Florida,Q3_UF,1,1,0.995020866394043
R_51VmIJwuL5hq5JT,UF: University of Florida,Q3_UF,2,2,0.9704340100288391
R_33fJS5tTlZLDChO,UF: University of Florida,Q3_UF,1,2,0.591271698474884
R_5fPJ0K0qs0M5Ndv,UF: University of Florida,Q3_UF,2,2,0.9928983449935913
R_7rpwISz2NGts20i,UF: University of Florida,Q3_UF,1,1,0.9296033978462219
R_5HOV47Y6SiAFvZn,UF: University of Florida,Q3_UF,1,1,0.6729679703712463
R_3vArAD8WcItpXpf,UF: University of Florida,Q3_UF,1,2,0.9480381011962891
R_710I5UYMVp9RYwx,UF: University of Florida,Q3_UF,1,1,0.9950138926506042
R_6QF3nHP5N5mf6Nt,UF: University of Florida,Q3_UF,0,1,0.8046937584877014
R_3R3ZPjqLAzxJ07n,UF: University of Florida,Q3_UF,1,1,0.9923972487449646
R_7ARNGecEe0nQqId,UF: University of Florida,Q3_UF,2,1,0.7597813606262207
R_5k0lgVz79EdpbwJ,UF: University of Florida,Q3_UF,1,2,0.9894428253173828
R_5ogPKgku3CfrXtW,UF: University of Florida,Q3_UF,1,1,0.7772912383079529
R_6fPmEWEamRphBPA,UF: University of Florida,Q3_UF,2,2,0.9815512895584106
R_5bQapqbluhObCWO,UF: University of Florida,Q3_UF,1,0,0.7953715324401855
R_52PIzgED58tfzVv,UF: University of Florida,Q3_UF,1,2,0.9859075546264648
R_7WDbZ32ZNybh7Vl,UF: University of Florida,Q3_UF,0,1,0.9802563190460205
R_3CDfsfW027lM41H,UF: University of Florida,Q3_UF,1,1,0.9957232475280762
R_5TC7lQssV2wprpm,UF: University of Florida,Q3_UF,1,2,0.9901988506317139
R_1VJAPHKtCT9jVFo,UF: University of Florida,Q3_UF,1,0,0.5946927666664124
R_191FRVR2Pbc3ilH,UF: University of Florida,Q3_UF,1,1,0.9945865869522095
R_3jHSEpkLfp7KXPH,UF: University of Florida,Q3_UF,0,0,0.8715036511421204
R_3jZdJrrOie2R5BH,UF: University of Florida,Q3_UF,2,2,0.9765278697013855
R_1o6AUF1nDMrlJOI,UF: University of Florida,Q3_UF,0,1,0.6009124517440796
R_6cvdCsMKmSrSbfh,UF: University of Florida,Q3_UF,1,1,0.9898724555969238
R_1mmHwSeaSiUgqyT,UF: University of Florida,Q3_UF,1,1,0.9932793974876404
R_6f3RBWd7pESfeaW,UF: University of Florida,Q3_UF,2,2,0.9909822344779968
R_5EcDAWuQNdphsKB,UF: University of Florida,Q3_UF,0,1,0.9948102235794067
R_2axUzEdQEVNcYxZ,UF: University of Florida,Q1_UF,1,1,0.8983352780342102
R_bE1WQrorAN4TxS1,UF: University of Florida,Q1_UF,0,1,0.9847549200057983
R_1pZ38OBWPH40rXQ,UF: University of Florida,Q1_UF,0,1,0.9042014479637146
R_3Ic6jHu5XT17XAp,UF: University of Florida,Q1_UF,1,0,0.9729698300361633
R_W03kc79KofbGISZ,UF: University of Florida,Q1_UF,0,0,0.9918354749679565
R_3hc1f2f6aNrqRWU,UF: University of Florida,Q1_UF,0,1,0.9152464270591736
R_1jxCcm2EVh20ivB,UF: University of Florida,Q1_UF,0,0,0.9942482709884644
R_3fk208ryYqLI8wo,UF: University of Florida,Q1_UF,0,2,0.656627893447876
R_1gNs1RzNEsd4EQK,UF: University of Florida,Q1_UF,0,1,0.751997172832489
R_3qs5goZIsBmUqLr,UF: University of Florida,Q1_UF,0,0,0.987117350101471
R_28HXJe5hPJiKYvq,Other university:,Q1_UF,0,1,0.6149337887763977
R_6zENg8ZqDL2R6NP,UF: University of Florida,Q1_UF,0,0,0.9381306171417236
R_PN9EHIhg162qBWh,UF: University of Florida,Q1_UF,0,0,0.9879974126815796
R_12FpowXCnZZub3M,UF: University of Florida,Q1_UF,0,0,0.9929993152618408
R_3k0zZXwyth2iLbp,UF: University of Florida,Q1_UF,0,1,0.8689775466918945
R_1ocEL0hVlJbPrSJ,UF: University of Florida,Q1_UF,1,0,0.9944570064544678
R_TvVmGpA5A8sJMg9,UF: University of Florida,Q1_UF,0,0,0.7546562552452087
R_1jvREj3Vh4JZYr9,UF: University of Florida,Q1_UF,0,0,0.9895428419113159
R_2e4LDZ9gJ8akzMm,UF: University of Florida,Q1_UF,1,1,0.7799878120422363
R_3iED9dXG3vMkQtO,UF: University of Florida,Q1_UF,1,0,0.9835063815116882
R_SWa6KpztPFgaH4d,UF: University of Florida,Q1_UF,1,0,0.9927655458450317
R_3j2mBrl56eg5472,UF: University of Florida,Q1_UF,1,2,0.8155159950256348
R_22FjvlOAWJ40wYV,UF: University of Florida,Q1_UF,1,2,0.9800711274147034
R_3HCy8H6Id2E8xp2,UF: University of Florida,Q1_UF,0,1,0.9620328545570374
R_3O00uQ2kSsIHE8L,UF: University of Florida,Q1_UF,1,2,0.9700475931167603
R_wZwmLYtTBPyDFDz,UF: University of Florida,Q1_UF,0,1,0.7072713375091553
R_Rrd8uNImBOCZ2gx,UF: University of Florida,Q1_UF,1,2,0.5407769680023193
R_1pSvjYMNwt2KLPu,UF: University of Florida,Q1_UF,0,0,0.9916638135910034
R_3PdA4XvblNA4ifX,UF: University of Florida,Q1_UF,0,1,0.9948084950447083
R_TiTu4HTYUXQBmH7,UF: University of Florida,Q1_UF,0,1,0.9471946954727173
R_0psEIPRnolBvo7T,UF: University of Florida,Q1_UF,0,0,0.8642396926879883
R_ehti7b1UuCdZ3IB,UF: University of Florida,Q1_UF,0,1,0.97076416015625
R_3Q02Uz64JoEDQun,UF: University of Florida,Q1_UF,0,0,0.9924986958503723
R_2DOBQpj8vv1IIrY,UF: University of Florida,Q1_UF,1,1,0.9488049149513245
R_YbEWRRVxWhJxiU1,UF: University of Florida,Q1_UF,1,1,0.7603979110717773
R_3dX7z9Eran1niln,UF: University of Florida,Q1_UF,1,1,0.7383266091346741
R_3LZ4zns72Ugwq21,UF: University of Florida,Q1_UF,0,0,0.8018723726272583
R_12x1SNm2PF9Iwsv,UF: University of Florida,Q1_UF,2,2,0.5865362882614136
R_sZiLdceASgYZTSV,UF: University of Florida,Q1_UF,0,0,0.9769262671470642
R_1GyvTlBg10lV6Ea,UF: University of Florida,Q1_UF,0,0,0.9945586323738098
R_29nx98mTCTGojHL,UF: University of Florida,Q1_UF,0,0,0.9917311072349548
R_2zN5kzF16UQxfCI,UF: University of Florida,Q1_UF,1,1,0.86848384141922
R_2t0hRCsV4zuyKlD,UF: University of Florida,Q1_UF,0,0,0.9884010553359985
R_3qyrhhsNpxpFfK0,UF: University of Florida,Q1_UF,0,0,0.9922906756401062
R_R33PZNIBO2GIBc5,UF: University of Florida,Q1_UF,0,0,0.9888207912445068
R_1pnAarAtdp1Ovgu,UF: University of Florida,Q1_UF,0,1,0.9039831161499023
R_2U9nJMzCj7JYVAd,UF: University of Florida,Q1_UF,0,0,0.9918672442436218
R_3Rt0WHXog4dsuG2,UF: University of Florida,Q1_UF,0,0,0.994424045085907
R_3qecDzy6VNi5Ciz,UF: University of Florida,Q1_UF,0,0,0.9931996464729309
R_2xXaLkxlxxHrdFG,UF: University of Florida,Q1_UF,1,1,0.9647716879844666
R_3plOQLIA3Cm8nN7,UF: University of Florida,Q1_UF,0,0,0.9938570857048035
R_3OlAYb7NfPIlAV2,UF: University of Florida,Q1_UF,0,0,0.9726911187171936
R_2YsQIm4vodmsNXs,UF: University of Florida,Q1_UF,0,0,0.993772566318512
R_1psb9hIz9JIwoo6,UF: University of Florida,Q1_UF,0,0,0.992885410785675
R_325DVUJh0vmAQ9M,UF: University of Florida,Q1_UF,0,1,0.5719499588012695
R_2f26Tq5LnG4uRiH,UF: University of Florida,Q1_UF,0,0,0.9924166202545166
R_2y2gZ7o9zunL5ER,UF: University of Florida,Q1_UF,0,0,0.9912561178207397
R_2tyPkJrbCBwnUO7,UF: University of Florida,Q1_UF,0,0,0.993948221206665
R_3fUfWXj9WBanb8u,UF: University of Florida,Q1_UF,1,1,0.7539017200469971
R_6GzuH2AJ0ooUBnr,UF: University of Florida,Q1_UF,1,0,0.8960379958152771
R_3EyjIJenUgM5Xzm,UF: University of Florida,Q1_UF,1,2,0.8857011795043945
R_1CHdyx3mIjjrJCl,UF: University of Florida,Q1_UF,0,0,0.991905689239502
R_2B9gEeL4AaswYbt,UF: University of Florida,Q1_UF,0,0,0.8923664689064026
R_Um5yxfYzjGApcbL,UF: University of Florida,Q1_UF,0,0,0.9949836730957031
R_OkTPKLbdZfXogyR,UF: University of Florida,Q1_UF,0,0,0.9934936165809631
R_5A6MkjpmdbnTNBL,UF: University of Florida,Q1_UF,0,0,0.992150068283081
R_1QzPHWGWPrQiigw,UF: University of Florida,Q1_UF,0,0,0.9920291900634766
R_1FLdHh1S6LK9Uyd,UF: University of Florida,Q1_UF,1,2,0.9760602116584778
R_1dg0ND2VRVymdAq,UF: University of Florida,Q1_UF,0,1,0.9612656831741333
R_2uqiyL7a6xYe1Cu,UF: University of Florida,Q1_UF,0,0,0.9916784763336182
R_3qII9X98ejQxdfy,UF: University of Florida,Q1_UF,0,1,0.9785813689231873
R_D5yGKOLKAMINYdP,UF: University of Florida,Q1_UF,1,1,0.6037647128105164
R_2e25SP747IjcqXi,UF: University of Florida,Q1_UF,1,0,0.9899278283119202
R_2P1JAGBYotSvjUE,UF: University of Florida,Q1_UF,2,0,0.790717363357544
R_3NTVqWGauMN166Y,UF: University of Florida,Q1_UF,0,0,0.9936577677726746
R_28IDI1K78Lee3mG,UF: University of Florida,Q1_UF,1,1,0.5957953333854675
R_2YrGaINRHS7lFXP,UF: University of Florida,Q1_UF,1,0,0.8059828877449036
R_3nk1SGbaw76vr0P,UF: University of Florida,Q1_UF,0,0,0.5192885398864746
R_6F2Q2DN0SrQwYAa,ISU: Iowa State University,Q5_ISU,2,1,0.9890303015708923
R_5dahScFCd55lccN,ISU: Iowa State University,Q5_ISU,1,1,0.9922631978988647
R_1q3rxomtvT2yDFo,ISU: Iowa State University,Q5_ISU,1,1,0.9917729496955872
R_73ea097tfA1a2ly,ISU: Iowa State University,Q5_ISU,1,1,0.9914329051971436
R_8rkV1v92RzWNg9H,ISU: Iowa State University,Q5_ISU,1,1,0.9917530417442322
R_6eFDJZrymjAjM6e,ISU: Iowa State University,Q5_ISU,1,1,0.991675853729248
R_7L6EuWQVV3Vc7kd,ISU: Iowa State University,Q5_ISU,2,2,0.9380178451538086
R_7RO2MvqrAOYIpRf,ISU: Iowa State University,Q5_ISU,1,1,0.6291865110397339
R_5WuxtqA9AwINx9D,ISU: Iowa State University,Q5_ISU,1,1,0.9920721650123596
R_6fSI7yvLBIlUZUp,ISU: Iowa State University,Q5_ISU,1,1,0.9917627573013306
R_7qJBH6wiKmenHu1,ISU: Iowa State University,Q5_ISU,1,1,0.9921097159385681
R_6PTPqLerhtOBPQl,ISU: Iowa State University,Q5_ISU,1,2,0.5687119364738464
R_7uVT5JwFutYuUNk,ISU: Iowa State University,Q5_ISU,1,1,0.9878210425376892
R_7tlo45IlHK4JQcb,ISU: Iowa State University,Q5_ISU,1,1,0.9920884370803833
R_7rPaUO4yAqQJfyQ,ISU: Iowa State University,Q5_ISU,2,2,0.9501909613609314
R_62L6BcsIde16pvD,ISU: Iowa State University,Q5_ISU,1,1,0.9902977347373962
R_71YfguVmAeLdWB5,ISU: Iowa State University,Q4_ISU,1,0,0.9953181147575378
R_5FsQmj2YxEz599u,ISU: Iowa State University,Q4_ISU,0,0,0.9966620206832886
R_3thxRrflwUltlDH,ISU: Iowa State University,Q4_ISU,0,0,0.9962533712387085
R_579kqVKX1AGGGE1,ISU: Iowa State University,Q4_ISU,0,0,0.996623158454895
R_3CarpUGbizlsMQF,ISU: Iowa State University,Q4_ISU,1,0,0.5412858128547668
R_14U2fa9sH0ngQcF,ISU: Iowa State University,Q4_ISU,2,2,0.9923802614212036
R_5agixZHgZYhiufb,ISU: Iowa State University,Q4_ISU,0,0,0.9966886639595032
R_7NwbIsPUfIjDTgD,ISU: Iowa State University,Q4_ISU,2,2,0.9924716949462891
R_7pwK0D86lU4DGrn,ISU: Iowa State University,Q4_ISU,2,2,0.4751702547073364
R_3NsKTAJNqctlqHn,ISU: Iowa State University,Q4_ISU,0,0,0.9879034161567688
R_7HMZpqnfGMQ1OmZ,ISU: Iowa State University,Q4_ISU,0,0,0.9964308738708496
R_6daUI4YrWTcCPZr,ISU: Iowa State University,Q4_ISU,1,1,0.7804250121116638
R_7fy5aZeiU9zX0Rt,ISU: Iowa State University,Q4_ISU,0,0,0.9963156580924988
R_1T5C9v4J2UaB78d,ISU: Iowa State University,Q4_ISU,2,2,0.8758347630500793
R_7NwCfch8nYmYYD1,ISU: Iowa State University,Q4_ISU,0,0,0.9949683547019958
R_6gu3IOn7bwNzHdx,ISU: Iowa State University,Q4_ISU,2,2,0.9821297526359558
R_71Y1m8Z4USRAlIB,ISU: Iowa State University,Q4_ISU,0,0,0.9964677095413208
R_5lTzA6c7y7zULOF,ISU: Iowa State University,Q4_ISU,0,0,0.9955472946166992
R_3mqreFCGNT4C1pf,ISU: Iowa State University,Q4_ISU,2,2,0.9923412799835205
R_5MGNPkbMSfvEQ4I,ISU: Iowa State University,Q4_ISU,1,1,0.6648423075675964
R_3Ia9YLh4riFHBKx,ISU: Iowa State University,Q4_ISU,1,1,0.6798597574234009
R_1rrcNDBhigOJMYL,MSU: Michigan State University,Q1_MSU,1,1,0.9803285598754883
R_3YPxnom0pYPhhN7,MSU: Michigan State University,Q1_MSU,0,0,0.983662486076355
R_3zVbCvOBru17Kyt,MSU: Michigan State University,Q1_MSU,1,1,0.9521926641464233
R_7EKM1d6TyzPzV2M,MSU: Michigan State University,Q1_MSU,1,1,0.9699183106422424
R_1mPDQRQivLmB0Ln,MSU: Michigan State University,Q1_MSU,0,0,0.982326865196228
R_1x20Qvk81v0CVXP,MSU: Michigan State University,Q1_MSU,0,0,0.9800782203674316
R_1kaYBm2DnjdW0kc,MSU: Michigan State University,Q1_MSU,1,1,0.9669221043586731
R_13VOsG7XqVs1Sq0,MSU: Michigan State University,Q1_MSU,1,1,0.5056250691413879
R_59uL8jXt6GsON3A,MSU: Michigan State University,Q1_MSU,2,1,0.9284868836402893
R_38G6ll6T62X9wRj,MSU: Michigan State University,Q1_MSU,0,0,0.9817715883255005
R_3dgBkeBlhbcDtoR,MSU: Michigan State University,Q1_MSU,1,0,0.979760468006134
R_6MGXqv8IaItaKIl,MSU: Michigan State University,Q1_MSU,2,1,0.8511606454849243
R_11z01Xs29MD2l2x,MSU: Michigan State University,Q1_MSU,1,1,0.9500517249107361
R_7trjWHeGVGFpkZ7,Other university:,Q1_MSU,0,0,0.9828330874443054
R_1iese2Z0ZEHVCgj,MSU: Michigan State University,Q1_MSU,1,1,0.9747846722602844
R_7J4vaNaKpQuCYwE,MSU: Michigan State University,Q1_MSU,1,1,0.8407235741615295
R_6PFtaI3ePCjL6jo,MSU: Michigan State University,Q1_MSU,2,2,0.9907639622688293
R_3Va2gufsSPmEK1H,MSU: Michigan State University,Q1_MSU,0,1,0.8625949025154114
R_69zscSJurwTPdrX,MSU: Michigan State University,Q1_MSU,0,0,0.9811795353889465
R_1ac7Y73kCavEeL7,MSU: Michigan State University,Q1_MSU,1,1,0.9689061045646667
R_5CHZZWLGALTDjJ0,MSU: Michigan State University,Q1_MSU,0,0,0.9808336496353149
R_6cMqBsGyITeFSsV,MSU: Michigan State University,Q1_MSU,1,1,0.9798668622970581
R_7Jn0lIOYwdXgVYH,MSU: Michigan State University,Q1_MSU,1,1,0.9806562662124634
R_60fRjcBkqTvXQBj,MSU: Michigan State University,Q1_MSU,1,1,0.9542362689971924
R_6UwYwSiXzUahELT,MSU: Michigan State University,Q1_MSU,1,0,0.9812150001525879
R_3QhMKVeUIiUk9Xx,MSU: Michigan State University,Q1_MSU,1,1,0.9206054210662842
R_6hciMyXhxHOq7PX,MSU: Michigan State University,Q1_MSU,1,2,0.9912079572677612
R_7VdxtJcHI68zIhN,MSU: Michigan State University,Q1_MSU,0,1,0.9490900039672852
R_7JNok79i02eovWF,MSU: Michigan State University,Q1_MSU,0,1,0.585580587387085
R_6Konj5zP7AmMx97,MSU: Michigan State University,Q1_MSU,1,1,0.5977035164833069
R_7gMVqWKuvvRreMV,MSU: Michigan State University,Q1_MSU,0,0,0.4957125186920166
R_6bNQW251Rt1uQFW,MSU: Michigan State University,Q1_MSU,1,0,0.9803705215454102
R_3kiyb4pjnrNV3yP,MSU: Michigan State University,Q1_MSU,1,1,0.9629814028739929
R_36LzFJJjugZFCqB,MSU: Michigan State University,Q1_MSU,0,0,0.5101275444030762
R_6WwIJOaXHQrd9CN,MSU: Michigan State University,Q1_MSU,0,1,0.537966251373291
R_36kIxZHBXmSVsj5,MSU: Michigan State University,Q1_MSU,1,1,0.9627001285552979
R_51nTvWE8CtGAjMt,MSU: Michigan State University,Q1_MSU,2,2,0.9925089478492737
R_6fqTg7qLbPFJCo1,MSU: Michigan State University,Q1_MSU,0,0,0.9825624227523804
R_7EnKopAC3kerUGZ,MSU: Michigan State University,Q1_MSU,0,0,0.9795658588409424
R_3EgNp6QidZ6Acw4,MSU: Michigan State University,Q1_MSU,1,1,0.8852826356887817
R_34WyoEycwlHfI1b,MSU: Michigan State University,Q1_MSU,2,2,0.9912307262420654
R_5JIbpIlsyqPEFeV,MSU: Michigan State University,Q1_MSU,0,0,0.9780668020248413
R_3iD1pXuwcmDeAjD,MSU: Michigan State University,Q1_MSU,2,2,0.992017388343811
R_5Ed9L8dmxr1pHvA,MSU: Michigan State University,Q1_MSU,2,1,0.9359576106071472
R_75u59XTkmhThAlE,MSU: Michigan State University,Q1_MSU,2,2,0.9918169379234314
R_7PLBvsheONZHviA,MSU: Michigan State University,Q1_MSU,0,0,0.94256192445755
R_7fNwYuqKpftkqkS,MSU: Michigan State University,Q1_MSU,1,1,0.9690660834312439
R_3ouMzXlE2gZwQjq,MSU: Michigan State University,Q1_MSU,0,1,0.9746317863464355
R_6EbzxTbYF10swpf,MSU: Michigan State University,Q1_MSU,0,0,0.9813780784606934
R_3FLM1K1qvXJAQrD,MSU: Michigan State University,Q1_MSU,1,1,0.9583772420883179
R_6y9L42XTqI8eEGR,MSU: Michigan State University,Q1_MSU,0,0,0.9821849465370178
R_5pRWS0OdFxLiL4o,MSU: Michigan State University,Q1_MSU,1,1,0.6541502475738525
R_11zW0WQjk6A6cdi,MSU: Michigan State University,Q1_MSU,0,0,0.9811450839042664
R_1uVb1eZOU8fPDJr,MSU: Michigan State University,Q1_MSU,1,1,0.9783006310462952
R_3FFjg6DFlhGHNiv,MSU: Michigan State University,Q1_MSU,1,1,0.9637675881385803
R_3BJHGXDHJ72OEal,MSU: Michigan State University,Q1_MSU,2,2,0.9921250939369202
R_7YP3yKEvDE3m1t2,MSU: Michigan State University,Q1_MSU,1,1,0.9651970863342285
R_5hYnnVXO65On5uZ,MSU: Michigan State University,Q1_MSU,0,0,0.9545806050300598
R_62x1G5AEuxhOa1a,MSU: Michigan State University,Q1_MSU,1,1,0.9116281270980835
R_3BxvaMpIApMj0Dq,MSU: Michigan State University,Q1_MSU,1,2,0.9572464227676392
R_5gwrShzSNJxnjes,MSU: Michigan State University,Q1_MSU,2,2,0.991134524345398
R_51ZwoosOdWtlI0d,MSU: Michigan State University,Q1_MSU,0,0,0.6720046997070312
R_5wFCc6Mdb9FLS5H,MSU: Michigan State University,Q1_MSU,0,0,0.9845110177993774
R_3hz2MHsu9DNdBhq,MSU: Michigan State University,Q1_MSU,1,1,0.9789404273033142
R_6x3q6mPvo7T4Wbf,MSU: Michigan State University,Q1_MSU,1,1,0.9822694659233093
R_6fcA4P67V3OUPgB,MSU: Michigan State University,Q1_MSU,1,1,0.9690342545509338
R_5Qm8ar9HkrwtTtd,MSU: Michigan State University,Q1_MSU,1,1,0.7562978863716125
R_7PYipIIW1ol5PaI,MSU: Michigan State University,Q1_MSU,0,1,0.6812726259231567
R_1Q73HFL8qM31sit,MSU: Michigan State University,Q1_MSU,1,1,0.9757452607154846
R_5iVWAbNh8L2KGvn,MSU: Michigan State University,Q1_MSU,2,2,0.9913835525512695
R_1cTsI5uiUtLBIIh,MSU: Michigan State University,Q1_MSU,1,1,0.9731554985046387
R_6PZ6ELr5SFUmScy,MSU: Michigan State University,Q1_MSU,1,0,0.9802656769752502
R_6IPUNkx07J7OSQx,MSU: Michigan State University,Q1_MSU,2,2,0.9788969159126282
R_3FfxeLqezypACSn,MSU: Michigan State University,Q1_MSU,0,0,0.9815312623977661
R_56Zu6qKWcPuHv3P,MSU: Michigan State University,Q1_MSU,0,1,0.9872897267341614
R_3mqFfcRcx3ovOql,MSU: Michigan State University,Q1_MSU,1,1,0.9660503268241882
R_7ohIgJOjFCHuVcf,MSU: Michigan State University,Q1_MSU,0,0,0.838310718536377
R_6Hc6rwOCNxNUoj7,MSU: Michigan State University,Q1_MSU,0,0,0.9812763929367065
R_6b2ZbpSxAfMxFg3,MSU: Michigan State University,Q1_MSU,1,1,0.6180621981620789
R_3ZSLXxjF3rCamSR,MSU: Michigan State University,Q1_MSU,0,0,0.9804174900054932
R_6GB6MVoPxsx0oYx,MSU: Michigan State University,Q1_MSU,2,2,0.9925236105918884
R_7k3YQfn6NOvrXTX,MSU: Michigan State University,Q1_MSU,1,1,0.9589241147041321
R_7JqSkBna4vbWjAz,MSU: Michigan State University,Q1_MSU,0,0,0.8468688130378723
R_6GWj3ErZsy6pKA8,MSU: Michigan State University,Q1_MSU,2,2,0.991710364818573
R_6Ioa580RfwN2xQu,MSU: Michigan State University,Q1_MSU,1,1,0.9654806852340698
R_5DNdcTTWedVsgmk,MSU: Michigan State University,Q1_MSU,1,1,0.9707236289978027
R_3PuH6v1YMozuGdh,MSU: Michigan State University,Q1_MSU,0,0,0.9790176749229431
R_1XcJ1tj1P7rbixN,MSU: Michigan State University,Q1_MSU,1,1,0.9532535076141357
R_5rZY8sEqUkNfzYJ,MSU: Michigan State University,Q1_MSU,2,2,0.9921086430549622
R_72twU7BEwZj3CKc,MSU: Michigan State University,Q1_MSU,2,2,0.9911549091339111
R_71MAssMkXMlu2c6,MSU: Michigan State University,Q1_MSU,1,1,0.9799478054046631
R_1Lj7kApA0HZBbk4,MSU: Michigan State University,Q1_MSU,0,0,0.9790555834770203
R_7n3eS8R3JNufIM9,MSU: Michigan State University,Q1_MSU,1,1,0.9706210494041443
R_74CU3Z5JZJGvmti,MSU: Michigan State University,Q1_MSU,0,0,0.8887531757354736
R_7CqCCDpVaP4efiM,MSU: Michigan State University,Q1_MSU,2,1,0.9516938328742981
R_5TVqx5Bi4qr5453,MSU: Michigan State University,Q1_MSU,0,0,0.9813706278800964
R_11KK5c1n91mQ1OY,MSU: Michigan State University,Q1_MSU,1,1,0.9709576368331909
R_7fMJWn88hUi5j5q,MSU: Michigan State University,Q1_MSU,1,0,0.690639317035675
R_5NTkpJxt1rRPp8B,MSU: Michigan State University,Q1_MSU,0,0,0.9784647226333618
R_16OmtmxGCTNgoNz,MSU: Michigan State University,Q1_MSU,1,1,0.9700072407722473
R_5LwiP1Z1By0lC5d,MSU: Michigan State University,Q1_MSU,1,1,0.9510226249694824
R_77dOfUsgqw4caYf,MSU: Michigan State University,Q1_MSU,1,1,0.9713035821914673
R_7jexuvuGRktOJFO,MSU: Michigan State University,Q1_MSU,0,0,0.980646014213562
R_2O8sZ1t4U6eUfZM,MSU: Michigan State University,Q1_MSU,1,1,0.9837213158607483
R_3GPDu7LWJjcN7Tb,MSU: Michigan State University,Q1_MSU,1,2,0.9829111695289612
R_6yWbOlmdVi9ve5b,MSU: Michigan State University,Q1_MSU,1,0,0.9802637696266174
R_5PkzvO3h0wUldoR,MSU: Michigan State University,Q1_MSU,1,1,0.9530691504478455
R_6f10U7BrWKuuqpK,MSU: Michigan State University,Q1_MSU,1,1,0.9886394739151001
R_2JPH3g8V5VlcQ6W,MSU: Michigan State University,Q1_MSU,2,2,0.9923771619796753
R_1nT9DDVNmfFKBQB,MSU: Michigan State University,Q1_MSU,1,0,0.9801820516586304
R_3jjtWvNbMzZMfli,MSU: Michigan State University,Q1_MSU,1,1,0.9706576466560364
R_1lWkduRnUVxFUcT,MSU: Michigan State University,Q1_MSU,0,1,0.9523507356643677
R_1NPNmt3pGPAnYQZ,MSU: Michigan State University,Q1_MSU,0,0,0.980008602142334
R_7Gv13ummxx7zPQp,MSU: Michigan State University,Q1_MSU,2,2,0.9907399415969849
R_1WlM2sb66m6k0tb,MSU: Michigan State University,Q1_MSU,1,1,0.9839664101600647
R_6HqGWGq61jTjHd7,MSU: Michigan State University,Q1_MSU,1,1,0.9643183350563049
R_1llz9UsQ2G7EDIV,MSU: Michigan State University,Q1_MSU,2,2,0.9362302422523499
R_5mXCflFxiH6u6Il,MSU: Michigan State University,Q1_MSU,1,1,0.9584199786186218
R_3402BnXsFFRY5Rn,Other university:,Q1_MSU,1,0,0.5389751195907593
R_3Q4bkAnLvTLe4j7,MSU: Michigan State University,Q1_MSU,0,1,0.9559903740882874
R_5l3YEbaX8okSrkZ,MSU: Michigan State University,Q1_MSU,1,1,0.8958262801170349
R_7jq9t33ETKSL0pw,,Q1_MSU,0,0,0.9780949950218201
R_1eayBidtUgHQ51Z,,Q1_MSU,1,1,0.8023248314857483
R_539PIMg9I0M4X4B,,Q1_MSU,1,1,0.9744091033935547
R_7m1WQoGQ0JM3UsC,,Q1_MSU,1,1,0.991661787033081
R_5Cg4aHvsuoC1AyM,MSU: Michigan State University,Q1_MSU,2,2,0.9913015961647034
R_1g5vFGo4S8whfJ5,MSU: Michigan State University,Q1_MSU,0,1,0.5069941282272339
R_32M6D3RZffqwXQL,,Q1_MSU,1,0,0.8634480237960815
R_5dHoJVCxHS6cQJa,MSU: Michigan State University,Q1_MSU,0,0,0.981134295463562
R_6e9RCcoEqadUo8Z,,Q1_MSU,1,1,0.9814514517784119
R_7KFRVFP4xZ5upBT,,Q1_MSU,0,0,0.9805529713630676
R_3zBikvBLvMZzDcl,MSU: Michigan State University,Q1_MSU,1,1,0.9765893816947937
R_7Li0OhRdbnmVldw,MSU: Michigan State University,Q1_MSU,1,1,0.9748905897140503
R_3ni7vrPjH1N54At,,Q1_MSU,1,1,0.9634295701980591
R_69rYiXd9yPXJY5W,MSU: Michigan State University,Q1_MSU,0,0,0.9817792773246765
R_67IIDiDUQcGwTlK,MSU: Michigan State University,Q1_MSU,1,1,0.9415056109428406
R_7OMUCs2SBuEjXOx,,Q1_MSU,2,2,0.9899858236312866
R_6tZSDtSYQcPHJTP,MSU: Michigan State University,Q1_MSU,0,0,0.9799372553825378
R_7gdx8nIpnCw2LZJ,,Q1_MSU,2,2,0.9910304546356201
R_6JDGMFSAbmkd8bm,MSU: Michigan State University,Q2_MSU,2,2,0.9939953684806824
R_3fUfPMhZ25y4EmO,MSU: Michigan State University,Q2_MSU,2,2,0.9961804151535034
R_31EZ04DJnQoOZtL,MSU: Michigan State University,Q2_MSU,2,1,0.6916159391403198
R_5ix7Dgdw8mZrPQI,MSU: Michigan State University,Q2_MSU,2,2,0.9964524507522583
R_32mgwK5dUNZrM0j,MSU: Michigan State University,Q2_MSU,2,1,0.7067447900772095
R_3dngdXgpwmPhiMS,MSU: Michigan State University,Q2_MSU,0,0,0.9963288903236389
R_3jD4tW9Chv7gXhT,MSU: Michigan State University,Q2_MSU,2,2,0.9943633079528809
R_1RfwXG8IoBY4TMl,MSU: Michigan State University,Q2_MSU,1,2,0.995969295501709
R_5IR6vKxuKJAy4fD,MSU: Michigan State University,Q2_MSU,2,2,0.995769739151001
R_5I3Osqs5pN4l07V,MSU: Michigan State University,Q2_MSU,2,2,0.9962722063064575
R_5g0aJNsaFAQ2RLC,MSU: Michigan State University,Q2_MSU,2,2,0.9951032400131226
R_5hwGMHHP7D8rSjn,MSU: Michigan State University,Q2_MSU,1,1,0.7512794137001038
R_7JXm2BmklIl3hCx,MSU: Michigan State University,Q2_MSU,2,2,0.9958509206771851
R_1L1lvju9xMhWvkG,MSU: Michigan State University,Q2_MSU,2,1,0.9907536506652832
R_5FIMRLiHHUApuSx,MSU: Michigan State University,Q2_MSU,0,0,0.9718785285949707
R_1Q02NTBQfiQPLLv,MSU: Michigan State University,Q2_MSU,0,0,0.9959425330162048
R_6WNDKhLb9PWVlRL,MSU: Michigan State University,Q2_MSU,0,1,0.8978468179702759
R_1dqVuAHFbt8V4Sl,MSU: Michigan State University,Q2_MSU,2,2,0.9960579872131348
R_63WEGB3zOE0d4J3,MSU: Michigan State University,Q2_MSU,2,2,0.9955424666404724
R_3ROqoKb3j8QKGHy,MSU: Michigan State University,Q2_MSU,2,2,0.994475781917572
R_138DnNPyoaLvhRv,MSU: Michigan State University,Q2_MSU,1,2,0.9947556257247925
R_51WVTjeJgxqdG1o,MSU: Michigan State University,Q2_MSU,2,1,0.9931445121765137
R_3gNJLgPZqP1c2Ir,MSU: Michigan State University,Q2_MSU,2,2,0.9961155652999878
R_7myFmUREgh644df,MSU: Michigan State University,Q2_MSU,2,2,0.990645170211792
R_1Qyf3YfJtu6Y0xF,MSU: Michigan State University,Q2_MSU,0,1,0.8753451108932495
R_58rNQxb05guKLxD,MSU: Michigan State University,Q2_MSU,1,1,0.9517176747322083
R_7DS1QopTVEWaVhx,MSU: Michigan State University,Q2_MSU,1,2,0.5364932417869568
R_5Ft9zoBys4rbZEa,MSU: Michigan State University,Q2_MSU,2,2,0.9963997602462769
R_62Er0fSuL5OF10T,MSU: Michigan State University,Q2_MSU,1,1,0.9917604923248291
R_6Cz9s5yLi9RzqJH,MSU: Michigan State University,Q2_MSU,2,1,0.9920889139175415
R_61n61LlfhRR3hy1,MSU: Michigan State University,Q2_MSU,1,1,0.9897065162658691
R_8HvIPDAOP6BWB32,MSU: Michigan State University,Q2_MSU,2,2,0.9961968660354614
R_5hSfSSuVue5T9yc,MSU: Michigan State University,Q2_MSU,1,2,0.9908281564712524
R_1eWOpDXuaM6KUlo,MSU: Michigan State University,Q2_MSU,2,2,0.995390772819519
R_1shuWylWVuEwuT6,MSU: Michigan State University,Q2_MSU,2,2,0.9934820532798767
R_7x1MtrKFx9k2dvb,MSU: Michigan State University,Q2_MSU,2,2,0.9962196946144104
R_7RWFGXn3kHsM8cu,MSU: Michigan State University,Q2_MSU,2,2,0.9938130378723145
R_7GIYsYK6Dq8bm9u,MSU: Michigan State University,Q2_MSU,2,1,0.9932234287261963
R_7QivyI5WNrDehxO,MSU: Michigan State University,Q2_MSU,2,2,0.9962509274482727
R_1krCUcWYo64vKhP,MSU: Michigan State University,Q2_MSU,2,2,0.9965566396713257
R_7LOwQ1e5V6SdaLB,MSU: Michigan State University,Q2_MSU,2,2,0.9927563071250916
R_3YycE1c75FadYRO,MSU: Michigan State University,Q2_MSU,0,0,0.9896621704101562
R_3YlCz5rS8Ip3hhr,MSU: Michigan State University,Q2_MSU,2,2,0.9950037598609924
R_5qOao6R8yga3vW1,MSU: Michigan State University,Q2_MSU,1,2,0.993417501449585
R_3Qb99pycyjfwsrx,MSU: Michigan State University,Q2_MSU,2,1,0.6894416809082031
R_1ysyccor5vPwM34,MSU: Michigan State University,Q2_MSU,1,2,0.996370792388916
R_5x2d0RqcIVzfhjr,MSU: Michigan State University,Q2_MSU,1,2,0.9928001165390015
R_51LtttmKtLzGEp3,MSU: Michigan State University,Q2_MSU,2,2,0.9944576025009155
R_1dmMtIVeYnxQQSt,MSU: Michigan State University,Q2_MSU,2,2,0.9962586164474487
R_54vMO6gnjYeJ2do,MSU: Michigan State University,Q2_MSU,1,1,0.9620583057403564
R_1MPYBKBVzfgugnH,MSU: Michigan State University,Q2_MSU,1,2,0.9950448274612427
R_5ROnCR00R1cZJdv,MSU: Michigan State University,Q2_MSU,1,2,0.9944138526916504
R_6cingnDc2T0Lyj2,MSU: Michigan State University,Q2_MSU,2,1,0.9349033236503601
R_18FCrN4fv70FAkh,MSU: Michigan State University,Q2_MSU,1,2,0.49810758233070374
R_6aggYSOHgudaggd,MSU: Michigan State University,Q2_MSU,1,2,0.9954410791397095
R_3wh4fXNyHCZOuFP,MSU: Michigan State University,Q2_MSU,2,2,0.9952641725540161
R_7lQPRqlon8cyF69,MSU: Michigan State University,Q2_MSU,0,0,0.9346935153007507
R_7bNS8tB9ewadUzS,MSU: Michigan State University,Q2_MSU,2,2,0.9962016940116882
R_7e3rA4NNPFKaOOY,MSU: Michigan State University,Q2_MSU,0,1,0.7716698050498962
R_5G1zSUSNcWMaWsM,MSU: Michigan State University,Q2_MSU,0,0,0.9806448817253113
R_7lzcJatgGkGDzeV,MSU: Michigan State University,Q2_MSU,1,1,0.668464720249176
R_6Bt9ozEwo7Nxvy1,MSU: Michigan State University,Q2_MSU,2,1,0.9903624653816223
R_71avrQtgFghNzdn,MSU: Michigan State University,Q2_MSU,2,2,0.8719537854194641
R_7oDP6VqxP9Xecgx,MSU: Michigan State University,Q2_MSU,1,2,0.978369414806366
R_3zezhApjRU8FEwV,MSU: Michigan State University,Q2_MSU,1,1,0.9773813486099243
R_5cjfgUUBwepPJpc,MSU: Michigan State University,Q2_MSU,1,2,0.977206826210022
R_6Yd2oQUSby0pGxP,MSU: Michigan State University,Q2_MSU,1,1,0.5134839415550232
R_1oT2BZomdhJ0ObQ,MSU: Michigan State University,Q2_MSU,2,2,0.9966199398040771
R_5oXSv7KAv1aXL5Y,MSU: Michigan State University,Q2_MSU,1,1,0.6237556338310242
R_5UYGakvF4Dz3rVF,MSU: Michigan State University,Q2_MSU,1,1,0.9575933814048767
R_1mDG9MlGKcCNYUV,MSU: Michigan State University,Q2_MSU,1,1,0.9796358346939087
R_7R3gaHDJXBfUNk9,MSU: Michigan State University,Q2_MSU,1,0,0.7734019756317139
R_7VO10yXIpg3hXkZ,MSU: Michigan State University,Q2_MSU,1,1,0.7694368362426758
R_3SkI3eYTsfAdzPP,MSU: Michigan State University,Q2_MSU,0,0,0.4025549590587616
R_5dL1Z2NnSPo7blP,MSU: Michigan State University,Q2_MSU,0,2,0.9693242907524109
R_8q31Rtx6VbAgo6t,MSU: Michigan State University,Q2_MSU,0,0,0.9862204790115356
R_37ztKLzI16YcmOZ,MSU: Michigan State University,Q2_MSU,0,0,0.9957038760185242
R_7mqhDEvsTeSVbMy,MSU: Michigan State University,Q2_MSU,2,2,0.9955371618270874
R_6WMtkbefIktybyk,MSU: Michigan State University,Q2_MSU,2,2,0.9951624274253845
R_5kFeI7sV6MJvyZT,MSU: Michigan State University,Q2_MSU,1,2,0.9932078719139099
R_1n9iZ055SRxGVSA,MSU: Michigan State University,Q2_MSU,2,0,0.9866515398025513
R_10tNqZwtrLY44O7,MSU: Michigan State University,Q2_MSU,2,2,0.994009256362915
R_5nUzlSZm3P4bR7Y,MSU: Michigan State University,Q2_MSU,1,2,0.9953118562698364
R_5NJ9VZw9U9lyD3k,MSU: Michigan State University,Q2_MSU,2,2,0.9942540526390076
R_7tbUeJbN819T7BH,MSU: Michigan State University,Q2_MSU,2,2,0.9960687160491943
R_5Sc7WcidVxdxQV4,UF: University of Florida,Q4_ALL,2,2,0.987963080406189
R_1VkaAi3FSeefSQj,UF: University of Florida,Q4_ALL,2,2,0.9904268980026245
R_5lW7F1zDaLvP5HB,UF: University of Florida,Q4_ALL,0,0,0.9962521195411682
R_5wAW5zhSI9ZO5Cu,UF: University of Florida,Q4_ALL,1,2,0.9906182885169983
R_1y30PzPBISyrX7i,UF: University of Florida,Q4_ALL,1,2,0.9893641471862793
R_6wMRIVQRArtXWvk,UF: University of Florida,Q4_ALL,2,2,0.9901096820831299
R_7NRfKgo36Arcylz,UF: University of Florida,Q4_ALL,2,2,0.9900134801864624
R_138th3Ce40TRBJY,UF: University of Florida,Q4_ALL,2,2,0.9909810423851013
R_7rqSo8tzZeC0fba,UF: University of Florida,Q4_ALL,0,2,0.9317919611930847
R_1dlJ9Wt3BWBXfHd,UF: University of Florida,Q4_ALL,1,2,0.9903596639633179
R_7CI8GSfrcWXm22W,UF: University of Florida,Q4_ALL,2,2,0.9914737939834595
R_2abiHkjgNrZi9Cp,UF: University of Florida,Q4_ALL,1,0,0.9962440729141235
R_7rHwAdLiCjjU1T7,UF: University of Florida,Q4_ALL,0,0,0.9962521195411682
R_6oplSmrv61yszVn,UF: University of Florida,Q4_ALL,0,0,0.9961826205253601
R_6CQxtOdd6WmlnEL,UF: University of Florida,Q4_ALL,0,0,0.9960768818855286
R_6Ei4xkIg59sRoKg,UF: University of Florida,Q4_ALL,0,0,0.9962359070777893
R_17eVAviwMLR1HZ3,UF: University of Florida,Q4_ALL,1,2,0.9903948903083801
R_5zjGuipnC0x1j0Z,UF: University of Florida,Q4_ALL,2,2,0.991460919380188
R_3JhidioczXyANCV,UF: University of Florida,Q4_ALL,2,2,0.9905403852462769
R_62sOS2eT2geNDKw,UF: University of Florida,Q4_ALL,1,2,0.9832512736320496
R_1hSYfJR1FpoFjqH,ISU: Iowa State University,Q4_ALL,1,2,0.9900312423706055
R_1fDxFRsubmvoKcS,MSU: Michigan State University,Q4_ALL,0,0,0.9961599111557007
R_1Kw7iggLXn5fFsf,MSU: Michigan State University,Q4_ALL,2,2,0.9896115064620972
R_5w68hXkYSf5fVRe,MSU: Michigan State University,Q4_ALL,0,0,0.9955430626869202
R_5Sq6EZsfxxIcz12,MSU: Michigan State University,Q4_ALL,0,0,0.9947649240493774
R_1VD8PrgpvwtUOD7,MSU: Michigan State University,Q4_ALL,0,0,0.9957450032234192
R_3Gqxlt6wO0VxfVd,MSU: Michigan State University,Q4_ALL,0,0,0.9953944683074951
R_5PoOPMxUfv9yQyC,MSU: Michigan State University,Q4_ALL,0,0,0.9955700039863586
R_1t523P7I35ML2hD,MSU: Michigan State University,Q4_ALL,0,0,0.996220052242279
R_5EiIRExQ1kyqPrk,MSU: Michigan State University,Q4_ALL,2,2,0.9901963472366333
R_5P5H5lz9SFCKUKx,MSU: Michigan State University,Q4_ALL,0,0,0.9930718541145325
R_3KuVPHtRKp2GdAE,MSU: Michigan State University,Q4_ALL,0,0,0.9960875511169434
R_2syOsFnC6Vipuut,MSU: Michigan State University,Q4_ALL,0,0,0.9946735501289368
R_3VxW1LpHLO96vc0,MSU: Michigan State University,Q4_ALL,0,0,0.9955775737762451
R_1mefenPVuBQR2cT,MSU: Michigan State University,Q4_ALL,0,2,0.9915156364440918
R_3cRPtcAtLXHcfrw,MSU: Michigan State University,Q4_ALL,0,0,0.9942880272865295
R_3KuvErbnFg5T6Lr,MSU: Michigan State University,Q4_ALL,0,2,0.9583262205123901
R_3QhKYD6gT48cfTE,MSU: Michigan State University,Q4_ALL,1,2,0.9884903430938721
R_7ZKTFh95nTKyrSk,MSU: Michigan State University,Q4_ALL,2,2,0.9723138809204102
R_7NIAb3AUpVrJ34u,MSU: Michigan State University,Q4_ALL,0,1,0.6563355922698975
R_3Pp8XtecBeq9cBN,MSU: Michigan State University,Q4_ALL,0,0,0.995563268661499
R_78TzGSEEr1T3H8U,ISU: Iowa State University,Q4_ALL,2,2,0.9332911968231201
R_1r9ssNGGMVT7Zii,ISU: Iowa State University,Q4_ALL,0,1,0.6336486339569092
R_3EiooPlrwIQuxy6,ISU: Iowa State University,Q4_ALL,0,0,0.995323121547699
R_6QCbTfnOZcaJLMZ,ISU: Iowa State University,Q4_ALL,0,2,0.9896593689918518
R_7ub5lj1dqyFvt3b,ISU: Iowa State University,Q4_ALL,0,0,0.9951371550559998
R_7dtQpyFpUYv86GH,ISU: Iowa State University,Q4_ALL,0,0,0.9959551095962524
R_6Nybqf8kCA1W3Tl,ISU: Iowa State University,Q4_ALL,0,0,0.9963265061378479
R_3uxnnx3hfoemMF9,ISU: Iowa State University,Q4_ALL,0,2,0.990186333656311
R_5PYpUmDYRayNl61,ISU: Iowa State University,Q6_ISU,2,2,0.9898584485054016
R_33Su9vhR0mOTfOh,ISU: Iowa State University,Q6_ISU,2,2,0.9920905828475952
R_3nSLOBTD2Or9sJk,ISU: Iowa State University,Q6_ISU,2,2,0.991925060749054
R_6od82oDyURxou9Y,ISU: Iowa State University,Q6_ISU,2,2,0.9917427897453308
R_1gwILDZtledHSGl,ISU: Iowa State University,Q6_ISU,2,2,0.9913422465324402
R_1b1xs56eswvzUB5,ISU: Iowa State University,Q6_ISU,0,1,0.8595386147499084
R_548kf8qQ5UeKNlO,ISU: Iowa State University,Q6_ISU,2,2,0.9895616173744202
R_62XWBk40ZgppBiD,ISU: Iowa State University,Q6_ISU,2,2,0.9918051958084106
R_1VCLxBgJkn2SZ8y,ISU: Iowa State University,Q6_ISU,2,2,0.9905898571014404
R_7Io8oP4Swd7A6U1,ISU: Iowa State University,Q6_ISU,0,0,0.9874603748321533
R_71hAviR0x3IE67u,ISU: Iowa State University,Q6_ISU,2,2,0.9913457632064819
R_66uEJFefjbdQbm1,ISU: Iowa State University,Q6_ISU,1,2,0.9864166975021362
R_6ydPdk5g4vs56G6,UF: University of Florida,Q4_UF,1,1,0.9663034677505493
R_3m2bBCYRRPbJ8w9,UF: University of Florida,Q4_UF,1,1,0.993876039981842
R_1FJYvwNgOfMbbuN,UF: University of Florida,Q4_UF,2,1,0.9932496547698975
R_1jjDR2YLRBhzK6W,UF: University of Florida,Q4_UF,0,0,0.9965733289718628
R_72AcckWwESOYblL,UF: University of Florida,Q4_UF,2,1,0.99410480260849
R_1eXkguvyEvJDqru,UF: University of Florida,Q4_UF,1,1,0.9924013614654541
R_5tSfqhWEvzRR5Lj,UF: University of Florida,Q4_UF,1,1,0.7721182107925415
R_6znzuEL3eXkwaNA,UF: University of Florida,Q4_UF,0,0,0.9964969754219055
R_7PDOoDAFPim5wVb,UF: University of Florida,Q4_UF,1,1,0.9844251871109009
R_5NJw0kY4lTZRd6J,UF: University of Florida,Q4_UF,0,0,0.9966868758201599
R_1CTuvwbpHiYWNoa,UF: University of Florida,Q4_UF,0,1,0.9941115975379944
R_5eZ4CXM3OJZwS6l,UF: University of Florida,Q4_UF,0,1,0.9480421543121338
R_7luC4e753yVcePv,UF: University of Florida,Q4_UF,1,1,0.9943302869796753
R_6urD4xTgJ4LDby9,UF: University of Florida,Q4_UF,1,1,0.9916653037071228
R_5LglKmHhbUZjyU1,UF: University of Florida,Q4_UF,0,0,0.9962425231933594
R_7wxKyfbNFheHn0d,Other university:,Q4_UF,0,0,0.9965116381645203
R_6nUCVNHwGh6HgyT,UF: University of Florida,Q4_UF,1,1,0.9929773211479187
R_7oT6mOHFkkUlmCX,UF: University of Florida,Q4_UF,1,0,0.9961860775947571
R_6P1WOpvRjYpdHmX,UF: University of Florida,Q4_UF,0,0,0.9959515333175659
R_35HiYdTcrkGde2o,UF: University of Florida,Q4_UF,1,1,0.9888473749160767
R_1njdZ4DQHBeRmZr,UF: University of Florida,Q4_UF,0,0,0.7846733927726746
R_7xMTwlTuYHEciat,UF: University of Florida,Q4_UF,1,1,0.9934054613113403
R_6Cpvl1U8CUfGJtU,UF: University of Florida,Q4_UF,0,0,0.9966267347335815
R_3w8uNYwsIjGtujD,UF: University of Florida,Q4_UF,1,1,0.9848501682281494
R_7g0n0bGevWxssaa,UF: University of Florida,Q4_UF,1,1,0.9908488988876343
R_1PMrZ0odqfY5c1d,UF: University of Florida,Q4_UF,1,1,0.9934335947036743
R_7lRD3hZuiNJMvmh,UF: University of Florida,Q4_UF,0,0,0.9945492148399353
R_7KxvrVWhTJRQhTR,UF: University of Florida,Q4_UF,0,0,0.9964279532432556
R_7rTtq3yCoBstyMK,UF: University of Florida,Q4_UF,1,1,0.993660032749176
R_3CJYWhaSKmxiHrw,UF: University of Florida,Q4_UF,1,1,0.9925402998924255
R_1i41ZAvDh5cnNrr,UF: University of Florida,Q4_UF,0,0,0.9964206218719482
R_30jFK17JrpjvgbY,UF: University of Florida,Q4_UF,1,1,0.9933080673217773
R_74b73OF38E4lJMB,UF: University of Florida,Q4_UF,1,1,0.9924263954162598
R_7rCCqAaYeoMrhys,UF: University of Florida,Q4_UF,1,1,0.9929332733154297
R_3XjtC1iba9ijDNw,UF: University of Florida,Q4_UF,1,1,0.9917690753936768
R_10DjuuOgBLUUKA1,UF: University of Florida,Q4_UF,1,1,0.9884677529335022
R_6idzJSWcU2cEf0l,UF: University of Florida,Q4_UF,0,0,0.9960545301437378
R_6OpFRUoioBwfObQ,UF: University of Florida,Q4_UF,0,0,0.9962716102600098
R_3flMfWpCrECNdVl,UF: University of Florida,Q4_UF,1,1,0.9919605851173401
R_3r0WiuvHBE1pG8f,UF: University of Florida,Q4_UF,0,0,0.9967982172966003
R_7rZNne5es08unAI,UF: University of Florida,Q4_UF,0,0,0.9966214895248413
R_6gRz58RVb0ltsuR,UF: University of Florida,Q4_UF,1,1,0.9872058629989624
R_3qjoczGG8VnyufT,UF: University of Florida,Q4_UF,0,0,0.9870544075965881
R_6PE92SlJMSAXN6N,UF: University of Florida,Q4_UF,1,1,0.9942302703857422
R_1kYNQauHBGJgdrx,UF: University of Florida,Q4_UF,1,1,0.9868842363357544
R_52WSLieADmxaQgT,Other university:,Q4_UF,0,0,0.986242949962616
R_6Qy7zxlXy7YmmLw,UF: University of Florida,Q4_UF,0,1,0.9890936613082886
R_7fa5LeNNl6lmm1D,UF: University of Florida,Q4_UF,0,1,0.9040319919586182
R_1cqWOGFJZsnLWil,UF: University of Florida,Q4_UF,1,1,0.9948543906211853
R_5LUWWDXHiex2kIs,UF: University of Florida,Q4_UF,1,1,0.9924817085266113
R_1Wn11rCWivxno0V,UF: University of Florida,Q4_UF,1,1,0.9938650727272034
R_6XbWFpho70SFtxa,UF: University of Florida,Q4_UF,0,0,0.996013879776001
R_3eIANwqH9DabFw5,UF: University of Florida,Q4_UF,1,1,0.862331748008728
R_1eJcx41mG80JQt3,UF: University of Florida,Q4_UF,1,1,0.9884880185127258
R_5jTGPnsxOJ2lNg2,UF: University of Florida,Q4_UF,0,0,0.9964002370834351
R_3Slb2liT6ZuZvf8,UF: University of Florida,Q4_UF,0,0,0.9900603294372559
R_1Vy8J4To76MINSp,UF: University of Florida,Q4_UF,1,1,0.9931528568267822
R_60TywvGQ1HYe6Rl,UF: University of Florida,Q4_UF,1,1,0.9821308255195618
R_5hOXV2RMzJuQfAZ,UF: University of Florida,Q4_UF,0,0,0.9964003562927246
R_7gT3KdkBDhPqHn2,UF: University of Florida,Q4_UF,1,1,0.993449866771698
R_7j4bIuIe6Tmv9qp,UF: University of Florida,Q4_UF,0,0,0.996516227722168
R_1anW3EzujyyPntR,UF: University of Florida,Q4_UF,1,1,0.9946218729019165
R_1nGICjeeOYOKHHj,UF: University of Florida,Q4_UF,1,1,0.9874427914619446
R_2AEDtXITFwDhsBS,UF: University of Florida,Q4_UF,0,0,0.9960414171218872
R_3QARhryOh37U2SA,UF: University of Florida,Q4_UF,1,1,0.9945927262306213
R_31acOu9xsj5JMzH,UF: University of Florida,Q4_UF,1,1,0.9942440390586853
R_1G0xY53SDinjSVc,UF: University of Florida,Q4_UF,0,0,0.9963345527648926
R_3FsnstQnSMtyV4s,UF: University of Florida,Q4_UF,0,0,0.9956902861595154
R_3mkPxTfC016iG8B,UF: University of Florida,Q4_UF,1,1,0.9914291501045227
R_1kgFDuDN5881paz,UF: University of Florida,Q4_UF,0,0,0.9964768290519714
R_3DJxLrVzgDLU2bf,UF: University of Florida,Q4_UF,1,1,0.9915687441825867
R_7C4jNP4Jv3MbNy9,UF: University of Florida,Q4_UF,1,1,0.9833633899688721
R_7ur7XHRlyT0AXM5,UF: University of Florida,Q4_UF,0,1,0.9904491305351257
R_6pSySxH5BzIb2ow,UF: University of Florida,Q4_UF,0,1,0.9878442287445068
R_7KDWDMeUnW0u4Hx,Other university:,Q4_UF,0,1,0.9928393363952637
R_6vZ0wJ3U3cEVxGN,UF: University of Florida,Q4_UF,1,0,0.5246747732162476
R_6EFT6DpSLhHZ00d,UF: University of Florida,Q4_UF,1,1,0.9945722222328186
R_1HcXxe24JBjeBvo,UF: University of Florida,Q4_UF,1,1,0.9937735199928284
R_6pVQkIBcBdxxCCt,UF: University of Florida,Q4_UF,1,1,0.9887387752532959
R_3Cx3L1DD9bjW7qs,UF: University of Florida,Q4_UF,1,1,0.9929311275482178
R_5SCYqoKEVohcwUa,UF: University of Florida,Q4_UF,1,1,0.9944100975990295
R_7xJGQxRviA8x6Bc,UF: University of Florida,Q4_UF,1,1,0.9925211071968079
R_1kFhgmfxp14f2cV,UF: University of Florida,Q4_UF,1,1,0.9797634482383728
R_13PNMLYykaBjQ9r,UF: University of Florida,Q4_UF,1,0,0.981601893901825
R_1n9hm2TiLDSGRSt,UF: University of Florida,Q4_ALL,0,0,0.9960662722587585
R_3eQ8eUIQPJvrOiR,UF: University of Florida,Q4_ALL,0,0,0.9630001783370972
R_3BWQywseoSlUGgC,UF: University of Florida,Q4_ALL,2,2,0.9914701581001282
R_1wMjBbFLrA0Gnmj,UF: University of Florida,Q4_ALL,2,2,0.9900948405265808
R_1fk4V5aT9KskIdB,UF: University of Florida,Q4_ALL,0,0,0.9961614608764648
R_6FPu5YzD5CtuHJR,UF: University of Florida,Q4_ALL,2,2,0.990481436252594
R_1OfxHYVMBIuYL16,UF: University of Florida,Q4_ALL,2,2,0.9915197491645813
R_57BClUyMcbVTMul,UF: University of Florida,Q4_ALL,2,2,0.9897913336753845
R_3zCLOyVIIkiMegZ,UF: University of Florida,Q4_ALL,0,0,0.7447133660316467
R_1ziQtGrVtzBj0OV,UF: University of Florida,Q4_ALL,1,2,0.9798879623413086
R_7l9pouek2YcKZON,UF: University of Florida,Q4_ALL,2,2,0.990142822265625
R_3YavVYuBQdSf6E1,UF: University of Florida,Q4_ALL,2,2,0.9909542202949524
R_3rsMIuGvtuWsSsN,UF: University of Florida,Q4_ALL,0,0,0.9935546517372131
R_6LG9PnMBKzqSPdk,UF: University of Florida,Q4_ALL,2,2,0.9913023710250854
R_52WY9O19lBiBWpB,UF: University of Florida,Q4_ALL,2,2,0.9914645552635193
R_1oSiIsqOpQMJcRP,UF: University of Florida,Q4_ALL,1,1,0.7218202352523804
R_5pupjLAtPWsRL5p,UF: University of Florida,Q4_ALL,2,2,0.9914324283599854
R_18UoxyQSiZmcUxa,UF: University of Florida,Q4_ALL,2,2,0.9716479778289795
R_5CBWPjWrfTk5LdQ,UF: University of Florida,Q4_ALL,2,2,0.9899020195007324
R_5NO0clWgYn7xs0a,UF: University of Florida,Q4_ALL,1,2,0.9897938966751099
R_7AI3QAkpym40rvz,UF: University of Florida,Q4_ALL,0,0,0.9958786964416504
R_7rKpZ7C61UY1JVn,UF: University of Florida,Q4_ALL,0,0,0.9963376522064209
R_6gi3ew5vhzjpZEB,UF: University of Florida,Q4_ALL,2,2,0.9904941916465759
R_5paCMaggz0sYhb3,UF: University of Florida,Q4_ALL,1,2,0.9892938137054443
R_6ePfXn4p5mYNXfr,UF: University of Florida,Q4_ALL,0,0,0.9962137341499329
R_7iqFUvQrRhsJIEt,UF: University of Florida,Q4_ALL,0,0,0.9958612322807312
R_60NGa7izmCJuTWY,UF: University of Florida,Q4_ALL,1,2,0.9268018007278442
R_72PUDfL0MdH5iYx,ISU: Iowa State University,Q4_ALL,0,0,0.9953065514564514
R_3sgNLnQZFkPGFI9,ISU: Iowa State University,Q4_ALL,0,0,0.995561957359314
R_5cpV6wKZ7dvNupW,ISU: Iowa State University,Q4_ALL,1,2,0.9904584884643555
R_7F9XN48EqpUkTWk,ISU: Iowa State University,Q4_ALL,0,2,0.9894452691078186
R_1YmPjrVRDr5xHML,"UCSB: University of California, Santa Barbara",Q4_ALL,0,2,0.9891481995582581
R_7jvKghKk29TrBp9,"UCSB: University of California, Santa Barbara",Q4_ALL,1,2,0.9897893071174622
R_1PLh5ueUszBzouD,"UCSB: University of California, Santa Barbara",Q4_ALL,1,0,0.9954877495765686
R_7rY4qm7yN3K5GZg,"UCSB: University of California, Santa Barbara",Q4_ALL,2,2,0.9907225370407104
R_1sTRx9Q7QkdU8O4,"UCSB: University of California, Santa Barbara",Q4_ALL,1,2,0.9890480637550354
R_55ydwSf7BG8EhZa,"UCSB: University of California, Santa Barbara",Q4_ALL,2,2,0.9916759729385376
R_77lkNlE6WS33L8d,"UCSB: University of California, Santa Barbara",Q4_ALL,1,2,0.9906948804855347
R_7NWHRmF42Sgzb1S,"UCSB: University of California, Santa Barbara",Q4_ALL,1,2,0.9118614196777344
R_1nZxb4U9RL8I1l5,"UCSB: University of California, Santa Barbara",Q4_ALL,2,2,0.9904776811599731
R_1McBjnwg7ahlPtH,"UCSB: University of California, Santa Barbara",Q4_ALL,1,2,0.797502338886261
R_7G2tSbDHU4cmKtD,MSU: Michigan State University,Q4_ALL,0,0,0.9942111372947693
R_3INqaB64CTI4BK6,MSU: Michigan State University,Q4_ALL,1,0,0.9955040812492371
R_62chwJC8vepv1zh,MSU: Michigan State University,Q4_ALL,0,0,0.9952406883239746
R_5RTSizdGBYZWQcp,MSU: Michigan State University,Q4_ALL,1,0,0.9935763478279114
R_3UYEYB6sqll4VR2,MSU: Michigan State University,Q4_ALL,2,0,0.7684391140937805
R_13rb0UZBCfl43Kh,MSU: Michigan State University,Q4_ALL,1,1,0.7950642108917236
R_1zKqpppmgCydqSt,MSU: Michigan State University,Q4_ALL,1,1,0.7656339406967163
R_62zXrbwGDlx3LHH,MSU: Michigan State University,Q4_ALL,0,2,0.9889257550239563
R_1B8ceQOOUD5mVgd,MSU: Michigan State University,Q4_ALL,0,0,0.9955329895019531
R_2wN6mowzZG4heJn,MSU: Michigan State University,Q1_MSU,2,1,0.9628458023071289
R_xls9F5vX3dG0pEJ,MSU: Michigan State University,Q1_MSU,0,0,0.9817789793014526
R_3Mum1K2hLpp2e7J,MSU: Michigan State University,Q1_MSU,1,1,0.9346418976783752
R_RlUhJOU5dCcKB6F,MSU: Michigan State University,Q1_MSU,0,0,0.9802901148796082
R_XNwFaAxEleMgLnP,MSU: Michigan State University,Q1_MSU,0,0,0.9829580187797546
R_zfgLVGV9qAZVxuN,MSU: Michigan State University,Q1_MSU,0,1,0.9183645248413086
R_41nImkUsbSaIhFf,Other university:,Q1_MSU,2,1,0.6603881120681763
R_1IAbzCFeKjaKmES,MSU: Michigan State University,Q1_MSU,2,1,0.9206861257553101
R_2VgqT15MGr6ZceV,MSU: Michigan State University,Q1_MSU,1,1,0.8978265523910522
R_2WDxuJnEcHAIxa5,MSU: Michigan State University,Q1_MSU,2,1,0.9747632741928101
R_AukmwHV3LOgMxPz,MSU: Michigan State University,Q1_MSU,1,1,0.5889824032783508
R_1IFYaAfaO7HgXGy,MSU: Michigan State University,Q1_MSU,1,1,0.9523260593414307
R_WAp3qSnJEwIL3jj,MSU: Michigan State University,Q1_MSU,2,1,0.9701768755912781
R_2qwmmIi2QJ6ac27,MSU: Michigan State University,Q1_MSU,1,0,0.9791111350059509
R_2w1C8HmOZyWVmcQ,MSU: Michigan State University,Q1_MSU,1,2,0.9924255609512329
R_2wN7ydqJSmDpQSS,MSU: Michigan State University,Q1_MSU,1,2,0.9834745526313782
R_1LTOBB7obycj85s,MSU: Michigan State University,Q1_MSU,2,2,0.9819816946983337
R_vrwjqc6R1HKp9N7,MSU: Michigan State University,Q1_MSU,0,0,0.9845110177993774
R_29ntWn1t9BetUOD,MSU: Michigan State University,Q1_MSU,1,0,0.9800570011138916
R_yPguPTBgoCxEZ69,MSU: Michigan State University,Q1_MSU,1,1,0.9842674136161804
R_1OrAyF09BsDFao5,MSU: Michigan State University,Q1_MSU,1,0,0.9793702960014343
R_2Y4j6zrjBV5Pez0,MSU: Michigan State University,Q1_MSU,0,0,0.9823774099349976
R_8vRtoHJGHG7Qy6R,MSU: Michigan State University,Q1_MSU,1,1,0.9747357368469238
R_1g55hJQ6RlzLfxt,MSU: Michigan State University,Q1_MSU,2,2,0.9883701801300049
R_3GwtZEiAA2FptKb,MSU: Michigan State University,Q1_MSU,1,0,0.9797611236572266
R_11iT3oGRuKcnZLp,MSU: Michigan State University,Q1_MSU,0,0,0.9803598523139954
R_2qaZMSiGytKJWGq,MSU: Michigan State University,Q1_MSU,2,2,0.9911934733390808
R_31t42Bf2Flx3OAz,MSU: Michigan State University,Q1_MSU,1,1,0.9223743081092834
R_50IJypRtNJY466R,MSU: Michigan State University,Q1_MSU,1,0,0.9821643829345703
R_2zZK3R2EAYDzwcB,MSU: Michigan State University,Q1_MSU,0,0,0.980455756187439
R_1IlL9WQKWjJqyRN,MSU: Michigan State University,Q1_MSU,2,1,0.9675068855285645
R_PY8b9raZgMaXKz7,MSU: Michigan State University,Q1_MSU,1,0,0.9815009832382202
R_29PTWUsHTK9CHkt,MSU: Michigan State University,Q1_MSU,0,0,0.9744045734405518
R_2zeeK1Zqd6vIz3M,MSU: Michigan State University,Q1_MSU,2,2,0.9914429783821106
R_2whuDGp7upB0mvN,MSU: Michigan State University,Q1_MSU,1,0,0.9814130067825317
R_3dS15TbKxnFYmVT,MSU: Michigan State University,Q1_MSU,1,2,0.6449944376945496
R_2Y9PMBmrw0L0Sw2,MSU: Michigan State University,Q1_MSU,1,0,0.9802497625350952
R_r1E5Xc0MjTWSW7n,MSU: Michigan State University,Q1_MSU,1,1,0.9646360278129578
R_1RjA69kNovNAkzD,MSU: Michigan State University,Q1_MSU,2,1,0.8321378827095032
R_cN27DPkNHBC56LL,MSU: Michigan State University,Q1_MSU,2,2,0.9906184077262878
R_2wAlpvjjmd8K0eS,MSU: Michigan State University,Q1_MSU,2,1,0.9753281474113464
R_6fhpRnLsB8wNdPX,MSU: Michigan State University,Q1_MSU,1,1,0.9633710980415344
R_22PxzIwpRwfrFtJ,MSU: Michigan State University,Q1_MSU,0,0,0.9832122921943665
R_XGKy5Z94UKaVVv3,MSU: Michigan State University,Q1_MSU,2,2,0.9830559492111206
R_1OTbLE4jl1nBDpc,MSU: Michigan State University,Q1_MSU,2,1,0.955829918384552
R_28IDxZt44Axf1Tw,MSU: Michigan State University,Q1_MSU,1,1,0.9740486145019531
R_8ppPRE9OhGGeHnj,MSU: Michigan State University,Q1_MSU,1,1,0.9779980182647705
R_sjaZgbToUMFHrod,MSU: Michigan State University,Q1_MSU,0,0,0.9803733825683594
R_1igmCniK7aDHt8m,MSU: Michigan State University,Q1_MSU,0,0,0.9834237098693848
R_Xw9MBdAZhCsv8U9,MSU: Michigan State University,Q1_MSU,0,0,0.96989506483078
R_1LbM8b0DfIe2G6s,MSU: Michigan State University,Q1_MSU,1,1,0.9734054803848267
R_1K0y5gWZIB3JxDh,MSU: Michigan State University,Q1_MSU,2,1,0.8001721501350403
R_7QG0acT6uXxrP9L,MSU: Michigan State University,Q1_MSU,1,0,0.7990072965621948
R_3plRBhu2ghjYrP3,MSU: Michigan State University,Q1_MSU,0,0,0.9801331758499146
R_eRu7eQ8GMqvypz3,MSU: Michigan State University,Q1_MSU,1,0,0.9807009696960449
R_T6MBSpviCVMOyFX,MSU: Michigan State University,Q1_MSU,0,0,0.9820215702056885
R_33EIY6LRSaJHlNQ,MSU: Michigan State University,Q1_MSU,0,0,0.9793497920036316
R_1IZ9Ja7Aufl2a3e,MSU: Michigan State University,Q1_MSU,0,0,0.981844425201416
R_3MDnChi737RGbzk,MSU: Michigan State University,Q1_MSU,1,1,0.9716271162033081
R_269Lb9kCrqD0AWY,MSU: Michigan State University,Q1_MSU,1,2,0.9834743142127991
R_29sTa52gLAebJlB,MSU: Michigan State University,Q1_MSU,2,2,0.9908531308174133
R_2ZPsxd5X013XMws,MSU: Michigan State University,Q1_MSU,2,1,0.9643184542655945
R_3enoAPZoupjTrVO,MSU: Michigan State University,Q1_MSU,0,0,0.9787557125091553
R_2XpnbrNHXhg2CUZ,MSU: Michigan State University,Q1_MSU,1,1,0.972412645816803
R_3Wzh8PmxDQxJovT,MSU: Michigan State University,Q1_MSU,1,0,0.9832174777984619
R_1MKTTn4moTa6MSp,MSU: Michigan State University,Q1_MSU,0,0,0.9828306436538696
R_1Ih0tc47jXDJDHb,MSU: Michigan State University,Q1_MSU,2,2,0.9907896518707275
R_XYA3El8nvg79uj7,MSU: Michigan State University,Q1_MSU,1,0,0.9805697202682495
R_9pIMogSmMCiXy5X,MSU: Michigan State University,Q1_MSU,1,1,0.9115262031555176
R_2WZleVz6a5DIA4C,MSU: Michigan State University,Q1_MSU,2,1,0.9551115036010742
R_3I4w9rAEwgIjxiY,MSU: Michigan State University,Q1_MSU,2,0,0.9803880453109741
R_qwO0RVBf9Tp0RWN,MSU: Michigan State University,Q1_MSU,2,2,0.9920117259025574
R_3G6uh46Iydp7vuy,MSU: Michigan State University,Q1_MSU,0,0,0.9815162420272827
R_1Nk9ixMjVqxeXU2,MSU: Michigan State University,Q1_MSU,2,1,0.9518726468086243
R_1QmdvMRoIm0TjBn,MSU: Michigan State University,Q1_MSU,1,1,0.9813845157623291
R_1QiM7hB2jSuymbn,MSU: Michigan State University,Q1_MSU,1,0,0.983403742313385
R_1F5tjJyIZCmrk6t,MSU: Michigan State University,Q1_MSU,1,0,0.9811066389083862
R_ZkonjznfZJGgpod,MSU: Michigan State University,Q1_MSU,2,1,0.9435960054397583
R_Uin7fHiL3TxgNbz,MSU: Michigan State University,Q1_MSU,1,1,0.8451780676841736
R_12upxVjIfS4G55q,MSU: Michigan State University,Q1_MSU,2,1,0.9708191156387329
R_3MF027YTNrvJazc,MSU: Michigan State University,Q1_MSU,1,2,0.9922425746917725
R_3oZ31VLufaxEX7A,MSU: Michigan State University,Q1_MSU,0,0,0.9730927348136902
R_3ewqESeQXPpuzRj,MSU: Michigan State University,Q1_MSU,2,1,0.9674670696258545
R_1rlB4oXcQZaXgOY,MSU: Michigan State University,Q1_MSU,2,1,0.9628217816352844
R_ThKlAPv27pubgl3,MSU: Michigan State University,Q1_MSU,1,2,0.9194883704185486
R_3NxlVZM157vd5Ra,MSU: Michigan State University,Q1_MSU,0,0,0.982312023639679
R_2VqNDjI7kwElCK6,MSU: Michigan State University,Q1_MSU,1,2,0.6073735356330872
R_10PCeM3bcUOGwQS,MSU: Michigan State University,Q1_MSU,1,1,0.7805245518684387
R_33svHYtA86jo60W,MSU: Michigan State University,Q1_MSU,2,1,0.9705905914306641
R_2aJ3n58HyLUJvJl,MSU: Michigan State University,Q1_MSU,2,1,0.9690583348274231
R_3NI2D3almz0W2Sd,MSU: Michigan State University,Q1_MSU,2,1,0.9729711413383484
R_AbMq6ua4jN2e60p,MSU: Michigan State University,Q1_MSU,1,0,0.9790446162223816
R_2Et7BI3azjhgZxf,MSU: Michigan State University,Q1_MSU,1,0,0.9814409017562866
R_1FyVhd0wKwONmaC,MSU: Michigan State University,Q1_MSU,0,0,0.9810444712638855
R_3dRjj8bOvMYwP0x,MSU: Michigan State University,Q1_MSU,1,2,0.9913369417190552
R_Dw7sTL1rqUZbOWR,MSU: Michigan State University,Q1_MSU,0,0,0.9817413687705994
R_9ERa5Si65ggTpzr,MSU: Michigan State University,Q1_MSU,1,1,0.8177084922790527
R_1IGjAog7cn99lri,MSU: Michigan State University,Q1_MSU,2,1,0.978646993637085
R_2tygxTeyqZjO3lS,MSU: Michigan State University,Q1_MSU,1,1,0.8692617416381836
R_pN399gbn5bAqged,MSU: Michigan State University,Q1_MSU,2,2,0.9911832809448242
R_3iU7TQUAB1NHeVr,MSU: Michigan State University,Q1_MSU,2,1,0.9582952260971069
R_1LbC2oRNEQ1BF9L,MSU: Michigan State University,Q1_MSU,2,1,0.9578974843025208
R_abH5vzrWA1pF49r,MSU: Michigan State University,Q1_MSU,2,1,0.9770211577415466
R_zYwIflLAw10CQ8h,,Q1_MSU,2,1,0.9595314860343933
R_3DbvCgmHv8gSIFT,MSU: Michigan State University,Q1_MSU,2,1,0.9747519493103027
R_1nW0thp3SfUjq7O,,Q1_MSU,1,1,0.5869135856628418
R_1LNLxrGpriTX2im,MSU: Michigan State University,Q1_MSU,2,2,0.9910447597503662
R_1C8a67vAuW8O8dN,,Q1_MSU,2,1,0.9873818755149841
R_2pQzvG3XofNaaUz,MSU: Michigan State University,Q1_MSU,1,1,0.6144387722015381
R_3oC3w6Ly0TFgm7q,,Q1_MSU,0,0,0.9835380911827087
R_29mEOnMJifyx0bf,,Q1_MSU,0,0,0.98116135597229
R_24eXEUuyYJ87rrG,MSU: Michigan State University,Q1_MSU,1,0,0.9810537695884705
R_25GcfRTCZCOm7t0,,Q1_MSU,1,1,0.9806416630744934
R_Zn6H4gY51KQsQdH,,Q1_MSU,2,1,0.9496787190437317
R_2th8Tb1qUZNw5gO,,Q1_MSU,1,1,0.9790725111961365
R_3kgZg6dI452Dehp,,Q1_MSU,0,0,0.9840844869613647
R_28TeWtKswiZJYfu,,Q1_MSU,2,1,0.9741268754005432
R_2uTJSD6VDtmfDT7,MSU: Michigan State University,Q1_MSU,2,1,0.9683523774147034
R_3kmI3PNgsK4inTO,,Q1_MSU,0,0,0.9815495610237122
R_6YhbxBTcCEtsG9X,ISU: Iowa State University,Q1_ISU,2,2,0.9891932606697083
R_50SlQNaHHOpXoG4,ISU: Iowa State University,Q1_ISU,1,1,0.9923962950706482
R_63OAgsewew6cDGV,ISU: Iowa State University,Q1_ISU,1,1,0.990646243095398
R_1nffHhuxWeDh7dn,ISU: Iowa State University,Q1_ISU,2,2,0.9822522401809692
R_71iPXsUXBuyL8mj,ISU: Iowa State University,Q1_ISU,2,2,0.9666673541069031
R_5DOe5TkWSncP5TG,ISU: Iowa State University,Q1_ISU,1,1,0.9908154010772705
R_1nCM1MaAtQ17TFv,ISU: Iowa State University,Q1_ISU,1,2,0.9823917746543884
R_1cO5hApluPuZteh,ISU: Iowa State University,Q1_ISU,0,1,0.9908580183982849
R_12xU0jnFJHdtach,ISU: Iowa State University,Q1_ISU,2,2,0.9850237369537354
R_6oQYw13WZX4eqml,ISU: Iowa State University,Q1_ISU,2,2,0.9855964779853821
R_6d4TicFGLxTZe2O,ISU: Iowa State University,Q1_ISU,1,1,0.9906533360481262
R_5rRI9fVOvUiMH61,ISU: Iowa State University,Q1_ISU,0,1,0.9906708002090454
R_1dxYdvDGGAuluQV,ISU: Iowa State University,Q1_ISU,1,1,0.9924323558807373
R_11ZVUpIhxWJj4Mp,ISU: Iowa State University,Q1_ISU,1,1,0.9919089674949646
R_3Ebe02lVs7ybYGT,ISU: Iowa State University,Q1_ISU,1,2,0.9862818121910095
R_6YETTy9BbybSaB0,ISU: Iowa State University,Q1_ISU,2,2,0.9884169697761536
R_5HOzK81QMyrFikV,ISU: Iowa State University,Q1_ISU,1,1,0.9921014904975891
R_3EFZ3Uhm01KKs4R,ISU: Iowa State University,Q1_ISU,1,1,0.9929026961326599
R_1dAMSbaO5nGpNCw,ISU: Iowa State University,Q1_ISU,1,1,0.992451012134552
R_7uGjVY3mDTF2N9L,ISU: Iowa State University,Q1_ISU,0,2,0.9688310623168945
R_56mvwl0oTATh18I,ISU: Iowa State University,Q1_ISU,1,1,0.9922075867652893
R_5KlLU0wc1QD9epi,ISU: Iowa State University,Q1_ISU,2,2,0.9877074360847473
R_1ps4ijvmKLlegTB,ISU: Iowa State University,Q1_ISU,1,2,0.9828692078590393
R_7IpVDf0pFv5R8fT,ISU: Iowa State University,Q1_ISU,0,1,0.9906272888183594
R_1p4EdzQnmAbIin1,ISU: Iowa State University,Q1_ISU,2,2,0.9831085801124573
R_1iI4ZCorRDbPmdA,ISU: Iowa State University,Q1_ISU,0,1,0.9914559721946716
R_636YhBEiDGbqM5H,UF: University of Florida,Q1_UF,0,1,0.8046212196350098
R_6hGR6uNGDSZwxAr,UF: University of Florida,Q1_UF,1,1,0.7944627404212952
R_62IWCEAZnyR705H,UF: University of Florida,Q1_UF,0,0,0.918128252029419
R_3kv17DyfHIgRYtF,UF: University of Florida,Q1_UF,0,1,0.6897504329681396
R_160hCwwsijmHpkt,UF: University of Florida,Q1_UF,0,0,0.9945992231369019
R_5QYQyh4jF71hykc,UF: University of Florida,Q1_UF,0,1,0.779149055480957
R_3DCLVA1ECEmNma2,UF: University of Florida,Q1_UF,1,0,0.9900953769683838
R_6IaWR3NvRQAz4a9,UF: University of Florida,Q1_UF,0,2,0.4472035765647888
R_6V1q5B32ZGaL0q5,UF: University of Florida,Q1_UF,0,0,0.9791620969772339
R_7CN95cBkmwKLGxl,UF: University of Florida,Q1_UF,0,0,0.9890059232711792
R_342LxyOwMX0Dlfz,UF: University of Florida,Q1_UF,1,2,0.9101162552833557
R_3rHDSmpBALgVF5G,UF: University of Florida,Q1_UF,1,1,0.575650155544281
R_7kNWTppU6f3Ukh4,UF: University of Florida,Q1_UF,0,0,0.9913832545280457
R_5NmszRi1UoV9rEO,UF: University of Florida,Q1_UF,0,0,0.9920207858085632
R_3KJxdQKg3tN3sFb,UF: University of Florida,Q1_UF,0,0,0.9910855889320374
R_5GRpABgIbhi7LC9,UF: University of Florida,Q1_UF,0,0,0.9915767908096313
R_3O4s4IsCpqZXFZv,UF: University of Florida,Q1_UF,1,1,0.7667266726493835
R_1iPEF16hgncEO70,UF: University of Florida,Q1_UF,0,1,0.8730789422988892
R_3bUGDxX3qDoWgKk,UF: University of Florida,Q1_UF,0,1,0.855379045009613
R_7oNiQ8qFLGamBCk,UF: University of Florida,Q1_UF,1,2,0.9690960645675659
R_7Mwi0Re5TdlKZoZ,UF: University of Florida,Q1_UF,0,0,0.9904865622520447
R_5CJyUHRU9tErzvH,UF: University of Florida,Q1_UF,1,1,0.77806556224823
R_63s8SIFJQKna1WT,UF: University of Florida,Q1_UF,0,0,0.992954671382904
R_1m478MbWuaiivwa,UF: University of Florida,Q1_UF,0,0,0.9912269711494446
R_6QhAtH4MLbwOG61,UF: University of Florida,Q1_UF,0,0,0.9941656589508057
R_6lEo0x224UTUFK9,UF: University of Florida,Q1_UF,0,0,0.9925933480262756
R_1DnggKL9BQuiyqt,UF: University of Florida,Q1_UF,1,2,0.9839888215065002
R_1t2MQBJp4Fp7xcb,UF: University of Florida,Q1_UF,2,1,0.917030394077301
R_1FnC1VutDcHA24N,UF: University of Florida,Q1_UF,0,0,0.9005010724067688
R_1dfZ29ui7Zj1Fl8,UF: University of Florida,Q1_UF,0,1,0.7302216291427612
R_1AGakOZ0x0yAxvv,UF: University of Florida,Q1_UF,0,0,0.9935277104377747
R_3AGvSeQg1p94V9l,UF: University of Florida,Q1_UF,0,0,0.9871495366096497
R_6dmAv9lp9FyO5nY,UF: University of Florida,Q1_UF,0,0,0.9569461345672607
R_6aFumJ8Enopwic1,UF: University of Florida,Q1_UF,0,0,0.993806004524231
R_6qDWvT3ii9b6fcD,UF: University of Florida,Q1_UF,0,0,0.9916478395462036
R_531REq95FhDwn6O,UF: University of Florida,Q1_UF,1,1,0.9183298349380493
R_6OE7OIl2sFKJdNs,UF: University of Florida,Q1_UF,0,2,0.7520272731781006
R_1qgB3y0S1QHCz78,UF: University of Florida,Q1_UF,0,0,0.7005194425582886
R_5ZkOa772yi7t7zz,UF: University of Florida,Q1_UF,1,0,0.9293604493141174
R_5VxVptwuH9mXIVO,UF: University of Florida,Q1_UF,0,2,0.976141631603241
R_7RwirSjrcMyLAZo,UF: University of Florida,Q1_UF,0,0,0.9913290739059448
R_7J9OeKN7idxEvsi,UF: University of Florida,Q1_UF,0,0,0.9937809109687805
R_60dUorgi2r1e7jg,UF: University of Florida,Q1_UF,1,0,0.9909279942512512
R_1rPsOF2KQk8TJuc,UF: University of Florida,Q1_UF,0,0,0.8846231698989868
R_3h9qLkrjcyQV6x2,UF: University of Florida,Q1_UF,0,1,0.9809829592704773
R_3BkrbaM7zjjess9,UF: University of Florida,Q1_UF,0,0,0.9913290739059448
R_31B18BRC78DilSY,UF: University of Florida,Q1_UF,2,1,0.9662696123123169
R_74kpKpdADRaiihG,UF: University of Florida,Q1_UF,0,0,0.9878135919570923
R_5j0V7RMjG53rnQR,UF: University of Florida,Q1_UF,0,0,0.994489312171936
R_3eyouToC3XkRQ2V,UF: University of Florida,Q1_UF,1,1,0.7522263526916504
R_6oG7WQeP45pjbSb,UF: University of Florida,Q1_UF,0,0,0.991413950920105
R_7enytx4QBFdS3nr,UF: University of Florida,Q1_UF,0,0,0.8287744522094727
R_7Alk9xEXggdijip,UF: University of Florida,Q1_UF,0,0,0.768669605255127
R_3qkPOaqWxFkMLIo,UF: University of Florida,Q1_UF,0,0,0.9899584650993347
R_3D5C2RNZin2GgJl,UF: University of Florida,Q1_UF,0,2,0.9575386047363281
R_1ekKG7whes2mrrb,UF: University of Florida,Q1_UF,0,0,0.9854889512062073
R_723UIqeNz0TIemt,UF: University of Florida,Q1_UF,0,0,0.9895658493041992
R_7PtQPVcaYrGkEuH,UF: University of Florida,Q1_UF,0,0,0.9933527708053589
R_2uNYnb1Bc2OHft2,UF: University of Florida,Q1_UF,1,2,0.9792076945304871
R_5ilOdUytgeoI825,UF: University of Florida,Q1_UF,1,2,0.730494499206543
R_5sn8JvCUzWXLaQu,UF: University of Florida,Q1_UF,0,1,0.9600045680999756
R_18LVwisGRLWjweR,UF: University of Florida,Q1_UF,0,1,0.9863852858543396
R_7KRB7lCn2ouFx5L,UF: University of Florida,Q1_UF,1,2,0.9902322292327881
R_7t37vm9YLN9ZLoS,UF: University of Florida,Q1_UF,0,0,0.8016623854637146
R_7FKDiNbhdeDraNh,UF: University of Florida,Q1_UF,0,0,0.9944673776626587
R_1Fqkqc2yDyIET2V,ISU: Iowa State University,Q6_ISU,2,2,0.9888901710510254
R_3mh3M0KySPBLQnQ,ISU: Iowa State University,Q6_ISU,0,0,0.9855742454528809
R_1CVmDIG3iS6vXPA,ISU: Iowa State University,Q6_ISU,2,2,0.9638606309890747
R_69nWVZUYdKQ43oH,ISU: Iowa State University,Q6_ISU,1,2,0.9914071559906006
R_6prA2VRrJghe0BX,ISU: Iowa State University,Q6_ISU,2,2,0.9919691681861877
R_7pR4y7KabIKNoDk,ISU: Iowa State University,Q6_ISU,2,2,0.9910406470298767
R_52256p43h3NslzP,ISU: Iowa State University,Q6_ISU,1,0,0.8120821714401245
R_3wNP9ZdOMH2f6E2,ISU: Iowa State University,Q6_ISU,2,2,0.9842533469200134
R_3kqXw2uhrubVuE1,ISU: Iowa State University,Q6_ISU,2,2,0.9916043877601624
R_7PoP0Z8uOQNx3zW,ISU: Iowa State University,Q6_ISU,2,2,0.9913333058357239
R_62YpOxcPLag0Uc0,ISU: Iowa State University,Q6_ISU,1,2,0.9913282990455627
R_1s6zyGGxSvJrVdO,ISU: Iowa State University,Q6_ISU,2,2,0.9917215704917908
R_52rAfxfgNoVeNe9,ISU: Iowa State University,Q6_ISU,2,2,0.9894986152648926
R_7rTQctawAkEuglw,ISU: Iowa State University,Q6_ISU,2,2,0.9888901710510254
R_7Ehg63O79xBb10j,ISU: Iowa State University,Q6_ISU,0,0,0.9868535995483398
R_5xEqZ3GaAnxpfBl,MSU: Michigan State University,Q3_ALL,0,0,0.9932873845100403
R_6ndxE7Msqqe2RAb,MSU: Michigan State University,Q3_ALL,0,1,0.9787952303886414
R_59sitB0lfvbkTPq,MSU: Michigan State University,Q3_ALL,1,1,0.9919004440307617
R_1D5ykGsjLM2zPoK,MSU: Michigan State University,Q3_ALL,1,0,0.9891901016235352
R_7L07kvdDUKGKu0T,MSU: Michigan State University,Q3_ALL,0,1,0.9894421100616455
R_7C3i7zkSjslMGqU,MSU: Michigan State University,Q3_ALL,0,0,0.9610823392868042
R_65o5jbHfmOSs5Gh,MSU: Michigan State University,Q3_ALL,1,1,0.9817891716957092
R_1aahIVwj0WRCdZj,MSU: Michigan State University,Q3_ALL,0,0,0.986552894115448
R_31pnpcAaM1x0eKp,MSU: Michigan State University,Q3_ALL,1,0,0.9247946739196777
R_1xKKVjOvxfOZaQG,MSU: Michigan State University,Q3_ALL,1,1,0.9926873445510864
R_5jJI8XrshZvZqn5,MSU: Michigan State University,Q3_ALL,1,1,0.992176353931427
R_5cHvMoBk4OCT4S5,MSU: Michigan State University,Q3_ALL,1,0,0.9753702282905579
R_6gNoxqardlH7Sj8,MSU: Michigan State University,Q3_ALL,0,0,0.9274370670318604
R_6jN80wZeBYgovYe,MSU: Michigan State University,Q3_ALL,0,0,0.8023856282234192
R_59kWAd9JwwJBQaJ,MSU: Michigan State University,Q3_ALL,0,0,0.9930579662322998
R_710zDNzz7JN9akF,MSU: Michigan State University,Q3_ALL,1,1,0.9598272442817688
R_3HUOGEyIBBuEBJT,MSU: Michigan State University,Q3_ALL,0,0,0.9596024751663208
R_6VDUng2ENjpLLNl,MSU: Michigan State University,Q3_ALL,1,1,0.9922375082969666
R_3NylhurQUL3JmSh,MSU: Michigan State University,Q3_ALL,0,0,0.9919044375419617
R_3KUPyKRx5N3X2vf,MSU: Michigan State University,Q3_ALL,1,1,0.9913080334663391
R_5krhJbEMCIiMGhH,MSU: Michigan State University,Q3_ALL,0,0,0.9517080783843994
R_5qE0Q7UgYvs77ua,UF: University of Florida,Q3_ALL,1,1,0.9920350909233093
R_1P5dWG4QNoEBaGC,MSU: Michigan State University,Q3_ALL,1,0,0.6888914108276367
R_6tKk9F3oQC4avFd,MSU: Michigan State University,Q3_ALL,0,1,0.5923272371292114
R_74u9IX99crNm8bj,MSU: Michigan State University,Q3_ALL,1,1,0.9910715222358704
R_30GjRdB4GB82Wyt,MSU: Michigan State University,Q3_ALL,0,0,0.9859100580215454
R_7IsWd9V3L79rNtM,MSU: Michigan State University,Q3_ALL,0,0,0.7790689468383789
R_79nx23ouy8cpQSO,MSU: Michigan State University,Q3_ALL,2,1,0.9886915683746338
R_5H5FW4LsGnRFjlF,MSU: Michigan State University,Q3_ALL,0,0,0.9913984537124634
R_6nlhrpn1ggn85UZ,MSU: Michigan State University,Q3_ALL,0,0,0.9933450222015381
R_15tgliPnM4gHAoY,MSU: Michigan State University,Q3_ALL,0,0,0.9931246638298035
R_7z03pH0BIQHN8yd,MSU: Michigan State University,Q3_ALL,0,0,0.982595682144165
R_3L3AEMj11nwHSOl,MSU: Michigan State University,Q3_ALL,1,1,0.9716690182685852
R_7nCcHiHD0d4AlcN,MSU: Michigan State University,Q3_ALL,0,0,0.9217497706413269
R_6LniLKih2pVcbSB,MSU: Michigan State University,Q3_ALL,0,0,0.9913603663444519
R_51iZ0Le1Z0L87TQ,PSU: Penn State University,Q3_ALL,1,1,0.985186755657196
R_1Ei4vJjelpmHzZB,MSU: Michigan State University,Q3_ALL,1,0,0.8444767594337463
R_1VoVxmJJVJM0qxb,MSU: Michigan State University,Q3_ALL,0,1,0.9837967753410339
R_7xsVvGAutLTSPzH,MSU: Michigan State University,Q3_ALL,1,1,0.9901584982872009
R_71NUrVOfmKPNytg,MSU: Michigan State University,Q3_ALL,0,1,0.9435963034629822
R_7outVbSMMYT7lut,MSU: Michigan State University,Q3_ALL,1,0,0.991353452205658
R_3m9SnNLPSdyThF8,MSU: Michigan State University,Q3_ALL,1,0,0.9915521144866943
R_7GfByeqO6EQHvG2,MSU: Michigan State University,Q3_ALL,1,1,0.931429922580719
R_19Mv64JQhEMtsQN,MSU: Michigan State University,Q3_ALL,0,0,0.8545123934745789
R_7noWAEQbkldvo0b,MSU: Michigan State University,Q3_ALL,0,0,0.9910552501678467
R_37HWJz5iqvFkzyV,MSU: Michigan State University,Q3_ALL,0,1,0.9704663157463074
R_6kzGQcGpzJgH0dE,MSU: Michigan State University,Q3_ALL,1,0,0.8063288331031799
R_3xXLT9ZH0HIugdU,MSU: Michigan State University,Q3_ALL,1,1,0.7168509364128113
R_6rTD2OyU4PLjq93,MSU: Michigan State University,Q3_ALL,1,1,0.9922288060188293
R_5nP05M0FqRxSDvI,MSU: Michigan State University,Q3_ALL,1,0,0.6219563484191895
R_1dih85jhhenkgoy,MSU: Michigan State University,Q3_ALL,1,0,0.7087005972862244
R_3VJg5YdO3JrxqMG,MSU: Michigan State University,Q3_ALL,0,0,0.987768828868866
R_71mwRAtx11QESAR,MSU: Michigan State University,Q3_ALL,0,1,0.9914999604225159
R_54YqlfnyBkqEusN,MSU: Michigan State University,Q3_ALL,0,0,0.8938672542572021
R_73bH1Zf9Y3SE5y1,MSU: Michigan State University,Q3_ALL,0,0,0.9865801930427551
R_7nrpunqmNHom2ZN,MSU: Michigan State University,Q3_ALL,0,0,0.9884976148605347
R_70TcxXedsoKJkLT,MSU: Michigan State University,Q3_ALL,1,1,0.9909109473228455
R_5QQX6rIy9DFEagF,MSU: Michigan State University,Q3_ALL,0,1,0.5362160801887512
R_1uV5vzgun13TmY2,MSU: Michigan State University,Q3_ALL,1,1,0.6653537154197693
R_6AHybb8XSCJJrbz,MSU: Michigan State University,Q3_ALL,1,0,0.7683136463165283
R_1EAWJJiT93y2Frq,MSU: Michigan State University,Q3_ALL,1,0,0.9804480671882629
R_3wda0E40quBfMvE,MSU: Michigan State University,Q3_ALL,0,0,0.9927732348442078
R_3AMtqyEuPXdX7xs,MSU: Michigan State University,Q3_ALL,0,0,0.9901894927024841
R_5pzjEpsRPXjR9sG,MSU: Michigan State University,Q3_ALL,1,0,0.5983547568321228
R_78TWR7CqeVgaqSj,MSU: Michigan State University,Q3_ALL,1,1,0.9921466708183289
R_6W03wtTJOZRHL21,MSU: Michigan State University,Q3_ALL,1,1,0.992416262626648
R_6n5Tnrqpw7IR2Ul,MSU: Michigan State University,Q3_ALL,1,1,0.9898691177368164
R_3FPTcHeX4pjEPji,Other university:,Q3_ALL,0,1,0.9416605830192566
R_7DnFcu3yGm6yBre,MSU: Michigan State University,Q3_ALL,0,0,0.9908808469772339
R_3OGUn3HcE7A0v2V,MSU: Michigan State University,Q3_ALL,0,0,0.9913089275360107
R_5P0FkHMXle1DBp4,MSU: Michigan State University,Q3_ALL,1,0,0.8917203545570374
R_5TSL1XRYUMIcUIy,MSU: Michigan State University,Q3_ALL,0,0,0.7403213977813721
R_32LUezXhxtcXTOH,MSU: Michigan State University,Q3_ALL,0,0,0.9879204034805298
R_6jffragraj0lMM5,MSU: Michigan State University,Q3_ALL,0,0,0.7655900120735168
R_3ZCiLsjERvdkDXr,MSU: Michigan State University,Q3_ALL,1,1,0.9904206991195679
R_5Oa25rpCivqM8Mh,MSU: Michigan State University,Q3_ALL,0,0,0.937522292137146
R_5htqGReAWRF4OI0,MSU: Michigan State University,Q3_ALL,1,1,0.9924193024635315
R_70NkjaYQwjgZcDQ,MSU: Michigan State University,Q3_ALL,1,1,0.9920252561569214
R_6hNeq9XdSZqR1e0,MSU: Michigan State University,Q3_ALL,1,1,0.9921147227287292
R_3f8rVYlFCdjLh0R,,Q3_ALL,0,0,0.9911009669303894
R_3xvCAqjn7LwAUed,,Q3_ALL,0,1,0.7216123342514038
R_5zdOk2GVqa1sLh6,,Q3_ALL,0,1,0.9906256198883057
R_1f2bHOEmamv6e67,,Q3_ALL,1,0,0.7865273356437683
R_3uUoZa0AM6CMYMV,UF: University of Florida,Q3_ALL,1,1,0.9922932386398315
R_7EiDjff7hcg7kn7,UF: University of Florida,Q3_ALL,1,1,0.9611384868621826
R_1DAuexjFli8Z0mX,UF: University of Florida,Q3_ALL,1,1,0.9922917485237122
R_3qJAfbPfw1NzD51,UF: University of Florida,Q3_ALL,1,1,0.9921143054962158
R_3emnyFl097T8eZ3,ISU: Iowa State University,Q3_ALL,1,1,0.9922404289245605
R_1EgonFTrtZqvWtP,UF: University of Florida,Q3_ALL,1,1,0.9912768602371216
R_5a5XFVqRFCQ4Xzb,UF: University of Florida,Q3_ALL,1,2,0.9906342029571533
R_1yfoODGRm9vs3wR,UF: University of Florida,Q3_ALL,1,1,0.9925541281700134
R_5yLZdu3BBizv6jD,ISU: Iowa State University,Q3_ALL,2,2,0.9570052027702332
R_5plLQNpNJNuWBNq,ISU: Iowa State University,Q3_ALL,1,0,0.954833447933197
R_8JfKA6KwxMpVloE,UF: University of Florida,Q3_ALL,1,1,0.992174506187439
R_3ktAU6E0ZBE6T3p,UF: University of Florida,Q3_ALL,1,1,0.9832909107208252
R_3G2f22XYnow0vm1,UF: University of Florida,Q3_ALL,1,1,0.9498950839042664
R_5zcmd3sf796gqtz,UF: University of Florida,Q3_ALL,1,1,0.9925876259803772
R_6pnHobQ0PPqp6A2,UF: University of Florida,Q3_ALL,1,1,0.962220311164856
R_3NaxH55W3u6fdKB,UF: University of Florida,Q3_ALL,0,0,0.9161677956581116
R_3Gy02Pnu7yzpZdF,UF: University of Florida,Q3_ALL,1,1,0.9918531775474548
R_6ayHNJTZSfFZ9M5,UF: University of Florida,Q3_ALL,1,1,0.7537423968315125
R_535bi99VS6TByTL,ISU: Iowa State University,Q3_ALL,1,1,0.9892266988754272
R_3PkdAFoTsciKyhX,UF: University of Florida,Q3_ALL,0,1,0.9917491674423218
R_3NWkeD9fqUu8jcC,UF: University of Florida,Q3_ALL,1,1,0.9905746579170227
R_32AqJNYXsayC4Eq,UF: University of Florida,Q3_ALL,1,1,0.6144881248474121
R_5dWLuv5rHIxaJGN,ISU: Iowa State University,Q3_ALL,1,1,0.6303179860115051
R_1JxsGBtD0MNFzdg,UF: University of Florida,Q3_ALL,1,1,0.9885470867156982
R_8hzuev9qOdp3bJA,ISU: Iowa State University,Q3_ALL,2,1,0.8475099802017212
R_79jrzKxbh2fUkqh,UF: University of Florida,Q3_ALL,1,1,0.9920166730880737
R_32JG0Rfd2kFyIsm,ISU: Iowa State University,Q3_ALL,2,1,0.8551977276802063
R_70PNHBUrjsrShYQ,UF: University of Florida,Q3_ALL,1,1,0.9920259118080139
R_3ay1ICYhBPXeIic,UF: University of Florida,Q3_ALL,2,1,0.9872894883155823
R_7dSbOyrewjrumo9,UF: University of Florida,Q3_ALL,1,1,0.9918602108955383
R_3veSnCK7EbrN1FP,UF: University of Florida,Q3_ALL,1,0,0.8931581377983093
R_1TSKcTxOSDBe6wt,UF: University of Florida,Q3_ALL,1,1,0.9829020500183105
R_5lQg0KYFoYxKvAS,UF: University of Florida,Q3_ALL,1,1,0.9287927150726318
R_19bP9Mfhzah9nAS,UF: University of Florida,Q3_ALL,1,1,0.9923072457313538
R_3dUyPpUEjsCydIB,UF: University of Florida,Q3_ALL,1,1,0.9878100156784058
R_79tDNgzAH683NKt,UF: University of Florida,Q3_ALL,1,1,0.9927302002906799
R_1u46nYdMxIcbEZ3,UF: University of Florida,Q3_ALL,1,1,0.9848176836967468
R_5CZj1923uDwLfpk,UF: University of Florida,Q3_ALL,1,1,0.9919887185096741
R_3GCDokSKXmSl4jL,UF: University of Florida,Q3_ALL,1,1,0.9920811653137207
R_5qjZnIbEndO8BGR,ISU: Iowa State University,Q3_ALL,1,1,0.9714577794075012
R_3PiKvRraQW9LGwp,UF: University of Florida,Q3_ALL,1,1,0.9858221411705017
R_5fkZ1nqXLu9s5tf,UF: University of Florida,Q3_ALL,2,1,0.9762484431266785
R_5vC8ZwRfKXli4BH,UF: University of Florida,Q3_ALL,1,1,0.9925699830055237
R_5qBKMz21lmziQcV,ISU: Iowa State University,Q3_ALL,1,2,0.966809093952179
R_1pKzbhUwaLHLDcR,ISU: Iowa State University,Q3_ALL,1,1,0.9550370573997498
R_6LSxrYOcsVmP2tL,ISU: Iowa State University,Q3_ALL,1,1,0.9922012090682983
R_5J4YZ3DuJKF7pKN,UF: University of Florida,Q3_ALL,1,1,0.9445958137512207
R_3Jz0YlwJBEuMGhE,UF: University of Florida,Q3_ALL,1,1,0.9923093318939209
R_5lgfirYC3WnbCP7,UF: University of Florida,Q3_ALL,1,2,0.9664127826690674
R_7rorGcy6uD4wZGL,ISU: Iowa State University,Q3_ALL,2,2,0.8515474200248718
R_65vax0FlcyQ8K1q,UF: University of Florida,Q3_ALL,1,1,0.9921339750289917
R_6V4G6E44GM1LUA3,UF: University of Florida,Q3_ALL,1,1,0.9904187321662903
R_5IsmUqSgkJNPaFE,UF: University of Florida,Q3_ALL,1,1,0.7403844594955444
R_52PknlHBswB49lI,ISU: Iowa State University,Q3_ALL,1,1,0.9905632734298706
R_76nHCbUSmMhYnBS,ISU: Iowa State University,Q3_ALL,0,1,0.6458292603492737
R_5s1g7DhqzjPKm55,ISU: Iowa State University,Q3_ALL,0,0,0.5176552534103394
R_8qJ8HpLFtvYgV4q,ISU: Iowa State University,Q3_ALL,1,2,0.5601929426193237
R_6q7twzwPdl6cnZv,ISU: Iowa State University,Q3_ALL,0,1,0.9928399324417114
R_7moppSkW21fdxK1,ISU: Iowa State University,Q3_ALL,1,1,0.9924888610839844
R_1kvqn6UOVYRRQfQ,ISU: Iowa State University,Q3_ALL,1,0,0.9560487866401672
R_3sXdLI1GnRoJdqZ,ISU: Iowa State University,Q3_ALL,1,1,0.975816011428833
R_5I9GwnkAQ5LE4ha,ISU: Iowa State University,Q3_ALL,2,2,0.9908875226974487
R_1HMw0hk5gUWjGgv,ISU: Iowa State University,Q3_ALL,1,1,0.9237146973609924
R_7R3SfNYRvKBahFq,ISU: Iowa State University,Q3_ALL,1,0,0.9852157831192017
R_1mEZ4L9LTB7Eavn,ISU: Iowa State University,Q3_ALL,1,1,0.9427201747894287
R_7TiIZLlE0oyLqTL,UF: University of Florida,Q3_ALL,1,1,0.9916911125183105
R_7kpnbw6OvKYCAQB,UF: University of Florida,Q3_ALL,1,1,0.9923682808876038
R_1FlFKLLJLtsjGZi,UF: University of Florida,Q3_ALL,2,2,0.9415392279624939
R_1LmFxCC3djJIKgF,UF: University of Florida,Q3_ALL,0,1,0.986171543598175
R_7QGhk9bVUWyf9DJ,UF: University of Florida,Q3_ALL,1,1,0.992356538772583
R_6RrRdUVeHbSUjdg,UF: University of Florida,Q3_ALL,1,1,0.9918550252914429
R_3DEBgB7ruJRbqo1,UF: University of Florida,Q3_ALL,1,2,0.9895501732826233
R_1rAFUMHsBspozPr,UF: University of Florida,Q3_ALL,1,1,0.9769531488418579
R_5LuOnFyMgpWLOYV,UF: University of Florida,Q3_ALL,1,1,0.9908096790313721
R_7k81fO6CV4qNa2L,UF: University of Florida,Q3_ALL,2,1,0.9903040528297424
R_6t1Eb6cpOlgNzxL,UF: University of Florida,Q3_ALL,2,2,0.9298917055130005
R_7NR9SVXwsQEG57r,UF: University of Florida,Q3_ALL,1,1,0.9895936250686646
R_5glNeQ69xrVZHk5,UF: University of Florida,Q3_ALL,1,1,0.9922921657562256
R_5Lv9WDzOoftrqHA,UF: University of Florida,Q3_ALL,1,1,0.992388129234314
R_10kuI59hY1qQpP1,UF: University of Florida,Q3_ALL,1,1,0.9598250389099121
R_6f1JV2ikd8zqoiK,UF: University of Florida,Q3_ALL,1,1,0.9911713004112244
R_7NGB1DDq6ZbIPrb,UF: University of Florida,Q3_ALL,2,2,0.934529721736908
R_6EgsKKJ1LQuoA8N,UF: University of Florida,Q3_ALL,1,1,0.656427800655365
R_7Nbr5hvXjeDi79X,UF: University of Florida,Q3_ALL,0,1,0.9919092059135437
R_7RfRtakkQPiOqSo,UF: University of Florida,Q3_ALL,0,1,0.9704711437225342
R_3PT6XIPbWRekjAM,UF: University of Florida,Q3_ALL,0,1,0.9876773953437805
R_1kzldWYPTjs9fi5,UF: University of Florida,Q3_ALL,1,1,0.9915658235549927
R_3QerROJLGnPCo0h,Other university:,Q3_ALL,1,0,0.9923627376556396
R_31oil0GjFcdo4sN,UF: University of Florida,Q3_ALL,1,1,0.9923239946365356
R_5bOBqiNSt7qLL78,UF: University of Florida,Q3_ALL,0,0,0.9449434876441956
R_6loAH0MGlzJW2yZ,UF: University of Florida,Q3_ALL,1,1,0.9906722903251648
R_3rja50hX8Oe6LNF,UF: University of Florida,Q3_ALL,1,1,0.9766088128089905
R_6q9FqgBSL8eu3fQ,ISU: Iowa State University,Q7_ISU,1,1,0.9924627542495728
R_3FP8MFsc6GUwqqu,ISU: Iowa State University,Q7_ISU,1,1,0.9902966618537903
R_7bKna3X5beSSLOU,ISU: Iowa State University,Q7_ISU,0,1,0.9711054563522339
R_7tHFm08ZqpS7Goh,ISU: Iowa State University,Q7_ISU,2,2,0.9834864139556885
R_7HncCA1Up5ZBQPN,ISU: Iowa State University,Q7_ISU,2,2,0.9822064638137817
R_110QPtui6InPSxu,ISU: Iowa State University,Q7_ISU,2,2,0.9861592650413513
R_5hyuLMPAF88us20,ISU: Iowa State University,Q7_ISU,2,2,0.9152373671531677
R_7CCB4JqaaVnZ48C,ISU: Iowa State University,Q7_ISU,1,1,0.9910824298858643
R_6dNNWPpK7HpEeYx,ISU: Iowa State University,Q7_ISU,1,2,0.9705792665481567
R_1BQPDWWp7WY6Z5P,ISU: Iowa State University,Q7_ISU,2,1,0.9922493696212769
R_75zHxnfel6miHhl,ISU: Iowa State University,Q7_ISU,1,1,0.9906806349754333
R_7VZ8z8tcaLN4HT3,ISU: Iowa State University,Q7_ISU,1,2,0.9882320761680603
R_3rOpLYX8G2tGsQS,ISU: Iowa State University,Q7_ISU,1,1,0.9919976592063904
R_1O4yoiRUuTeeAF3,ISU: Iowa State University,Q2_ISU,1,2,0.9834328889846802
R_1OU55NYB4iCMHpE,ISU: Iowa State University,Q2_ISU,1,1,0.9883430600166321
R_7w30HTp7BI4JKbn,ISU: Iowa State University,Q2_ISU,2,2,0.9927048087120056
R_5IgScZUQ7AcRdBB,ISU: Iowa State University,Q2_ISU,2,2,0.9931125044822693
R_6KC0LpR90K7wCJH,ISU: Iowa State University,Q2_ISU,1,1,0.988856852054596
R_1szWpyYIuKytJ5f,ISU: Iowa State University,Q2_ISU,0,0,0.9970058798789978
R_7DqCHDf1bYc9EnI,ISU: Iowa State University,Q2_ISU,0,2,0.9926635026931763
R_3mOh4V1cd5hcT5A,ISU: Iowa State University,Q2_ISU,0,0,0.9966655373573303
R_7i4k7ZRP7z20kxn,ISU: Iowa State University,Q2_ISU,0,0,0.9958429932594299
R_7OIUO3hE8uJphJZ,ISU: Iowa State University,Q2_ISU,1,1,0.9931047558784485
R_7CIfQEfAdlD487n,ISU: Iowa State University,Q2_ISU,0,0,0.9971022009849548
R_1hF9DdcoYwkcjCK,ISU: Iowa State University,Q2_ISU,0,0,0.9971479773521423
R_67q9FFmGrNTmTKS,ISU: Iowa State University,Q2_ISU,2,2,0.9929431080818176
R_5eBsr2ov5i1W5Mt,ISU: Iowa State University,Q2_ISU,2,2,0.9929056167602539
R_7jxxwewMdDTiSyZ,ISU: Iowa State University,Q2_ISU,1,1,0.9943045973777771
R_37jPA5YD84K5cVP,ISU: Iowa State University,Q2_ISU,0,1,0.9715510606765747
R_1Mu0w2xlje29wax,ISU: Iowa State University,Q2_ISU,1,1,0.9885979890823364
R_7pttRIBgqJG6a8F,ISU: Iowa State University,Q2_ISU,2,2,0.9925206899642944
R_6izIkiSgNi8P7iN,MSU: Michigan State University,Q3_ALL,1,1,0.9891164898872375
R_1MuGH3yAikZ9TBT,MSU: Michigan State University,Q3_ALL,0,1,0.9849099516868591
R_34iayBDTuout3vl,MSU: Michigan State University,Q3_ALL,0,1,0.9364506602287292
R_3Eyj5WLstFvUuwa,MSU: Michigan State University,Q3_ALL,0,0,0.9909151196479797
R_7Rz20VaXbThzAa5,MSU: Michigan State University,Q3_ALL,0,1,0.9920099973678589
R_31aU7TbLkJTYTa4,MSU: Michigan State University,Q3_ALL,1,0,0.8250160217285156
R_6Dp9jD48dsTLEwn,MSU: Michigan State University,Q3_ALL,1,0,0.9916662573814392
R_65Hm9agDfzPJ5V7,MSU: Michigan State University,Q3_ALL,1,1,0.9925825595855713
R_7ekRNVZDNJfgDlL,MSU: Michigan State University,Q3_ALL,1,0,0.992877185344696
R_715YlYKNNHvNCFr,MSU: Michigan State University,Q3_ALL,0,1,0.9891552329063416
R_7cUqLDuxDjP9AID,MSU: Michigan State University,Q3_ALL,1,0,0.8676303625106812
R_3O6xYk5FbraCvrr,MSU: Michigan State University,Q3_ALL,0,1,0.9851608276367188
R_6ALfSwzRwGizlF7,MSU: Michigan State University,Q3_ALL,0,0,0.9935141801834106
R_5L6ztovVPAj03PY,MSU: Michigan State University,Q3_ALL,1,1,0.9923921823501587
R_6onBDjtLW0Vbo82,MSU: Michigan State University,Q3_ALL,1,1,0.9914258718490601
R_5sq5mvIU281VSgh,MSU: Michigan State University,Q3_ALL,1,1,0.9915907382965088
R_70YsX2CqcUGvIgN,MSU: Michigan State University,Q3_ALL,0,0,0.7727774977684021
R_6IjaeYuO112Xs3x,MSU: Michigan State University,Q3_ALL,1,1,0.9913167953491211
R_7EyaseCICINhdva,MSU: Michigan State University,Q3_ALL,1,1,0.9919856786727905
R_5GwsT07bwf7Uk6j,MSU: Michigan State University,Q3_ALL,1,1,0.9926509261131287
R_7oGt8hUZxm4ZnR0,MSU: Michigan State University,Q3_ALL,1,1,0.9925501346588135
R_1QGDPdf3JeVSuyM,MSU: Michigan State University,Q3_ALL,1,1,0.9907057881355286
R_1Qy2IgjGhs1hBGU,MSU: Michigan State University,Q3_ALL,1,1,0.9914839863777161
R_3DYwbTIWEPTy0yR,MSU: Michigan State University,Q3_ALL,0,0,0.6974636912345886
R_3LjaL9nDLDPzccb,MSU: Michigan State University,Q3_ALL,0,1,0.9781509637832642
R_5mjTjs9D4Z3wDjz,MSU: Michigan State University,Q3_ALL,1,0,0.7925388813018799
R_63Cr6k9NlCnLIl6,MSU: Michigan State University,Q3_ALL,1,1,0.9839293956756592
R_3HSIvqdnnzwYmuf,MSU: Michigan State University,Q3_ALL,0,0,0.9915510416030884
R_6aJjsk8pExXqpDG,MSU: Michigan State University,Q3_ALL,0,1,0.6608448028564453
R_5KxOKZL1I8W1Tlt,MSU: Michigan State University,Q3_ALL,1,1,0.9898303151130676
R_1hwseMrABSHLdQd,MSU: Michigan State University,Q3_ALL,0,0,0.993350088596344
R_7GCFoJrhwEQVqJa,MSU: Michigan State University,Q3_ALL,1,1,0.9529649019241333
R_3ZEUmwa5IecSlrT,MSU: Michigan State University,Q3_ALL,0,1,0.9896349310874939
R_1PGdsNELTeSAV9b,MSU: Michigan State University,Q3_ALL,0,0,0.9719155430793762
R_76SxxsrSjhiacgh,MSU: Michigan State University,Q3_ALL,0,0,0.990010678768158
R_1TPtVXJDVM9IKNb,MSU: Michigan State University,Q3_ALL,0,0,0.9928516745567322
R_1QyeMApIFjN1e6U,MSU: Michigan State University,Q3_ALL,0,0,0.9881848096847534
R_32TwEfaOPfERfrj,MSU: Michigan State University,Q3_ALL,0,0,0.9555811285972595
R_5i7YThwB74GL9AW,MSU: Michigan State University,Q3_ALL,1,1,0.992493212223053
R_3Pl6HofbKrQRUXL,MSU: Michigan State University,Q3_ALL,1,1,0.9923420548439026
R_7M5JmakjV6B0BZy,MSU: Michigan State University,Q3_ALL,1,1,0.9912527203559875
R_3aSnvInvbN2tLmF,MSU: Michigan State University,Q3_ALL,1,1,0.9924691319465637
R_1tDTPqelswJ3aT1,MSU: Michigan State University,Q3_ALL,0,0,0.9926160573959351
R_6nMEUJVYDWKdLmv,MSU: Michigan State University,Q3_ALL,0,1,0.9299430251121521
R_6KqZHap7WxP97ID,MSU: Michigan State University,Q3_ALL,0,0,0.7672160267829895
R_3hng6NmlyNfsJUZ,MSU: Michigan State University,Q3_ALL,0,1,0.9612065553665161
R_316nS0o73WSOuP9,MSU: Michigan State University,Q3_ALL,0,0,0.8800828456878662
R_5IQ55R8OpPXoGJP,MSU: Michigan State University,Q3_ALL,1,1,0.9910847544670105
R_1m2SYecI7SA8kWR,MSU: Michigan State University,Q3_ALL,0,0,0.9915487170219421
R_7PSLsKAB30MyZuF,MSU: Michigan State University,Q3_ALL,1,1,0.9922009706497192
R_1DEcdMTFGCTr9HH,MSU: Michigan State University,Q3_ALL,0,1,0.9843771457672119
R_6JykZk1kcpoM22d,MSU: Michigan State University,Q3_ALL,1,1,0.9924888610839844
R_5YQdxu72o2LvYNt,MSU: Michigan State University,Q3_ALL,1,0,0.8613929152488708
R_73cfxZNNUgl8V8J,MSU: Michigan State University,Q3_ALL,1,1,0.9918017983436584
R_7lEvkIY2xf8fuBv,MSU: Michigan State University,Q3_ALL,0,0,0.9909836053848267
R_7CLtKdwZKOGCCZ3,MSU: Michigan State University,Q3_ALL,0,1,0.977914571762085
R_6lDM5rKKYPLoEVr,MSU: Michigan State University,Q3_ALL,0,0,0.9917967319488525
R_3PAFwxKNwMjNPKU,MSU: Michigan State University,Q3_ALL,0,1,0.9344673752784729
R_52CqUntRTqi4IAF,MSU: Michigan State University,Q3_ALL,0,0,0.8776429891586304
R_5hnhvEZB50BPW74,MSU: Michigan State University,Q3_ALL,0,1,0.9537733197212219
R_3zRQBcbpYsORmP5,MSU: Michigan State University,Q3_ALL,1,1,0.99132239818573
R_1CTIbxXfWOHCF2N,MSU: Michigan State University,Q3_ALL,0,0,0.9857239127159119
R_3j59BDlW4dn2Kpb,MSU: Michigan State University,Q3_ALL,1,1,0.9899995923042297
R_7EmAVcDZXbKdpP9,MSU: Michigan State University,Q3_ALL,1,0,0.9928523898124695
R_3hWFoUAG0CKISCp,MSU: Michigan State University,Q3_ALL,0,0,0.9935113787651062
R_1y2yKw7dD3djUIZ,MSU: Michigan State University,Q3_ALL,1,0,0.9293256402015686
R_6McCOUV6p5JJl6t,MSU: Michigan State University,Q3_ALL,1,1,0.9923805594444275
R_6QGxFS85TIqnepV,MSU: Michigan State University,Q3_ALL,0,0,0.9242123961448669
R_1nBGnboYDraia96,MSU: Michigan State University,Q3_ALL,1,1,0.984946608543396
R_1rMwsv0og9zF0aJ,MSU: Michigan State University,Q3_ALL,0,0,0.9897107481956482
R_1VyDJOKcwjCeINq,MSU: Michigan State University,Q3_ALL,1,1,0.9461827278137207
R_5CNOfvT3xjhSP92,MSU: Michigan State University,Q3_ALL,1,1,0.9921615719795227
R_7POb0pt1F2gw4oq,MSU: Michigan State University,Q3_ALL,0,0,0.9913039207458496
R_6lLmw2np3PPrOHD,MSU: Michigan State University,Q3_ALL,0,0,0.9902684688568115
R_6tnCTiZ0f1dCNLH,MSU: Michigan State University,Q3_ALL,0,0,0.9916834831237793
R_6SeiJf1ODqvjF26,,Q3_ALL,1,0,0.9904769659042358
R_5F4nkjp3blPUIU0,,Q3_ALL,0,0,0.9931679964065552
R_6qsvAOXRbwzofw7,,Q3_ALL,0,0,0.9654299020767212
R_6e3DA2M03fbXf2q,MSU: Michigan State University,Q3_ALL,1,1,0.9920024871826172
R_6c5DPUanosOypS9,,Q3_ALL,1,0,0.7969327569007874
R_7q7OzXqni6VH4Fr,,Q3_ALL,1,0,0.9320173263549805
R_7zev1uatBuv7Fbg,ISU: Iowa State University,Q3_ALL,0,0,0.7691768407821655
R_7kGOLCuydXUdM5w,ISU: Iowa State University,Q3_ALL,0,0,0.9871139526367188
R_5CCbxxosOS8OJk4,ISU: Iowa State University,Q3_ALL,0,0,0.9911534190177917
R_1DOxfH26RgqpXMk,ISU: Iowa State University,Q3_ALL,1,0,0.9930632710456848
R_5bUBABfpTEFSXSA,ISU: Iowa State University,Q3_ALL,1,0,0.9891098737716675
R_51bK1m9GsW3pX3z,MSU: Michigan State University,Q3_ALL,1,0,0.8510514497756958
R_1o18QxjDfxb8YNP,ISU: Iowa State University,Q3_ALL,1,1,0.9462440013885498
R_6OlXQXZBOhaVNFk,ISU: Iowa State University,Q3_ALL,0,0,0.7360900044441223
R_6bdNd21OA8PRM5j,ISU: Iowa State University,Q3_ALL,2,2,0.9893531799316406
R_1F7xJeD8ubuWXD3,ISU: Iowa State University,Q3_ALL,2,1,0.960603654384613
R_1MahFDOQp3kwBrv,ISU: Iowa State University,Q3_ALL,1,1,0.987360417842865
R_6aQ5I73rlbe9Y95,ISU: Iowa State University,Q3_ALL,0,2,0.5778485536575317
R_5zuqIH4JZeu6haN,ISU: Iowa State University,Q3_ALL,1,1,0.9926526546478271
R_6SpGPOAWHIgzDMJ,ISU: Iowa State University,Q3_ALL,0,0,0.8881270885467529
R_5h0x5HqxkyUXZ1G,ISU: Iowa State University,Q3_ALL,1,0,0.989267885684967
R_7n3C1JOWAIQBE8k,ISU: Iowa State University,Q3_ALL,2,2,0.5281388759613037
R_5B5xCbQBsNTD3jm,ISU: Iowa State University,Q3_ALL,0,1,0.9883557558059692
R_6oYkh2Ihcih7dMC,ISU: Iowa State University,Q3_ALL,1,1,0.9923294186592102
R_5rYgn4KkaCfE9mP,ISU: Iowa State University,Q3_ALL,1,1,0.9891566038131714
R_7XoZHzQuxbxPPmD,ISU: Iowa State University,Q3_ALL,1,1,0.990571916103363
R_6o0zwdrmHTfIA6i,ISU: Iowa State University,Q3_ALL,0,0,0.8009331226348877
R_7mVpuzbAh6Ld8GZ,ISU: Iowa State University,Q3_ALL,1,0,0.849920392036438
R_64w4tHTpnbOFarD,ISU: Iowa State University,Q3_ALL,1,0,0.6727319955825806
R_6SDUnbumW3sfqIp,ISU: Iowa State University,Q3_ALL,0,0,0.9922330379486084
R_62tcAf5CLCuSqVM,UF: University of Florida,Q3_ALL,0,1,0.6998498439788818
R_6gZqcJ6vaS2IYVY,UF: University of Florida,Q3_ALL,1,1,0.7137488126754761
R_708fXumuunscKIN,UF: University of Florida,Q3_ALL,0,0,0.9919141530990601
R_77PhrWt3NDAlhya,UF: University of Florida,Q3_ALL,2,2,0.9875609278678894
R_7loWg6yrgvSIgYK,UF: University of Florida,Q3_ALL,1,1,0.9926487803459167
R_1Gu3pnQUr09zqZH,UF: University of Florida,Q3_ALL,2,2,0.9886617660522461
R_5qdXZGrMTEN3pXf,UF: University of Florida,Q3_ALL,2,1,0.9530720114707947
R_67WOzyPNuUiQDHb,UF: University of Florida,Q3_ALL,1,1,0.9924783706665039
R_6GdjVJT4IXKUNjd,UF: University of Florida,Q3_ALL,2,1,0.5043810606002808
R_7GxbNPD47HpiY44,UF: University of Florida,Q3_ALL,1,1,0.9918436408042908
R_6hCelUgOkIS6GOt,UF: University of Florida,Q3_ALL,2,2,0.991327702999115
R_7MSBgNhMGgoI2oe,UF: University of Florida,Q3_ALL,1,1,0.9920587539672852
R_7Hfp21A3ntrZFmN,UF: University of Florida,Q3_ALL,1,1,0.9536005854606628
R_7nSGDXV7IcR4mHw,UF: University of Florida,Q3_ALL,2,1,0.5559743642807007
R_6FrFFoAxqMr9gnz,UF: University of Florida,Q3_ALL,1,1,0.992249608039856
R_6i54MM2Wbgp27W5,UF: University of Florida,Q3_ALL,1,1,0.991811990737915
R_3FRLgMTSzgK8bK8,UF: University of Florida,Q3_ALL,1,1,0.9914131164550781
R_3rBb2fC3ZSacF7p,UF: University of Florida,Q3_ALL,1,1,0.9175832867622375
R_6XSe2b08yvIj1El,UF: University of Florida,Q3_ALL,1,1,0.803361177444458
R_1EasEVeEQrI4Yer,UF: University of Florida,Q3_ALL,1,2,0.8411453366279602
R_4U6rficFoWdek6q,UF: University of Florida,Q3_ALL,0,1,0.9908968806266785
R_5dGbFHRY6vXTXSU,UF: University of Florida,Q3_ALL,1,1,0.9914050102233887
R_1M9DiegLkeqFrQn,UF: University of Florida,Q3_ALL,1,1,0.9920302629470825
R_7783dl1o7i8zW4W,UF: University of Florida,Q3_ALL,2,1,0.7201130390167236
R_7rISokYfmiUPmeG,UF: University of Florida,Q3_ALL,1,1,0.7709138989448547
R_6YwXmlubIimopdR,UF: University of Florida,Q3_ALL,1,1,0.9902994632720947
R_5BU1JVcYe7Z1ojL,UF: University of Florida,Q3_ALL,2,2,0.9792485237121582
R_5IWBJ9n9xK8nBqg,UF: University of Florida,Q3_ALL,1,1,0.9925824403762817
R_6qaDKZUfiROknoM,UF: University of Florida,Q3_ALL,1,1,0.9862194657325745
R_6s6bMnl4ImJBxnB,UF: University of Florida,Q3_ALL,1,1,0.9916141033172607
R_6H8EpgdpypozkZP,UF: University of Florida,Q3_ALL,1,1,0.9919121265411377
R_6eiwPtJY0lIoVX3,UF: University of Florida,Q3_ALL,1,1,0.5634790062904358
R_1lBgKya8h2yZ8SB,UF: University of Florida,Q3_ALL,0,1,0.9875342845916748
R_50ADNoM95amXTYy,UF: University of Florida,Q3_ALL,1,1,0.992380678653717
R_1CPKqUjx6ly5jje,UF: University of Florida,Q3_ALL,2,2,0.9804280400276184
R_1rFZuZeeRNX8NUK,UF: University of Florida,Q3_ALL,0,0,0.6263594031333923
R_1SwPjBzP2rfhQUF,UF: University of Florida,Q3_ALL,1,1,0.5765218734741211
R_3o6dkxwXmjoeAVB,UF: University of Florida,Q3_ALL,2,1,0.7988185882568359
R_5Iy6gxzeOCDbEl3,UF: University of Florida,Q3_ALL,1,1,0.961909294128418
R_3fIZtj0Lr8e7YAU,UF: University of Florida,Q3_ALL,1,1,0.9832875728607178
R_52m4uUMuX5h8RoA,UF: University of Florida,Q3_ALL,1,0,0.8532748222351074
R_75EkvSyd29tcHiC,UF: University of Florida,Q3_ALL,1,1,0.5272432565689087
R_3oTSWTFZonif9sg,UF: University of Florida,Q3_ALL,1,1,0.9904817938804626
R_5H7CywyEpUOkyCH,UF: University of Florida,Q3_ALL,2,2,0.9901078939437866
R_13gEP2HpJoafLRB,UF: University of Florida,Q3_ALL,1,2,0.9782776832580566
R_5qPFX2bXNTcAxzj,UF: University of Florida,Q3_ALL,1,1,0.9908912777900696
R_5hQyZe0z9plMVC9,UF: University of Florida,Q3_ALL,1,1,0.9906347393989563
R_5nq4TcG2zFP1C1q,UF: University of Florida,Q3_ALL,1,1,0.9876635670661926
R_3JJXaisz3C85Yj3,UF: University of Florida,Q3_ALL,1,1,0.9754428863525391
R_2VsBoUFGmZVzg41,UF: University of Florida,Q3_ALL,1,2,0.9767902493476868
R_1FJkH2HjaBCL9G7,UF: University of Florida,Q3_ALL,1,2,0.9915035963058472
R_6VKEkUQ7AEAuZo2,UF: University of Florida,Q3_ALL,1,1,0.9869188666343689
R_5hhAWUHIRZDEdfq,UF: University of Florida,Q3_ALL,2,2,0.9818080067634583
R_57BZ0Q1S2b7HK35,UF: University of Florida,Q3_ALL,2,2,0.8970739841461182
R_5DRCY0iOY5md31K,UF: University of Florida,Q3_ALL,1,1,0.9881145358085632
R_5khA2ysidM6gCWJ,UF: University of Florida,Q3_ALL,1,1,0.9916505217552185
R_7TVLvCbZyVL0IBr,UF: University of Florida,Q3_ALL,1,1,0.9853860139846802
R_5Jk2iOwV4ayvUxU,UF: University of Florida,Q3_ALL,1,1,0.9921407103538513
R_1Pinh7R2Fw6F3F2,UF: University of Florida,Q3_ALL,1,1,0.8319048285484314
R_31GVm5VnXQK4T7K,UF: University of Florida,Q3_ALL,2,1,0.9558930993080139
R_68HOK2Rwsm0zuc9,UF: University of Florida,Q3_ALL,1,2,0.9918993711471558
R_6Lea9gPVW2r5g1j,UF: University of Florida,Q3_ALL,1,1,0.9892100691795349
R_7cXJBMt1cmpLOL8,UF: University of Florida,Q3_ALL,1,1,0.9844427704811096
R_12QicaNNttjblaN,UF: University of Florida,Q3_ALL,1,2,0.8849890828132629
R_1fwz3hjct5bn9jX,UF: University of Florida,Q3_ALL,1,1,0.9625755548477173
R_3Oy65C7brWGhtUE,UF: University of Florida,Q3_ALL,0,1,0.9921525120735168
R_5QuINK0SBWNTKKN,UF: University of Florida,Q3_ALL,1,1,0.989388108253479
R_1TAx5HnKJqGe5gM,UF: University of Florida,Q3_ALL,1,1,0.9924176931381226
R_1DHkJF4InRXNfZ2,UF: University of Florida,Q3_ALL,2,2,0.9831967353820801
R_3Ed16VR1KryQo9a,UF: University of Florida,Q3_ALL,2,1,0.9919872283935547
R_7TSihQRIZur3cLC,UF: University of Florida,Q3_ALL,1,1,0.7207890748977661
R_7F5mGPCe4saP45r,UF: University of Florida,Q3_ALL,1,1,0.9822362661361694
R_3dimpMg1jEAsxH3,UF: University of Florida,Q3_ALL,1,1,0.9925590753555298
R_5Lh40mM3DJ1nF6Y,,Q3_ALL,1,0,0.7574573159217834
R_6Qs0dv8gfHzdIQx,UF: University of Florida,Q3_ALL,1,1,0.9909735321998596
R_6rYAgNzjCWP5uhP,UF: University of Florida,Q3_ALL,0,0,0.5484200716018677
R_1GZZmrQBMcFdjgW,"UCSB: University of California, Santa Barbara",Q3_ALL,2,2,0.8655385375022888
R_60uz5mm0qL1IOAx,"UCSB: University of California, Santa Barbara",Q3_ALL,1,1,0.9768997430801392
R_5zSxa9lQ6vbmm8G,"UCSB: University of California, Santa Barbara",Q3_ALL,2,1,0.9354530572891235
R_3P0MDAIgSkB2hOw,"UCSB: University of California, Santa Barbara",Q3_ALL,1,1,0.9778957962989807
R_5SrYvCHgzPdpID7,"UCSB: University of California, Santa Barbara",Q3_ALL,1,2,0.9885839223861694
R_18YgzR8yYhZ3Anm,"UCSB: University of California, Santa Barbara",Q3_ALL,1,0,0.7454712390899658
R_1mfXQccBAXL2qFU,"UCSB: University of California, Santa Barbara",Q3_ALL,1,1,0.9914588928222656
R_3BnfjstK0APDBlh,"UCSB: University of California, Santa Barbara",Q3_ALL,1,1,0.991821825504303
R_1wgjZ9mK8Z9zU7D,"UCSB: University of California, Santa Barbara",Q3_ALL,2,2,0.9529460668563843
R_5GUgg2JOX5tD0d3,"UCSB: University of California, Santa Barbara",Q3_ALL,1,1,0.8973342180252075
R_1eixBtY8H3ej83f,"UCSB: University of California, Santa Barbara",Q3_ALL,1,1,0.9924157857894897
R_1xJQS4UgVzdljy1,"UCSB: University of California, Santa Barbara",Q3_ALL,1,1,0.9916632175445557
R_5riZRCrmg7LuwIS,"UCSB: University of California, Santa Barbara",Q3_ALL,1,1,0.9903040528297424
R_6MNbXjI0n5gXLJw,"UCSB: University of California, Santa Barbara",Q3_ALL,2,1,0.9828952550888062
R_7ZZHBOz1XH2AcOV,"UCSB: University of California, Santa Barbara",Q3_ALL,1,1,0.9925013184547424
R_6OYNpYeNgYGN5Cu,"UCSB: University of California, Santa Barbara",Q3_ALL,2,1,0.9921297430992126
R_7fXrRFetdF9M9A5,"UCSB: University of California, Santa Barbara",Q3_ALL,2,2,0.9879809021949768
R_1rU78uwsVrcY1pv,"UCSB: University of California, Santa Barbara",Q3_ALL,1,1,0.9922592043876648
R_79jvmZxdJxGQD1n,"UCSB: University of California, Santa Barbara",Q3_ALL,1,2,0.5960602760314941
R_7qaFxMa4daxkMgY,"UCSB: University of California, Santa Barbara",Q3_ALL,1,1,0.9923357367515564
R_3aFggcKG0B3JH9W,"UCSB: University of California, Santa Barbara",Q3_ALL,1,1,0.991599440574646
R_5AYExmwPy8Syk5j,"UCSB: University of California, Santa Barbara",Q3_ALL,0,1,0.991510808467865
R_5JrYsaHlRReiRCp,"UCSB: University of California, Santa Barbara",Q3_ALL,1,1,0.9923200011253357
R_1qJONcTM1qobaj7,"UCSB: University of California, Santa Barbara",Q3_ALL,1,1,0.9888855218887329
R_1pS6zvvENTI795r,"UCSB: University of California, Santa Barbara",Q3_ALL,1,1,0.9923629760742188
R_7lxiZJFf1f5LoeY,"UCSB: University of California, Santa Barbara",Q3_ALL,0,1,0.9918131828308105
R_1MgDGH9N6uPQ0QF,"UCSB: University of California, Santa Barbara",Q3_ALL,1,1,0.9920650124549866
R_1l64W7aJGYyrmkz,"UCSB: University of California, Santa Barbara",Q3_ALL,2,1,0.9913581609725952
R_5hQROw89sqXdibn,"UCSB: University of California, Santa Barbara",Q3_ALL,1,1,0.9707706570625305
R_3RyLI9RDQjcbhrE,UF: University of Florida,Q4_UF,1,1,0.9922825694084167
R_7gbRRQXt5Jg6ezu,UF: University of Florida,Q4_UF,1,1,0.9920337796211243
R_1frzvJIGKcm6Fdx,UF: University of Florida,Q4_UF,0,0,0.9927952885627747
R_1amUGgfsJzfvYZ3,UF: University of Florida,Q4_UF,1,1,0.9923108816146851
R_1WMAo0ilmhZwzPp,UF: University of Florida,Q4_UF,1,1,0.9932667016983032
R_3kUbaBUkaZ8Wffz,UF: University of Florida,Q4_UF,1,1,0.9916591048240662
R_5ZV6wBdT3f4a1lD,UF: University of Florida,Q4_UF,0,0,0.9961903095245361
R_72P9s5pldZY7MZ5,UF: University of Florida,Q4_UF,1,1,0.9923644065856934
R_1eNX389YIbM0sz7,UF: University of Florida,Q4_UF,1,1,0.9943574070930481
R_6GxkH2Bd6CVPWUV,Other university:,Q4_UF,0,1,0.9905495047569275
R_4aqOq6LqHnf1fBo,UF: University of Florida,Q4_UF,1,1,0.988647997379303
R_7hF9HRViA6LJDlB,UF: University of Florida,Q4_UF,1,1,0.9940800070762634
R_7cBfO9vJx5xUPb3,UF: University of Florida,Q4_UF,1,1,0.9348435401916504
R_6KTo9GL1PyhZJ25,UF: University of Florida,Q4_UF,0,1,0.9909953474998474
R_3dKrxU8SJv9jCJj,UF: University of Florida,Q4_UF,1,1,0.9916718602180481
R_5azDcJdFE7K9zUZ,UF: University of Florida,Q4_UF,2,1,0.9922299981117249
R_7VnQjEJ14Cvbk3L,UF: University of Florida,Q4_UF,1,1,0.9900520443916321
R_52m7mNidFq6neal,UF: University of Florida,Q4_UF,1,1,0.9903025031089783
R_5OOybiSNaayy99G,UF: University of Florida,Q4_UF,0,1,0.9916900396347046
R_50xjAyrFzqStbVv,UF: University of Florida,Q4_UF,1,1,0.9925678968429565
R_1sbRqW4HqGTHTMx,UF: University of Florida,Q4_UF,2,1,0.9940702319145203
R_3DT3T2GoiRO6qIy,UF: University of Florida,Q4_UF,0,0,0.9964983463287354
R_5C8x63mMeNXYKYC,UF: University of Florida,Q4_UF,0,1,0.8687260150909424
R_3aRkisuTYaAsICH,UF: University of Florida,Q4_UF,1,1,0.9924115538597107
R_530VWztACdYCbZZ,UF: University of Florida,Q4_UF,0,1,0.9939879179000854
R_3G6UGLsnHyfovVs,UF: University of Florida,Q4_UF,0,0,0.9959214925765991
R_3fjTegG7Pv2DgHN,UF: University of Florida,Q4_UF,1,1,0.9747353792190552
R_19n9m31ndWGtUgz,UF: University of Florida,Q4_UF,1,1,0.993976354598999
R_6aDTJDxbCPNnwNX,UF: University of Florida,Q4_UF,0,0,0.9964519739151001
R_3q9IPfUX1mDj3Kj,UF: University of Florida,Q4_UF,1,1,0.9924271106719971
R_55VhUu4mER1RK0h,UF: University of Florida,Q4_UF,2,1,0.9801728129386902
R_1bjarNpgI5oIW0F,UF: University of Florida,Q4_UF,1,1,0.9911701679229736
R_3I0uQM1Bclv6efn,UF: University of Florida,Q4_UF,1,1,0.9221430420875549
R_387SZJMhGBGWE7f,UF: University of Florida,Q4_UF,1,1,0.9945370554924011
R_6MaFU0Mt3he6x1S,UF: University of Florida,Q4_UF,0,0,0.9962299466133118
R_5EzYZurMDe3u1OK,UF: University of Florida,Q4_UF,1,1,0.9912205338478088
R_194cmNDaTEBG6hc,UF: University of Florida,Q4_UF,1,1,0.9898537993431091
R_6rjZskfVdMiXZEk,UF: University of Florida,Q4_UF,1,1,0.9944676160812378
R_7us8yZ2pmTMBrnJ,UF: University of Florida,Q4_UF,1,1,0.9943029880523682
R_3r0u3oa9WivB0ol,UF: University of Florida,Q4_UF,1,1,0.9942523837089539
R_7hz3TGHNfQKnZv7,UF: University of Florida,Q4_UF,1,0,0.7192244529724121
R_7EuEEd8qK0xcXFp,UF: University of Florida,Q4_UF,0,0,0.9966534972190857
R_6CaxLdmKICPf6im,UF: University of Florida,Q4_UF,1,1,0.9594346880912781
R_7doH3zqHsgIzP2H,UF: University of Florida,Q4_UF,1,1,0.9770933389663696
R_3laeVpDzKUn9GAa,UF: University of Florida,Q4_UF,1,1,0.9901713728904724
R_77VeoXQ1JBYRJwg,UF: University of Florida,Q4_UF,1,1,0.9931319355964661
R_17CemYhVsYIsBWP,UF: University of Florida,Q4_UF,0,0,0.9967052340507507
R_1GoQQb3KTLb1sLT,UF: University of Florida,Q4_UF,0,0,0.9938607215881348
R_3i3FpIJYcJUvJom,UF: University of Florida,Q4_UF,1,1,0.9931984543800354
R_7mmGbtCGz2alowj,UF: University of Florida,Q4_UF,1,1,0.9932730197906494
R_1Kr7cguKL9fTCsV,UF: University of Florida,Q4_UF,0,0,0.9964697360992432
R_5mCGjFVnCd1DY5P,UF: University of Florida,Q4_UF,1,1,0.9922025203704834
R_5AoZVEgcVVa7j7b,UF: University of Florida,Q4_UF,1,0,0.8924103379249573
R_374oMmtTMsCIqVq,UF: University of Florida,Q4_UF,1,1,0.9945582151412964
R_1Jr5fn8g96WKaks,UF: University of Florida,Q4_UF,2,1,0.990781843662262
R_5U36oQyM120JVW9,UF: University of Florida,Q4_UF,1,1,0.9946110248565674
R_3oAfn6fHhfRkM5l,UF: University of Florida,Q4_UF,1,1,0.9906903505325317
R_5uPeoXoLBxHOHLD,UF: University of Florida,Q4_UF,1,1,0.9888601899147034
R_7H2eeGOMpxea0Bd,UF: University of Florida,Q4_UF,0,1,0.9939974546432495
R_7hZr8DN6RDftdS3,UF: University of Florida,Q4_UF,1,1,0.994388997554779
R_7JEP0j91jhRWOo8,UF: University of Florida,Q4_UF,0,0,0.9949885010719299
R_1QJFbQGqVer4vOR,UF: University of Florida,Q4_UF,1,1,0.9935224652290344
R_3qvmbeRuFBpJeiR,UF: University of Florida,Q4_UF,1,1,0.9928886294364929
R_19tEx0IlIVBNH8V,MSU: Michigan State University,Q1_MSU,0,0,0.9823943972587585
R_6vcAlSSwhoQXhLa,MSU: Michigan State University,Q1_MSU,1,1,0.6207901239395142
R_5UhFR4lrI5AKGKL,MSU: Michigan State University,Q1_MSU,1,1,0.9149826169013977
R_7tfHvEpkMpgg67K,MSU: Michigan State University,Q1_MSU,1,1,0.9845921397209167
R_5IhIKo9TNBq7xNA,MSU: Michigan State University,Q1_MSU,1,1,0.6541509628295898
R_5lQxGHDUgvIYRDa,MSU: Michigan State University,Q1_MSU,1,2,0.9479677081108093
R_5YVCIqz9N3Cwij9,MSU: Michigan State University,Q1_MSU,2,0,0.7712027430534363
R_1BtXCXyIyt6MDWX,MSU: Michigan State University,Q1_MSU,2,2,0.992347240447998
R_1rm8D49z3xF4XkJ,MSU: Michigan State University,Q1_MSU,2,2,0.9905065894126892
R_7wFKEkYniABHIqd,MSU: Michigan State University,Q1_MSU,0,0,0.9221754670143127
R_1jeO6ETiYy13jD3,MSU: Michigan State University,Q1_MSU,1,0,0.9559095501899719
R_1agEFbNVBD6uzGe,MSU: Michigan State University,Q1_MSU,0,0,0.9785884618759155
R_5BkTixjCXyzYtHu,MSU: Michigan State University,Q1_MSU,1,1,0.9493098855018616
R_3CE1L908LIUocDW,MSU: Michigan State University,Q1_MSU,2,2,0.9890804886817932
R_1DMbMvqPxhTzWNe,MSU: Michigan State University,Q1_MSU,1,1,0.9545766711235046
R_17s798cC9h8FRki,MSU: Michigan State University,Q1_MSU,0,0,0.978261411190033
R_1meCY7kthgrePKT,MSU: Michigan State University,Q1_MSU,1,0,0.8290417790412903
R_1m9MBFAHoRbnvfN,MSU: Michigan State University,Q1_MSU,2,1,0.9592396020889282
R_5lsD4p3f3OeQhZT,MSU: Michigan State University,Q1_MSU,0,0,0.9800617098808289
R_7DvVgtggHS3dbm8,MSU: Michigan State University,Q1_MSU,0,1,0.6115905046463013
R_6CjfUSFtEftxcwO,MSU: Michigan State University,Q1_MSU,0,0,0.9815038442611694
R_1j7zKx3TXC3Ld6l,MSU: Michigan State University,Q1_MSU,2,1,0.6330174803733826
R_7chLfHyy4XXe1kF,MSU: Michigan State University,Q1_MSU,1,1,0.9375500082969666
R_7lPNlUEcQETn8nE,MSU: Michigan State University,Q1_MSU,2,2,0.9898481965065002
R_5Cm17waXEih6MZC,MSU: Michigan State University,Q1_MSU,2,2,0.9915251135826111
R_7TsJhxe0dEv7JjX,MSU: Michigan State University,Q1_MSU,2,1,0.9734156727790833
R_1fzjwawLnvTpdGp,MSU: Michigan State University,Q1_MSU,0,0,0.9806344509124756
R_5e32LeyvTWcvbJb,MSU: Michigan State University,Q1_MSU,0,0,0.9803096652030945
R_7eXbzc2vsEubBmC,MSU: Michigan State University,Q1_MSU,0,0,0.9808892607688904
R_6pu96hTPG4w27Ya,MSU: Michigan State University,Q1_MSU,0,0,0.978607177734375
R_52eUJCiF01dSY5l,MSU: Michigan State University,Q1_MSU,2,2,0.989401638507843
R_5psehyJKqnOcdiC,MSU: Michigan State University,Q1_MSU,1,0,0.9799785017967224
R_3dGnGXtj0MQnP2N,MSU: Michigan State University,Q1_MSU,0,0,0.9817110300064087
R_67lmmYaOGVP6QKJ,MSU: Michigan State University,Q1_MSU,2,1,0.9683440923690796
R_7ZIlOE5FzmpApd7,MSU: Michigan State University,Q1_MSU,1,0,0.9766610264778137
R_6b34MoBcNRExhtM,MSU: Michigan State University,Q1_MSU,2,2,0.9892405867576599
R_1QWnCTxWIr04gMy,MSU: Michigan State University,Q1_MSU,1,1,0.9532917737960815
R_3C3Bm5ZMywtzKyI,MSU: Michigan State University,Q1_MSU,1,1,0.9590098857879639
R_5YJ8CmjWo8M7riH,MSU: Michigan State University,Q1_MSU,2,2,0.9915646314620972
R_1fo8NB372yMfRi9,MSU: Michigan State University,Q1_MSU,1,1,0.977830708026886
R_1oRycWMVxXgMf1D,MSU: Michigan State University,Q1_MSU,1,1,0.9651775360107422
R_5bTe2dZpSNpnLUH,MSU: Michigan State University,Q1_MSU,1,0,0.981391429901123
R_6aHbdx8DbPWX2o1,MSU: Michigan State University,Q1_MSU,1,1,0.9675793051719666
R_3q8lv8GpiN7JxGY,MSU: Michigan State University,Q1_MSU,1,0,0.8382381796836853
R_7xY4UYjGehI21Tj,Other university:,Q1_MSU,0,0,0.9796599745750427
R_1Tv4h5bH90f7201,MSU: Michigan State University,Q1_MSU,2,2,0.6989721059799194
R_30dilDvpebAsbZ3,MSU: Michigan State University,Q1_MSU,2,1,0.9099408984184265
R_3j7MKTJmiDBxCBZ,MSU: Michigan State University,Q1_MSU,0,0,0.9811757206916809
R_6jeWoVEik4uzfed,MSU: Michigan State University,Q1_MSU,1,1,0.9713522791862488
R_789lZ44I8GNshCp,MSU: Michigan State University,Q1_MSU,1,1,0.8820327520370483
R_17Axba25LsE6lpf,MSU: Michigan State University,Q1_MSU,2,1,0.9725874662399292
R_6HXoFnEtZW84alh,MSU: Michigan State University,Q1_MSU,1,1,0.9502606987953186
R_6NMWs4jKOc3T0cx,MSU: Michigan State University,Q1_MSU,2,1,0.9723209738731384
R_2C7a6FE6pRIaLB2,MSU: Michigan State University,Q1_MSU,0,0,0.9801728129386902
R_69bGELW1Qj9JBID,MSU: Michigan State University,Q1_MSU,2,2,0.8975022435188293
R_11tiWnKGBHF8yEp,MSU: Michigan State University,Q1_MSU,0,0,0.981814444065094
R_1lRFXdA2dB3DqpF,MSU: Michigan State University,Q1_MSU,1,1,0.9868013858795166
R_1QEzZDccA9Iixot,MSU: Michigan State University,Q1_MSU,1,1,0.8449146151542664
R_6PmLjl86KRNDN0L,MSU: Michigan State University,Q1_MSU,0,0,0.9811094999313354
R_51TvTMSnlBiGSEH,MSU: Michigan State University,Q1_MSU,1,0,0.9809518456459045
R_1wO2xWINZnv2Pgl,MSU: Michigan State University,Q1_MSU,2,1,0.9800211787223816
R_6Q9KoRZ7sZZ8NGp,MSU: Michigan State University,Q1_MSU,0,0,0.9810540676116943
R_7tFQjBRZdB9KfQQ,MSU: Michigan State University,Q1_MSU,1,1,0.7874327898025513
R_1pGWBlQP1LjpIRD,MSU: Michigan State University,Q1_MSU,0,0,0.9814729690551758
R_7OFVTZ7thIcJPxv,MSU: Michigan State University,Q1_MSU,0,0,0.9779201745986938
R_7dgFn8leOiBN1mW,MSU: Michigan State University,Q1_MSU,1,1,0.9410752058029175
R_5ayGN5KL5L04WAO,MSU: Michigan State University,Q1_MSU,2,1,0.9521776437759399
R_6qe9NmVyIJzV2i3,MSU: Michigan State University,Q1_MSU,0,0,0.9817033410072327
R_3dzc7VkYIAp0VHI,MSU: Michigan State University,Q1_MSU,1,1,0.9831468462944031
R_73eOykd4EqFBS25,MSU: Michigan State University,Q1_MSU,1,1,0.9876461625099182
R_1T6yaKnueg8tnxf,MSU: Michigan State University,Q1_MSU,2,1,0.9659538865089417
R_6FrQtrmoVaaxdId,MSU: Michigan State University,Q1_MSU,2,1,0.987580418586731
R_7cc1JsNod7ZNH1W,MSU: Michigan State University,Q1_MSU,2,1,0.9700297713279724
R_7ZBnBzXC68XmLlU,MSU: Michigan State University,Q1_MSU,1,0,0.9808228611946106
R_7kifvEpHn26FFIu,MSU: Michigan State University,Q1_MSU,1,0,0.9833299517631531
R_3GuMHkdg3NoJHk4,MSU: Michigan State University,Q1_MSU,2,2,0.9911068081855774
R_71m6ZA3ErbEozEB,MSU: Michigan State University,Q1_MSU,1,2,0.9900924563407898
R_52Ajg1tXkBQUBps,MSU: Michigan State University,Q1_MSU,2,1,0.9909157156944275
R_54yOQkO6RV2Fu0h,MSU: Michigan State University,Q1_MSU,1,1,0.9746624827384949
R_1YsoX5C6He2Qeir,MSU: Michigan State University,Q1_MSU,1,0,0.9814598560333252
R_3M3Zm5yjwqX9akQ,MSU: Michigan State University,Q1_MSU,2,1,0.985401451587677
R_6fxHZZcshthrGPz,MSU: Michigan State University,Q1_MSU,2,1,0.8590235710144043
R_17qxdEPBdi4joyF,MSU: Michigan State University,Q1_MSU,2,1,0.9710801839828491
R_32z6JyqPQy2wJw0,MSU: Michigan State University,Q1_MSU,2,1,0.9405452013015747
R_51hcWetTrG30ApU,MSU: Michigan State University,Q1_MSU,0,0,0.9804644584655762
R_6YJ2p5IGZvRIWPO,MSU: Michigan State University,Q1_MSU,0,0,0.9765472412109375
R_6CODF2HlF4R8vxz,MSU: Michigan State University,Q1_MSU,1,1,0.8086492419242859
R_5gFKZYh7zJyXN5I,MSU: Michigan State University,Q1_MSU,0,0,0.9801100492477417
R_7w1gunUa80rCwWH,MSU: Michigan State University,Q1_MSU,1,1,0.9632888436317444
R_6zG4W7UthFr0BgN,MSU: Michigan State University,Q1_MSU,2,1,0.9167160987854004
R_5n1lY7j4HFLPNOS,MSU: Michigan State University,Q1_MSU,0,0,0.9630782604217529
R_1iFjw4vp82mAjI5,MSU: Michigan State University,Q1_MSU,2,1,0.978318989276886
R_7J8eQPwCdblwg0h,MSU: Michigan State University,Q1_MSU,1,0,0.440615177154541
R_1az7bNg8eTEeP4e,MSU: Michigan State University,Q1_MSU,1,1,0.8030619025230408
R_3Ic2aKYvTI6OVxN,MSU: Michigan State University,Q1_MSU,1,0,0.9813264608383179
R_63314s0wC3IOZ9o,MSU: Michigan State University,Q1_MSU,2,1,0.6812034845352173
R_5TZvZEwxhYamuhT,MSU: Michigan State University,Q1_MSU,1,0,0.9394330382347107
R_6ToR14DeaA2Xta7,MSU: Michigan State University,Q1_MSU,1,2,0.7415237426757812
R_5lkjZbE7yI7XmW5,MSU: Michigan State University,Q1_MSU,0,0,0.9248324036598206
R_1A0ghqBeeBzvAEF,MSU: Michigan State University,Q1_MSU,0,0,0.9664735794067383
R_5CWD0JuSVBYdLbz,,Q1_MSU,2,2,0.7982077598571777
R_3fVln2uZvaEbPps,MSU: Michigan State University,Q1_MSU,1,1,0.6781569123268127
R_3Hp4CKqOpYfb5GQ,MSU: Michigan State University,Q1_MSU,1,1,0.9918645620346069
R_1dW3mjRwl7Dnyz4,,Q1_MSU,1,1,0.9828076362609863
R_1a6Uy1bSM2zTlJf,,Q1_MSU,1,1,0.9684794545173645
R_6zVcry4HBGmGiub,,Q1_MSU,1,1,0.9762235283851624
R_7CxrZywo1NiI2xM,,Q1_MSU,0,0,0.9839591383934021
R_30hRkVmLMLsCKT6,,Q1_MSU,1,2,0.7929351925849915
R_5gx3VvkYEuzdKw1,,Q1_MSU,1,0,0.7588695883750916
R_6YmGJfiTeuJvmUe,,Q1_MSU,0,0,0.9727363586425781
R_3Ttl7urkH4co1ya,MSU: Michigan State University,Q1_MSU,1,0,0.980843722820282
R_3FLCereifJOqJHB,MSU: Michigan State University,Q1_MSU,2,1,0.9577181339263916
R_6JIpSn2PHcfYhUM,,Q1_MSU,1,0,0.9818755984306335
R_7RxqiS3ycf5ZYQU,MSU: Michigan State University,Q1_MSU,1,0,0.9799137115478516
R_5aCuI1b8vgFpgUF,MSU: Michigan State University,Q1_MSU,0,0,0.9805656671524048
R_z0WKFPu3tSlNfTH,PSU: Penn State University,Q1_ISU,1,1,0.9907388687133789
R_1l66GdLrB7XNWi8,PSU: Penn State University,Q2_PSU,0,2,0.9914311766624451
R_1l66GdLrB7XNWi8,PSU: Penn State University,Q1_ISU,1,1,0.9915677905082703
R_122MwTGfrwca13M,PSU: Penn State University,Q1_UF,1,1,0.9356379508972168
R_1IMiwrU6w54EzAb,PSU: Penn State University,Q1_UF,1,1,0.6062914729118347
R_3m1RkofpSZV7zDq,PSU: Penn State University,Q1_PSU,0,0,0.9976673126220703
R_3m1RkofpSZV7zDq,PSU: Penn State University,Q1_ISU,0,1,0.9906933903694153
R_2sXOrFPe5l9cPzS,PSU: Penn State University,Q1_ISU,1,1,0.9905636310577393
R_29aC8tkvlW0QaXr,PSU: Penn State University,Q1_UF,2,2,0.698658287525177
R_u3PvJY8fkffI8lr,PSU: Penn State University,Q2_PSU,1,0,0.9300992488861084
R_1NlZV6fqxd7X6RC,PSU: Penn State University,Q2_PSU,0,0,0.9956660270690918
R_1NlZV6fqxd7X6RC,PSU: Penn State University,Q1_ISU,1,1,0.9908773303031921
R_3HIelPHxMjfwJIG,PSU: Penn State University,Q2_PSU,0,0,0.996579110622406
R_2wv3wZ92MoN3E9r,PSU: Penn State University,Q1_UF,1,1,0.8994117975234985
R_ufVESZoR2NL6zyp,PSU: Penn State University,Q1_UF,2,0,0.9310213923454285
R_12hAt7ATgO0RA7n,PSU: Penn State University,Q1_ISU,1,1,0.9905739426612854
R_2AKVGvqdMi8YZIX,PSU: Penn State University,Q1_PSU,0,0,0.997818112373352
R_066oxvWqpfj5zeF,PSU: Penn State University,Q1_PSU,1,0,0.9975358247756958
R_3eeGjx3cWvJPnPg,PSU: Penn State University,Q2_PSU,2,0,0.9960590600967407
R_3GwfzwDw9ksWr7z,PSU: Penn State University,Q1_ISU,1,1,0.9907258749008179
R_0ohthSKuNkgV2Lv,PSU: Penn State University,Q1_UF,1,1,0.4852328300476074
R_vYRbJXOKzSB5G6Z,PSU: Penn State University,Q2_PSU,2,2,0.9921743869781494
R_vq9QSu4nEAA7MIh,PSU: Penn State University,Q1_ISU,1,1,0.9909466505050659
R_29aIk5M1NErQxNy,PSU: Penn State University,Q1_UF,1,1,0.9920989274978638
R_xFz8K2qaW2iGMYF,PSU: Penn State University,Q1_UF,2,2,0.8947811126708984
R_PYbhWcT1jydZkKB,PSU: Penn State University,Q2_PSU,1,2,0.9893980026245117
R_3OpifydsCbosVPk,PSU: Penn State University,Q1_UF,1,1,0.7513087391853333
R_6mT10RbD4ZTvqMx,PSU: Penn State University,Q1_ISU,1,1,0.9916402101516724
R_OORuNdZxlYhY0RX,PSU: Penn State University,Q2_PSU,2,0,0.7676156759262085
R_3NRh2LK4sspKgog,PSU: Penn State University,Q1_ISU,1,1,0.9906747937202454
R_21G0isU2CU5xWLh,PSU: Penn State University,Q1_ISU,1,1,0.9922237396240234
R_2e8CvnZxppcxIm9,PSU: Penn State University,Q2_PSU,2,2,0.9816117882728577
R_1LqIK0FPG1RKB5t,PSU: Penn State University,Q1_ISU,1,1,0.9905450344085693
R_3MtXkjSjfcHjRFC,PSU: Penn State University,Q2_PSU,1,2,0.9915575981140137
R_10UwOszxjni8RCt,PSU: Penn State University,Q1_PSU,0,0,0.9976215958595276
R_s6kxyXppo1xYqDn,PSU: Penn State University,Q1_PSU,0,0,0.9976595640182495
R_1LdkJxKT92vgBu0,PSU: Penn State University,Q2_PSU,1,1,0.9172618389129639
R_1LdkJxKT92vgBu0,PSU: Penn State University,Q1_UF,1,0,0.47860023379325867
R_2OSB6YgbltBIuPM,PSU: Penn State University,Q1_UF,2,1,0.5507797598838806
R_3Jq3xnd83NbmhtV,PSU: Penn State University,Q2_PSU,0,0,0.9964472651481628
R_264703U4ayWfIXr,PSU: Penn State University,Q1_ISU,1,1,0.991596519947052
R_1DVgccj3uXDvjMm,PSU: Penn State University,Q1_ISU,1,1,0.9907956719398499
R_2BzBclV5NaxDv1p,PSU: Penn State University,Q1_PSU,2,2,0.9510858058929443
R_1FkS5YJy8Y5aL6w,PSU: Penn State University,Q1_UF,2,2,0.414324551820755
R_1IXYMKhTr5iXFbL,PSU: Penn State University,Q2_PSU,0,0,0.9967016577720642
R_2fycQm7V284mc9R,PSU: Penn State University,Q1_PSU,0,0,0.9975529313087463
R_2fycQm7V284mc9R,PSU: Penn State University,Q2_PSU,0,0,0.9960832595825195
R_2sTLIBtWJCWPCXb,PSU: Penn State University,Q1_PSU,0,0,0.9968419075012207
R_1GQNxNb6PnCT4c1,PSU: Penn State University,Q1_ISU,1,1,0.9908356666564941
R_sYwkzjs7HGM6EcF,PSU: Penn State University,Q1_ISU,1,1,0.9908356666564941
R_3rzeTM8x9tdbFlL,PSU: Penn State University,Q2_PSU,0,0,0.9967994689941406
R_2bPkSoIazSetnIm,PSU: Penn State University,Q1_UF,2,1,0.7210654020309448
R_3j1bbFwuxfuOoGF,PSU: Penn State University,Q1_PSU,0,0,0.9977689981460571
R_3j1bbFwuxfuOoGF,PSU: Penn State University,Q2_PSU,0,1,0.9484382271766663
R_2WSzYG18YEdmZU3,PSU: Penn State University,Q2_PSU,0,0,0.9972119927406311
R_3MDPBtHmsFd8Cy8,PSU: Penn State University,Q1_UF,1,0,0.7529915571212769
R_1o0fOxcpDDM4zAa,PSU: Penn State University,Q1_PSU,0,1,0.6246129274368286
R_3rGOAFarAkjrOPA,PSU: Penn State University,Q1_PSU,0,0,0.9976383447647095
R_u7TVSAJ35KqVspH,PSU: Penn State University,Q1_ISU,2,2,0.9619253873825073
R_5A6ueXUACckyJaN,PSU: Penn State University,Q1_PSU,0,0,0.9976204037666321
R_2tA0FQYOB28BoiU,PSU: Penn State University,Q1_UF,2,2,0.9538045525550842
R_1esiGbza5Thh6Qv,PSU: Penn State University,Q1_PSU,0,0,0.9976953864097595
R_4Txwj1Z8mF7s85X,PSU: Penn State University,Q2_PSU,1,2,0.99177086353302
R_9QAP4Iv1vCc9wt3,PSU: Penn State University,Q1_PSU,0,0,0.9975787997245789
R_3oHjMkrbuvCxSDv,PSU: Penn State University,Q1_PSU,0,0,0.9977399110794067
R_3oHjMkrbuvCxSDv,PSU: Penn State University,Q2_PSU,0,0,0.9963812828063965
R_3CLwcVOq4Xm1MZ3,PSU: Penn State University,Q1_PSU,1,1,0.9922354817390442
R_3CLwcVOq4Xm1MZ3,PSU: Penn State University,Q1_ISU,1,1,0.9907081127166748
R_20UJyZdtiuT8vjx,PSU: Penn State University,Q1_UF,2,1,0.6121587753295898
R_W3d0tF3CHh8NxPb,PSU: Penn State University,Q1_UF,1,2,0.9764873385429382
R_3LZHZe13wf1Xzzb,PSU: Penn State University,Q2_PSU,2,2,0.6332004070281982
R_2w7DTUIvhUck9ZD,PSU: Penn State University,Q2_PSU,2,2,0.9910297393798828
R_1LnS7oLQqusIsTw,PSU: Penn State University,Q1_UF,1,1,0.9952928423881531
R_1IKwytqUs3LKOLa,PSU: Penn State University,Q1_ISU,1,1,0.9925307631492615
R_3GAFbni007wYCAU,PSU: Penn State University,Q1_PSU,0,0,0.9976682066917419
R_OdHBEPbi4Bc3k8V,PSU: Penn State University,Q1_ISU,1,1,0.9921672940254211
R_2YMnSlJ2KDI9y1r,PSU: Penn State University,Q1_PSU,0,0,0.9977265000343323
R_2YMnSlJ2KDI9y1r,PSU: Penn State University,Q1_ISU,2,2,0.9896913170814514
R_2v5POPIxcqguirO,PSU: Penn State University,Q2_PSU,2,2,0.9923720359802246
R_2v5POPIxcqguirO,PSU: Penn State University,Q1_ISU,2,2,0.990627646446228
R_1cUGtsOcx37eqv6,PSU: Penn State University,Q1_PSU,1,1,0.9903144240379333
R_Aui5ymXBPwD3pPH,PSU: Penn State University,Q1_ISU,1,1,0.9915055632591248
R_8eJ3aTwMlzWRNkd,PSU: Penn State University,Q1_PSU,1,1,0.9861410856246948
R_2691iXQox1fb654,PSU: Penn State University,Q1_UF,2,2,0.7995351552963257
R_3EAMEnHKQ6fJBQ5,PSU: Penn State University,Q2_PSU,0,0,0.9964848756790161
R_27D91lHPQEcZufZ,PSU: Penn State University,Q2_PSU,0,0,0.9372674226760864
R_27D91lHPQEcZufZ,PSU: Penn State University,Q1_UF,2,1,0.6738923192024231
R_1ouLvUC0RCWpDCA,PSU: Penn State University,Q1_UF,1,1,0.9930693507194519
R_3rZzcYci6UVbWN3,PSU: Penn State University,Q1_UF,1,1,0.9612960815429688
R_2b0H0bcLUXjhwSG,PSU: Penn State University,Q1_PSU,0,0,0.9976367950439453
R_2xzdrvsBpMXmi9C,PSU: Penn State University,Q1_UF,2,2,0.9273600578308105
R_DOvncP7cS2avQIx,PSU: Penn State University,Q2_PSU,2,2,0.9925096035003662
R_UyjlbEOI959NGpz,PSU: Penn State University,Q1_ISU,2,1,0.9926455020904541
R_32Kmp5dZ0y3EQ0P,PSU: Penn State University,Q1_ISU,2,2,0.9902999401092529
R_3hz4mpvs3jbTkPx,PSU: Penn State University,Q1_ISU,2,1,0.9770142436027527
R_Qm2ScsTgFjL2Rkl,PSU: Penn State University,Q1_UF,1,1,0.9408811926841736
R_1mwlYTN4hjQ6J9M,PSU: Penn State University,Q2_PSU,2,2,0.9906168580055237
R_1mwlYTN4hjQ6J9M,PSU: Penn State University,Q1_UF,2,1,0.6223841309547424
R_SZAfcLgNCkdt7Nv,PSU: Penn State University,Q1_PSU,0,0,0.9607603549957275
R_SZAfcLgNCkdt7Nv,PSU: Penn State University,Q1_ISU,1,1,0.9905217885971069
R_OH9kmxra9NUcBUt,PSU: Penn State University,Q1_PSU,0,1,0.7424399256706238
R_1E0AWrSJc9uHZZK,PSU: Penn State University,Q1_PSU,0,0,0.9977746605873108
R_XHsQQKvRjkE4jp7,PSU: Penn State University,Q1_PSU,0,0,0.997793436050415
R_11ZSlGdTcRG32gt,PSU: Penn State University,Q2_PSU,0,0,0.9971991777420044
R_1FRkCc67CEMoyqf,PSU: Penn State University,Q1_UF,2,1,0.8303947448730469
R_2pM1h0Jl22vQgvU,PSU: Penn State University,Q1_PSU,1,0,0.9976504445075989
R_31KM0EUmbo0bh9f,PSU: Penn State University,Q1_PSU,0,0,0.9975312352180481
R_31KM0EUmbo0bh9f,PSU: Penn State University,Q1_ISU,1,1,0.9909363389015198
R_3M6uwgz02U3qiWN,PSU: Penn State University,Q1_ISU,1,2,0.9634209275245667
R_2uDt11NpqhwYl9R,PSU: Penn State University,Q1_PSU,0,0,0.9977003931999207
R_2uss1F8RkdoZB52,PSU: Penn State University,Q1_UF,1,2,0.38330647349357605
R_12QrYjPB7QH4JLE,PSU: Penn State University,Q1_ISU,2,2,0.9890538454055786
R_1QabecUoEmsoLQQ,PSU: Penn State University,Q1_UF,1,2,0.3659542500972748
R_22YvpsdWWWR5UZc,PSU: Penn State University,Q1_UF,1,1,0.9889657497406006
R_1oIqQnawnKddlm2,PSU: Penn State University,Q1_UF,2,2,0.9837371706962585
R_abdBM757mHL5Feh,PSU: Penn State University,Q1_ISU,1,1,0.9909283518791199
R_XU62ucC4dii6aqt,PSU: Penn State University,Q2_PSU,2,2,0.9925898313522339
R_XU62ucC4dii6aqt,PSU: Penn State University,Q1_UF,1,1,0.6113385558128357
R_1g8sY5TgQDZznR0,PSU: Penn State University,Q2_PSU,0,2,0.9853642582893372
R_1g8sY5TgQDZznR0,PSU: Penn State University,Q1_UF,2,0,0.6064894795417786
R_3QQ41QmUrhPM1fk,PSU: Penn State University,Q2_PSU,0,0,0.9972589015960693
R_3nHmjNeQVru0R56,PSU: Penn State University,Q2_PSU,2,1,0.6600871086120605
R_RIcnzT4O49FwBah,PSU: Penn State University,Q1_UF,0,1,0.8661572933197021
R_31KLOE7TbPhJqOe,PSU: Penn State University,Q1_UF,1,2,0.5185083746910095
R_2X5xu5LHqtF2xlk,PSU: Penn State University,Q1_PSU,0,0,0.9976703524589539
R_3e5p8yFviePVYdq,PSU: Penn State University,Q1_UF,2,2,0.9409570097923279
R_0TZkYvddsVO173P,PSU: Penn State University,Q1_PSU,0,0,0.9975739121437073
R_2YfYUT1xJIjYOxM,PSU: Penn State University,Q1_ISU,0,1,0.9907863736152649
R_3IXIPa8GlonCPfb,PSU: Penn State University,Q2_PSU,1,0,0.9958563446998596
R_2e24CoYoj0XyUmY,PSU: Penn State University,Q1_PSU,1,1,0.9893738627433777
R_qvW3mRZEl5DJc2J,PSU: Penn State University,Q1_PSU,0,0,0.9976738095283508
R_qvW3mRZEl5DJc2J,PSU: Penn State University,Q1_ISU,0,1,0.9917946457862854
R_1DHACqvlxddpRtV,PSU: Penn State University,Q1_UF,2,2,0.9703180193901062
R_554Y00rFuX1J1Sx,PSU: Penn State University,Q2_PSU,2,1,0.6433932781219482
R_2wblAk1edMhLoUW,PSU: Penn State University,Q2_PSU,1,2,0.7261198163032532
R_2Y50cuSYlZXoEUF,PSU: Penn State University,Q1_ISU,1,1,0.9917005896568298
R_3oNt2B481hbO61p,PSU: Penn State University,Q2_PSU,0,0,0.9964035749435425
R_3MN0lcXcnqY4FAi,PSU: Penn State University,Q1_PSU,0,1,0.9917047023773193
R_2axlNCof4gdr2MA,PSU: Penn State University,Q1_UF,1,1,0.8793783187866211
R_290SaKGlq94q3e8,PSU: Penn State University,Q1_UF,1,0,0.9920622110366821
R_1JRT1VSStf0wERQ,PSU: Penn State University,Q1_PSU,0,0,0.9624213576316833
R_0wA89wHMePjsAet,PSU: Penn State University,Q2_PSU,2,2,0.9904276132583618
R_2ZP8Ypjiykhp0pn,PSU: Penn State University,Q1_PSU,0,0,0.9976765513420105
R_0GR200p0tEnUx8t,PSU: Penn State University,Q1_ISU,2,2,0.9902419447898865
R_cCFpr1v79p0Hsw9,PSU: Penn State University,Q2_PSU,0,2,0.4673401117324829
R_RmdyOzXM3ca1Mg9,PSU: Penn State University,Q1_PSU,0,0,0.9921411275863647
R_eV95J9IiXUMllJL,PSU: Penn State University,Q1_UF,1,1,0.982161819934845
R_8CSIhxWDvZ0xGtX,PSU: Penn State University,Q1_UF,1,1,0.9950526356697083
R_aY7EsuSeJK2hyIV,PSU: Penn State University,Q2_PSU,2,2,0.9903877377510071
R_3NVDNbAyFG3eyjE,PSU: Penn State University,Q1_UF,2,2,0.8550718426704407
R_xxW5R7zl1SQ7NQt,PSU: Penn State University,Q1_ISU,1,2,0.9903544187545776
R_1gNqwkWurwW2UdU,PSU: Penn State University,Q2_PSU,0,2,0.9846076369285583
R_3DtNLN5YlQgV68z,PSU: Penn State University,Q2_PSU,0,0,0.9929611086845398
R_1IGXimyXa8pTpGd,PSU: Penn State University,Q1_PSU,0,0,0.997509241104126
R_1IGXimyXa8pTpGd,PSU: Penn State University,Q2_PSU,2,2,0.9899008870124817
R_3hgzPwHBzWWInHJ,PSU: Penn State University,Q2_PSU,1,1,0.58502197265625
R_3hgzPwHBzWWInHJ,PSU: Penn State University,Q1_ISU,1,1,0.9905999898910522
R_siMpY57NjIqDuAF,PSU: Penn State University,Q1_PSU,2,2,0.948069155216217
R_1gO2dWVNZxvaNad,PSU: Penn State University,Q1_PSU,0,0,0.9977596998214722
R_1gO2dWVNZxvaNad,PSU: Penn State University,Q2_PSU,0,1,0.4787328541278839
R_3oRgyaMbTLuMiyV,PSU: Penn State University,Q1_PSU,2,2,0.9336380362510681
R_3iOo48BxWeCaH3X,PSU: Penn State University,Q1_PSU,0,0,0.9976311922073364
R_2xFWHBjWjv0AgMM,PSU: Penn State University,Q1_ISU,1,1,0.990642249584198
R_2sZ9pQQhsjfrjPI,PSU: Penn State University,Q1_ISU,1,1,0.9908711314201355
R_3pmYfoQiF1eoHH6,PSU: Penn State University,Q2_PSU,2,1,0.9232091307640076
R_3FQKaAGMCnV4yD8,PSU: Penn State University,Q2_PSU,0,0,0.997348427772522
R_1UghnLqNa80x9GV,PSU: Penn State University,Q2_PSU,0,0,0.9970453381538391
R_2zuLzFVjEex1tqL,PSU: Penn State University,Q1_PSU,0,0,0.9977735877037048
R_cFTZchcxzaKlfBn,PSU: Penn State University,Q1_UF,2,2,0.9766860604286194
R_1FFebHE3R39AmHc,PSU: Penn State University,Q2_PSU,2,2,0.9901178479194641
R_2yekRdhBljiyFny,PSU: Penn State University,Q1_UF,1,2,0.8974855542182922
R_VHZhE23R59BwEF3,PSU: Penn State University,Q1_UF,2,1,0.46727225184440613
R_2XcBeFtLm9cQxPI,PSU: Penn State University,Q1_PSU,1,1,0.8908901214599609
R_OCGnSDlHdbL7YyZ,PSU: Penn State University,Q1_ISU,1,2,0.9905615448951721
R_3eeuuuxXdL4I4xz,PSU: Penn State University,Q1_PSU,0,0,0.997697651386261
R_sqkjq1BIsYdo13P,PSU: Penn State University,Q1_PSU,1,0,0.9976755976676941
R_z7H0x2Fw77lQnDz,PSU: Penn State University,Q1_PSU,0,0,0.9975951313972473
R_3HXLQfZBwfb4D3o,PSU: Penn State University,Q1_PSU,1,0,0.9976626634597778
R_2xG0Gby5uaEagg2,PSU: Penn State University,Q1_PSU,0,0,0.981829047203064
R_2Y9dJ1EovU7KnUZ,PSU: Penn State University,Q1_ISU,2,2,0.9896928668022156
R_pyLLyAhyG1rJQFr,PSU: Penn State University,Q1_PSU,1,2,0.988234281539917
R_pyLLyAhyG1rJQFr,PSU: Penn State University,Q1_UF,1,2,0.9130107760429382
R_db4vCGLjpeFMb17,PSU: Penn State University,Q1_ISU,1,1,0.9920902252197266
R_1Q5chPumneQgdLf,PSU: Penn State University,Q1_PSU,1,1,0.9915163516998291
R_1Q5chPumneQgdLf,PSU: Penn State University,Q1_UF,1,1,0.4337175786495209
R_2382DWunOMxASsv,PSU: Penn State University,Q1_ISU,2,2,0.9902729392051697
R_u24R1uREHUwuPZv,PSU: Penn State University,Q1_UF,1,0,0.9913290739059448
R_1QgbTA4BSyG48sI,PSU: Penn State University,Q1_ISU,1,1,0.9919183850288391
R_1LLMo8ozOKNziJn,PSU: Penn State University,Q1_ISU,1,2,0.9891067147254944
R_yUOu1eS8T0qTXEZ,PSU: Penn State University,Q2_PSU,0,2,0.992284893989563
R_Z46irbyTmM2EXfj,PSU: Penn State University,Q1_ISU,1,1,0.992063581943512
R_2urJD0xBghgd2gy,PSU: Penn State University,Q1_ISU,2,2,0.9905780553817749
R_rdS31EdR9kAiugV,PSU: Penn State University,Q1_PSU,0,0,0.9977712631225586
R_rdS31EdR9kAiugV,PSU: Penn State University,Q1_UF,1,1,0.9918786287307739
R_Tt7e8pcdKqCmgjT,PSU: Penn State University,Q1_PSU,0,1,0.9260164499282837
R_1LNyrgPd47lIRtA,PSU: Penn State University,Q1_ISU,1,1,0.9908060431480408
R_2wcxfZ6xnZip0vs,PSU: Penn State University,Q1_ISU,1,1,0.990672767162323
R_1PZaWCHMHLmDXit,PSU: Penn State University,Q1_PSU,2,1,0.9706986546516418
R_3nUWC6uET5T9ZJO,PSU: Penn State University,Q1_ISU,1,1,0.991925060749054
R_3s6Boc8cOn0fJqZ,PSU: Penn State University,Q1_ISU,1,1,0.9912848472595215
R_2yjQ1fZEpoy49zj,PSU: Penn State University,Q2_PSU,1,1,0.642425537109375
R_018VAqBGhU70NcB,PSU: Penn State University,Q1_UF,1,1,0.9928836822509766
R_3JC9UvoqX8ifLX7,PSU: Penn State University,Q1_ISU,1,1,0.9923804998397827
R_9siVlV96mtcyg2R,PSU: Penn State University,Q1_PSU,2,1,0.9878381490707397
R_9siVlV96mtcyg2R,PSU: Penn State University,Q1_ISU,1,2,0.9874124526977539
R_cLUd6TjVAe5cV3P,PSU: Penn State University,Q1_PSU,0,1,0.9919973015785217
R_cLUd6TjVAe5cV3P,PSU: Penn State University,Q2_PSU,1,1,0.6207351684570312
R_cLUd6TjVAe5cV3P,PSU: Penn State University,Q1_UF,1,0,0.9914822578430176
R_DMfjr2Cu1vC5dzX,PSU: Penn State University,Q2_PSU,1,1,0.9870402216911316
R_1mmSHzdtcVfs7LI,PSU: Penn State University,Q2_PSU,1,0,0.9947064518928528
R_2AQdHjgWbATholG,PSU: Penn State University,Q2_PSU,2,2,0.9914924502372742
R_yKHrojYcsKHXRn3,PSU: Penn State University,Q2_PSU,0,0,0.9971644282341003
R_NXOYcs4PiaYOH3H,PSU: Penn State University,Q2_PSU,0,1,0.8495089411735535
R_s7KG7lzoybjbmOl,PSU: Penn State University,Q1_PSU,0,0,0.9977315068244934
R_2ZCQg9qcf00K0nM,PSU: Penn State University,Q1_ISU,2,2,0.9883914589881897
R_1Q3O51bn5s9xleT,PSU: Penn State University,Q1_UF,1,0,0.986764669418335
R_2c5tTfb1ODKcO6K,PSU: Penn State University,Q1_PSU,0,0,0.9976407289505005
R_2cobc56gHFRNG8a,PSU: Penn State University,Q1_UF,2,1,0.8153075575828552
R_2AYDSIqiwCEuZAq,PSU: Penn State University,Q1_PSU,0,0,0.997687578201294
R_2b3pgBzclhyMXyh,PSU: Penn State University,Q1_PSU,0,0,0.9977189898490906
R_2b3pgBzclhyMXyh,PSU: Penn State University,Q1_UF,0,0,0.9904847145080566
R_2e8YcmBNw9beIl7,PSU: Penn State University,Q1_ISU,0,1,0.9907922744750977
R_XzakpuXrobBzlAt,PSU: Penn State University,Q1_ISU,1,1,0.9916150569915771
R_XzakpuXrobBzlAt,PSU: Penn State University,Q1_UF,0,0,0.9864783883094788
R_2bOEJEeQqC8yM15,PSU: Penn State University,Q1_PSU,0,0,0.9977366924285889
R_2Sk9IsqTNfiBPEW,PSU: Penn State University,Q1_UF,2,1,0.6376669406890869
R_31uSAtzx5xikiKz,PSU: Penn State University,Q1_UF,2,0,0.9910643100738525
R_3FUMswxDmcuwfYw,PSU: Penn State University,Q1_UF,1,2,0.9824624061584473
R_2bTNbUkmBAHPFip,PSU: Penn State University,Q2_PSU,1,1,0.8865364193916321
R_72kRFunhVD3NdMB,PSU: Penn State University,Q1_PSU,0,0,0.9977061748504639
R_AvrTXp0elFzhaHD,PSU: Penn State University,Q1_PSU,0,0,0.9871406555175781
R_1kYo4wf3jPIGV9r,PSU: Penn State University,Q1_PSU,0,0,0.9977217316627502
R_1kYo4wf3jPIGV9r,PSU: Penn State University,Q2_PSU,2,2,0.9923399686813354
R_xyZG2y6JfXB6wgx,PSU: Penn State University,Q2_PSU,2,2,0.6371549367904663
R_3nShatUN06gWw1q,PSU: Penn State University,Q1_UF,2,1,0.7185238003730774
R_yKJbA0ktkSFmhUd,PSU: Penn State University,Q1_UF,2,1,0.6307735443115234
R_W2QQnRPar7okB8Z,PSU: Penn State University,Q2_PSU,0,2,0.9434731006622314
R_3ekMjWWPh8NS3U4,PSU: Penn State University,Q1_ISU,1,1,0.990724503993988
R_3EQpTuK6O15bFI3,PSU: Penn State University,Q2_PSU,0,2,0.9730481505393982
R_2zIKgQSC515vGgH,PSU: Penn State University,Q1_PSU,0,0,0.9976598024368286
R_1oBbHM8Ac3xqvzI,PSU: Penn State University,Q1_UF,2,2,0.8596141934394836
R_12fLjcUdydyxLqm,PSU: Penn State University,Q1_ISU,1,1,0.9929118752479553
R_12fLjcUdydyxLqm,PSU: Penn State University,Q1_UF,2,0,0.7267306447029114
R_3JxFHAGWLfSlFsD,PSU: Penn State University,Q1_PSU,0,0,0.9977760910987854
R_3JxFHAGWLfSlFsD,PSU: Penn State University,Q2_PSU,1,1,0.9729741811752319
R_oXgsIao4ScwJzCF,PSU: Penn State University,Q2_PSU,2,2,0.9920945763587952
R_oXgsIao4ScwJzCF,PSU: Penn State University,Q1_ISU,2,2,0.9905127882957458
R_oXgsIao4ScwJzCF,PSU: Penn State University,Q1_UF,1,1,0.9789236187934875
R_1jWfcvTFxFcDkiB,PSU: Penn State University,Q1_PSU,0,0,0.9977147579193115
R_1jWfcvTFxFcDkiB,PSU: Penn State University,Q2_PSU,1,0,0.5408598184585571
R_1jWfcvTFxFcDkiB,PSU: Penn State University,Q1_UF,0,0,0.4979439675807953
R_30oPnnlYTtrHSX4,PSU: Penn State University,Q2_PSU,0,0,0.9959226846694946
R_3lLz0Hg3Wys8Oy8,PSU: Penn State University,Q2_PSU,0,2,0.9132394194602966
R_3lLz0Hg3Wys8Oy8,PSU: Penn State University,Q1_ISU,1,1,0.9911126494407654
R_3lLz0Hg3Wys8Oy8,PSU: Penn State University,Q1_UF,1,1,0.9656923413276672
R_2wgKRwaR0uIjmkI,PSU: Penn State University,Q2_PSU,1,2,0.6090548634529114
R_2wgKRwaR0uIjmkI,PSU: Penn State University,Q1_ISU,2,2,0.9889786839485168
R_2wgKRwaR0uIjmkI,PSU: Penn State University,Q1_UF,1,1,0.5233849287033081
R_TnnWNxaI10T5hQt,PSU: Penn State University,Q2_PSU,1,1,0.6592005491256714
R_TnnWNxaI10T5hQt,PSU: Penn State University,Q1_UF,2,1,0.975728452205658
R_23ZCq3ASkbgUAYy,PSU: Penn State University,Q1_PSU,0,1,0.8980146646499634
R_23ZCq3ASkbgUAYy,PSU: Penn State University,Q2_PSU,2,2,0.9921033978462219
R_2f7nkNb2zS8H2g2,PSU: Penn State University,Q1_UF,2,0,0.49095043540000916
R_sjwZbjnlkl9NCsV,PSU: Penn State University,Q2_PSU,2,2,0.9909923076629639
R_77fqwBe36q6opjz,PSU: Penn State University,Q1_ISU,1,1,0.9917528033256531
R_1cV1DtGhm19H1Xw,PSU: Penn State University,Q1_PSU,0,0,0.9977164268493652
R_2PzkciotJizjipM,PSU: Penn State University,Q1_ISU,0,1,0.9903451800346375
R_1pQLqkVsTNbRlLM,PSU: Penn State University,Q1_UF,1,1,0.993963897228241
R_1lzrW3mdik35oJj,PSU: Penn State University,Q1_PSU,1,1,0.9867504239082336
R_2v1fsCs1kEbqueg,PSU: Penn State University,Q1_PSU,0,0,0.5861878395080566
R_3iywfbyAzX3I2QF,PSU: Penn State University,Q1_UF,1,1,0.9952076077461243
R_3LXqhD35HXyHSid,PSU: Penn State University,Q2_PSU,2,2,0.9912882447242737
R_1FEZgK7FQnublWL,PSU: Penn State University,Q1_ISU,0,2,0.9886395931243896
R_25QrdHcfYFQLb14,PSU: Penn State University,Q2_PSU,1,2,0.47059547901153564
R_2PdtYczau7Uk4XE,PSU: Penn State University,Q1_PSU,0,1,0.9935712814331055
R_2PdtYczau7Uk4XE,PSU: Penn State University,Q1_UF,2,2,0.6072057485580444
R_322DIW2eF1XRLhg,PSU: Penn State University,Q2_PSU,0,1,0.6277263760566711
R_27cWrRaucZV9ZHR,PSU: Penn State University,Q1_PSU,0,1,0.991448700428009
R_3EQjYy7s90EI2Ki,PSU: Penn State University,Q1_PSU,0,0,0.997698962688446
R_1dlUP4QUv48wynf,PSU: Penn State University,Q1_PSU,0,0,0.9977769255638123
R_YW8EJmeK0wImyZz,PSU: Penn State University,Q1_ISU,2,2,0.9900418519973755
R_1DFQdb69WemdNys,PSU: Penn State University,Q1_PSU,0,0,0.9978089928627014
R_qyGOQwBR5tfVqwh,PSU: Penn State University,Q2_PSU,2,0,0.996729850769043
R_qyGOQwBR5tfVqwh,PSU: Penn State University,Q1_ISU,1,1,0.9910826683044434
R_3n1e150ezwNcfjX,PSU: Penn State University,Q1_UF,2,1,0.4810083210468292
R_1E0fq86YYM68mWY,PSU: Penn State University,Q1_PSU,0,0,0.9977502226829529
R_ApShLCQdDilMli1,PSU: Penn State University,Q1_PSU,0,0,0.9976699948310852
R_ApShLCQdDilMli1,PSU: Penn State University,Q1_ISU,1,1,0.9907421469688416
R_2pKWdWJd9mc5KE2,PSU: Penn State University,Q1_UF,1,1,0.9786258935928345
R_yQLx7RLSqdVsyyJ,PSU: Penn State University,Q1_ISU,1,1,0.992698609828949
R_DOvCNXcAsjHK9Db,PSU: Penn State University,Q2_PSU,2,0,0.9824168682098389
R_UQJ6Q1e5seqAwA9,PSU: Penn State University,Q1_UF,1,2,0.7285199165344238
R_p4R7pYYluPXM9zj,PSU: Penn State University,Q1_PSU,1,1,0.9930403232574463
R_1hRvIjTENafCbEr,PSU: Penn State University,Q2_PSU,0,0,0.9865200519561768
R_1jpO1xjNUPpAU79,PSU: Penn State University,Q1_UF,2,2,0.8163347244262695
R_W7ivFKtOrz50dYl,PSU: Penn State University,Q1_PSU,1,0,0.9959973096847534
R_W7ivFKtOrz50dYl,PSU: Penn State University,Q1_ISU,2,2,0.9906202554702759
R_blLRkggJANBkeOt,PSU: Penn State University,Q1_PSU,0,0,0.9977450966835022
R_2fvOPlXKiQEwhhn,PSU: Penn State University,Q2_PSU,2,2,0.992165207862854
R_77f1tkv8XYuxw7T,PSU: Penn State University,Q1_ISU,1,1,0.991992712020874
R_3qEDP0qBmXUs8eJ,PSU: Penn State University,Q1_PSU,0,1,0.9906367659568787
R_3qEDP0qBmXUs8eJ,PSU: Penn State University,Q1_ISU,1,2,0.988384485244751
R_2y47BjS5CxVYIJd,PSU: Penn State University,Q1_ISU,1,1,0.9929231405258179
R_1pAP96GKp6c3Jg4,PSU: Penn State University,Q1_ISU,1,1,0.991449773311615
R_3J90jYcSvNkJJHp,PSU: Penn State University,Q1_PSU,0,0,0.9977389574050903
R_3J90jYcSvNkJJHp,PSU: Penn State University,Q1_UF,2,0,0.9886667728424072
R_uvO1hQKStvJoaVr,PSU: Penn State University,Q1_PSU,0,0,0.9977142810821533
R_uvO1hQKStvJoaVr,PSU: Penn State University,Q2_PSU,1,2,0.9904754757881165
R_1zwG3GheJUy3YpX,PSU: Penn State University,Q1_PSU,1,1,0.9786720275878906
R_3L6nDWNRukOrc1m,PSU: Penn State University,Q1_PSU,0,0,0.9977157115936279
R_3j8Ocp4JdK98DEY,PSU: Penn State University,Q1_ISU,1,1,0.9907230734825134
R_4H00ZSmgMEwSQ1z,PSU: Penn State University,Q1_UF,2,2,0.9903228282928467
R_31Sn5BWlEKWVnr8,PSU: Penn State University,Q2_PSU,0,0,0.9965556859970093
R_11i1utuIrMDjYMs,PSU: Penn State University,Q2_PSU,0,1,0.5204888582229614
R_1IjhDU0xMeoASww,PSU: Penn State University,Q1_PSU,0,1,0.8620820045471191
R_1IjhDU0xMeoASww,PSU: Penn State University,Q1_ISU,1,1,0.9918152689933777
R_1MThKzuT1btSgvX,PSU: Penn State University,Q1_ISU,1,1,0.9904634356498718
R_DCXMpO98hEtrnkl,PSU: Penn State University,Q1_UF,1,0,0.9927871823310852
R_1mgj3qy6JKzWWJG,PSU: Penn State University,Q1_UF,1,1,0.7113462090492249
R_podL09e6g0l5dO9,PSU: Penn State University,Q1_PSU,0,0,0.9976220726966858
R_1laRZXiF2oCPCXC,PSU: Penn State University,Q2_PSU,1,0,0.9947356581687927
R_8bGaCX0BI3WaLdL,PSU: Penn State University,Q2_PSU,1,1,0.985508382320404
R_3QRzPrIA2d7QsW7,PSU: Penn State University,Q1_PSU,0,0,0.9978086352348328
R_1l4qWCd9r3WCUCW,PSU: Penn State University,Q1_ISU,2,2,0.9895632863044739
R_1ItSJnB4OyQUBe8,PSU: Penn State University,Q1_ISU,1,1,0.9918652176856995
R_3O78zGSMErYisHd,PSU: Penn State University,Q2_PSU,1,2,0.9916543960571289
R_2rCw9t5kmF8egH9,PSU: Penn State University,Q2_PSU,0,0,0.9972063899040222
R_3MajnjOA0KCQPLT,PSU: Penn State University,Q1_ISU,2,2,0.9872255921363831
R_2c11E7Jpz2lbw85,PSU: Penn State University,Q1_UF,2,1,0.7244902849197388
R_1DuKzmyCC59FvPk,PSU: Penn State University,Q1_PSU,0,0,0.9977920055389404
R_vDjUxGATaFwYsFz,PSU: Penn State University,Q2_PSU,1,2,0.6263706684112549
R_28HXg5Q2Qm94uZb,PSU: Penn State University,Q2_PSU,1,0,0.9970128536224365
R_28HXg5Q2Qm94uZb,PSU: Penn State University,Q1_ISU,1,1,0.9918509125709534
R_2aaXJAZOijX3ar3,PSU: Penn State University,Q1_PSU,0,0,0.9898183941841125
R_2aaXJAZOijX3ar3,PSU: Penn State University,Q1_UF,1,0,0.5797247886657715
R_3jfcG7sAwkGtSyg,PSU: Penn State University,Q1_UF,2,1,0.9213520288467407
R_3HNV3Uur6wl1wDX,PSU: Penn State University,Q1_ISU,1,1,0.9907239079475403
R_1db2RSK0FN5oFhb,PSU: Penn State University,Q2_PSU,1,1,0.9826556444168091
R_1LZMEsMNuqF1ZOB,PSU: Penn State University,Q1_ISU,2,2,0.9899085760116577
R_1EcxLkLnrRRpXs5,PSU: Penn State University,Q1_ISU,1,1,0.9905911087989807
R_3Ol9hpUgDc3ZEe2,PSU: Penn State University,Q2_PSU,0,1,0.7062955498695374
R_qx8RAJyKvOEFGtr,PSU: Penn State University,Q1_PSU,0,0,0.9976279139518738
R_1PYS5oXvch2tJzz,PSU: Penn State University,Q1_UF,1,0,0.5698314905166626
R_DixKoh1NMTZZ9QZ,PSU: Penn State University,Q1_ISU,2,2,0.9862403273582458
R_1P64oP3YWoJKamx,PSU: Penn State University,Q1_PSU,0,0,0.9974368214607239
R_1pF4Plt6PTyPbAg,PSU: Penn State University,Q1_PSU,1,1,0.9838585257530212
R_1j9T1JfSTkryPpm,PSU: Penn State University,Q1_PSU,0,0,0.6264918446540833
R_blJtoFTfpeSZaN3,PSU: Penn State University,Q1_ISU,1,1,0.9920060038566589
R_3qUNfcn11CLZLoa,PSU: Penn State University,Q1_UF,1,1,0.38448578119277954
R_26f2Io9DmLeg91n,PSU: Penn State University,Q1_ISU,1,1,0.9907129406929016
R_2b1zc6a1Pws7Qqd,PSU: Penn State University,Q1_UF,2,0,0.8831468224525452
R_2anscSkO4nbfm1b,PSU: Penn State University,Q2_PSU,2,2,0.9919048547744751
R_1FmskzoxYmmuzIh,PSU: Penn State University,Q2_PSU,1,1,0.986352801322937
R_1FmskzoxYmmuzIh,PSU: Penn State University,Q1_UF,1,0,0.9386960864067078
R_3ne04Ii0pHkRV5l,PSU: Penn State University,Q2_PSU,2,2,0.9657005667686462
R_1rwamSyJpKJcNl2,PSU: Penn State University,Q2_PSU,1,2,0.9569046497344971
R_6Wl5C2H53FEQxNv,PSU: Penn State University,Q1_PSU,1,1,0.9892386198043823
R_2EEncOMEt0gd4RP,PSU: Penn State University,Q1_PSU,2,2,0.9911786913871765
R_6D8Y2wuiajW4Ol3,PSU: Penn State University,Q1_ISU,1,1,0.99201899766922
R_22traXFpGhfo9Md,PSU: Penn State University,Q1_ISU,1,1,0.9915873408317566
R_1gtjnWU024zp1CU,PSU: Penn State University,Q1_PSU,0,0,0.9642364382743835
R_2bHtJat0iDqhZga,PSU: Penn State University,Q1_PSU,0,0,0.9977624416351318
R_2bHtJat0iDqhZga,PSU: Penn State University,Q1_UF,2,1,0.7376589775085449
R_2EgIltsIHbK3I2h,PSU: Penn State University,Q1_PSU,0,0,0.9978312849998474
R_21aDofxgLNRMz1q,PSU: Penn State University,Q2_PSU,2,2,0.9688859581947327
R_3fPDXFpfxZIa5uy,PSU: Penn State University,Q1_UF,1,1,0.9957062602043152
R_339iyg2GyLIQ9aS,PSU: Penn State University,Q1_PSU,0,0,0.9976598024368286
R_6LmqmWYDfTbIMJH,PSU: Penn State University,Q1_PSU,0,0,0.9977710247039795
R_1OqRpYbA3NPa23a,PSU: Penn State University,Q1_PSU,0,0,0.9975958466529846
R_wMBudrB0DuML9o5,PSU: Penn State University,Q1_ISU,1,1,0.9906264543533325
R_1CByFbT1wAS1E41,PSU: Penn State University,Q1_ISU,1,1,0.9911789298057556
R_2PBj8eQxHxwNxCl,PSU: Penn State University,Q2_PSU,1,2,0.7299649119377136
R_RwQb5PQUioZL1rr,PSU: Penn State University,Q1_PSU,0,0,0.9976657629013062
R_2rcxyQHiNKhNtoR,PSU: Penn State University,Q2_PSU,0,0,0.9972994923591614
R_1LNdS2pMOFr3Tjf,PSU: Penn State University,Q1_PSU,0,0,0.9970302581787109
R_V3DZn3uwtffSr1T,PSU: Penn State University,Q1_PSU,0,0,0.9976084232330322
R_V3DZn3uwtffSr1T,PSU: Penn State University,Q1_ISU,2,2,0.9905833005905151
R_3hg42ZEFUwu1r2B,PSU: Penn State University,Q2_PSU,1,2,0.7765180468559265
R_e5JPcHLmB0uN87n,PSU: Penn State University,Q1_ISU,1,1,0.9922600388526917
R_31ZqDmFX1Ld13SF,PSU: Penn State University,Q2_PSU,1,2,0.9851426482200623
R_31ZqDmFX1Ld13SF,PSU: Penn State University,Q1_ISU,2,2,0.9897720217704773
R_1EhddAiSg8fhU24,PSU: Penn State University,Q1_UF,1,0,0.9825169444084167
R_2xzKPjF5TI4hDhG,PSU: Penn State University,Q1_ISU,1,1,0.990710437297821
R_2QnQXjxRKWXuo29,PSU: Penn State University,Q1_ISU,2,2,0.9909496903419495
R_1GVvaNF28ym6z2y,PSU: Penn State University,Q1_UF,1,0,0.9872273206710815
R_QmJzfcoXOXHfFoR,PSU: Penn State University,Q2_PSU,1,1,0.977721631526947
R_QmJzfcoXOXHfFoR,PSU: Penn State University,Q1_UF,2,1,0.7621997594833374
R_3jSXKDJsVQoIuSG,PSU: Penn State University,Q1_UF,1,0,0.5343378186225891
R_2dDRU2yoGvvSJA0,PSU: Penn State University,Q1_UF,1,1,0.6458327770233154
R_3Es6fOdViJbi9Lc,PSU: Penn State University,Q1_ISU,2,1,0.9892676472663879
R_2V7u7KbbBbVPrCi,PSU: Penn State University,Q1_PSU,0,0,0.8732227087020874
R_2Ym1gryykIW2PlV,PSU: Penn State University,Q1_PSU,0,0,0.9975972771644592
R_3CUfUZRvuHYdfMB,PSU: Penn State University,Q1_PSU,0,0,0.997678816318512
R_w4UZIwgrUqdJZRf,PSU: Penn State University,Q1_PSU,0,0,0.9977165460586548
R_w4UZIwgrUqdJZRf,PSU: Penn State University,Q1_ISU,1,1,0.9916986227035522
R_31EF2lJn04zBSyE,PSU: Penn State University,Q1_UF,2,0,0.9897632598876953
R_2PBgpb2RDYwHUP5,PSU: Penn State University,Q1_PSU,0,0,0.9969064593315125
R_3fxAya5Gdm9vjHH,PSU: Penn State University,Q2_PSU,1,1,0.926213264465332
R_3fxAya5Gdm9vjHH,PSU: Penn State University,Q1_UF,2,1,0.6327426433563232
R_2EFyapyJL0Yg4ZU,PSU: Penn State University,Q1_UF,1,1,0.8740875124931335
R_xrTsyNPILaqvjNL,PSU: Penn State University,Q2_PSU,2,0,0.9842634797096252
R_xrTsyNPILaqvjNL,PSU: Penn State University,Q1_ISU,0,1,0.9916568994522095
R_2VfrUtfIAFaVJ9d,PSU: Penn State University,Q1_UF,2,2,0.9739300012588501
R_8GrDjEcTqUBLDBn,PSU: Penn State University,Q1_ISU,1,1,0.9906806349754333
R_1FaL9yghnesgNnK,PSU: Penn State University,Q1_UF,1,0,0.9837626218795776
R_TmXHcAgc2nx6hUJ,PSU: Penn State University,Q1_PSU,0,0,0.9976108074188232
R_TmXHcAgc2nx6hUJ,PSU: Penn State University,Q1_ISU,1,1,0.9923466444015503
R_TmXHcAgc2nx6hUJ,PSU: Penn State University,Q1_UF,1,0,0.9261576533317566
R_1rDGbyYJ8OIB3HL,PSU: Penn State University,Q1_PSU,2,2,0.9893248677253723
R_3FQgwkCikl5bGEE,PSU: Penn State University,Q1_PSU,0,0,0.9949016571044922
R_1DOy93SEXe3V2Mz,PSU: Penn State University,Q2_PSU,2,2,0.9923567771911621
R_1l60oBOe8Ri4gTo,PSU: Penn State University,Q2_PSU,0,1,0.6185904145240784
R_1l60oBOe8Ri4gTo,PSU: Penn State University,Q1_ISU,1,1,0.990578830242157
R_b42XBfiXvInxVip,PSU: Penn State University,Q1_PSU,0,0,0.9975289702415466
R_b42XBfiXvInxVip,PSU: Penn State University,Q2_PSU,0,0,0.997334897518158
R_3PS0xHmHfmi1ah3,PSU: Penn State University,Q2_PSU,0,2,0.5931476354598999
R_xt21MbxLsPCFft7,PSU: Penn State University,Q1_ISU,2,2,0.9843738079071045
R_3NQznBJlYMHC3uc,PSU: Penn State University,Q1_ISU,2,2,0.9907863140106201
R_1rcV9mKl1dADmZm,PSU: Penn State University,Q1_PSU,1,1,0.9871960878372192
R_1IzvOEvu3QQbNYy,PSU: Penn State University,Q1_PSU,0,0,0.9976403713226318
R_1U4AFpEJAiSsaU9,PSU: Penn State University,Q1_PSU,0,0,0.9977164268493652
R_TcMWmTLxONPUZhv,PSU: Penn State University,Q2_PSU,1,1,0.978812038898468
R_3F39k6JpgKYPdsd,PSU: Penn State University,Q2_PSU,2,2,0.9809405207633972
R_T6nVb7gN52gZLWx,PSU: Penn State University,Q1_UF,0,0,0.992035448551178
R_8EtWC6Ar2sBXNqH,"UCSB: University of California, Santa Barbara",ISTUDIO_2A,0,0,0.7204212546348572
R_1pGNn1DgfcF55uP,"UCSB: University of California, Santa Barbara",ISTUDIO_4B,1,0,0.9948274493217468
R_7dLjjWKZdw7YbPY,"UCSB: University of California, Santa Barbara",ISTUDIO_4A,1,2,0.988243579864502
R_7dLjjWKZdw7YbPY,"UCSB: University of California, Santa Barbara",ISTUDIO_4B,0,0,0.9931389689445496
R_1QPnFPjL5CdqqXe,"UCSB: University of California, Santa Barbara",ISTUDIO_2A,0,0,0.7166398167610168
R_1qDN9J3gws3vZoX,"UCSB: University of California, Santa Barbara",ISTUDIO_4A,2,2,0.9924031496047974
R_3gzuFqvMPtSm8xk,"UCSB: University of California, Santa Barbara",ISTUDIO_4B,1,1,0.9662615060806274
R_2QxRnklX5WLnAEq,"UCSB: University of California, Santa Barbara",ISTUDIO_4A,1,1,0.48973584175109863
R_2QxRnklX5WLnAEq,"UCSB: University of California, Santa Barbara",ISTUDIO_4B,0,0,0.9938669800758362
R_8ea3rDvZlLiV1iv,"UCSB: University of California, Santa Barbara",ISTUDIO_2A,0,0,0.7336058020591736
R_1pri0eEZf4jzrtT,"UCSB: University of California, Santa Barbara",ISTUDIO_4A,2,2,0.9925217032432556
R_5EouuVHfMMwroi9,"UCSB: University of California, Santa Barbara",ISTUDIO_4A,0,1,0.48569953441619873
R_1rrbuCc0p27Ybn6,"UCSB: University of California, Santa Barbara",ISTUDIO_2B,1,1,0.9689995646476746
R_1466b5heZZWS8ri,"UCSB: University of California, Santa Barbara",ISTUDIO_2B,0,1,0.9346854090690613
R_1466b5heZZWS8ri,"UCSB: University of California, Santa Barbara",ISTUDIO_4A,2,2,0.9921620488166809
R_6BU9RvFlJ3gT2Ap,"UCSB: University of California, Santa Barbara",ISTUDIO_2B,1,1,0.9875362515449524
R_1PhsuL45l9msBKp,"UCSB: University of California, Santa Barbara",ISTUDIO_2B,1,1,0.7221722602844238
R_3gV1BTPcYY9p98B,"UCSB: University of California, Santa Barbara",ISTUDIO_2B,1,1,0.8696231245994568
R_3Jz0hVYW4XFAQvr,"UCSB: University of California, Santa Barbara",ISTUDIO_2B,0,1,0.9861430525779724
R_3Rs1sEgYAuqieVH,"UCSB: University of California, Santa Barbara",ISTUDIO_4A,0,2,0.6476197838783264
R_3x8bMSMzsDexwat,"UCSB: University of California, Santa Barbara",ISTUDIO_2A,2,2,0.9922339916229248
R_3BiaAM6nNLqfIZ3,"UCSB: University of California, Santa Barbara",ISTUDIO_4B,1,1,0.9555116891860962
R_5jN6wSTbzlzLCY9,"UCSB: University of California, Santa Barbara",ISTUDIO_2A,2,1,0.3605342507362366
R_2MGAPCwrF7YgnIf,"UCSB: University of California, Santa Barbara",ISTUDIO_4B,0,0,0.9954036474227905
R_7k3CkuEKPjfQ7rH,"UCSB: University of California, Santa Barbara",ISTUDIO_2A,0,0,0.7377235293388367
R_6EmdJZlpWwbwXm9,"UCSB: University of California, Santa Barbara",ISTUDIO_4A,2,2,0.9923836588859558
R_7pVjIcaxoHlNrVW,"UCSB: University of California, Santa Barbara",ISTUDIO_2B,1,2,0.7198208570480347
R_3nVGzcfZZhKIklo,"UCSB: University of California, Santa Barbara",ISTUDIO_2A,0,2,0.988236129283905
R_2ODemrPFPUn3zN8,"UCSB: University of California, Santa Barbara",ISTUDIO_4A,1,2,0.9908269047737122
R_2yOJVSXEK46ETLz,"UCSB: University of California, Santa Barbara",ISTUDIO_2B,1,1,0.6131823658943176
R_8z8sfEHvlvjp5oo,"UCSB: University of California, Santa Barbara",ISTUDIO_2B,0,0,0.9936609268188477
R_2qgGFz3ui1oGOzD,"UCSB: University of California, Santa Barbara",ISTUDIO_2A,0,0,0.6855607032775879
R_5eRJHR5lIaBuTa1,"UCSB: University of California, Santa Barbara",ISTUDIO_4A,0,2,0.5768135190010071
R_6aJ54H3ea9m0EPe,"UCSB: University of California, Santa Barbara",ISTUDIO_4A,2,1,0.4415862262248993
R_64j0DWg4SsRMt57,"UCSB: University of California, Santa Barbara",ISTUDIO_2A,0,0,0.6712959408760071
R_7sUdZGheo18r01r,"UCSB: University of California, Santa Barbara",ISTUDIO_4A,2,2,0.9923269152641296
R_1Pe09zBke6zDhKY,"UCSB: University of California, Santa Barbara",ISTUDIO_4B,1,1,0.7037566900253296
R_7xRGeHEC6vicp7b,"UCSB: University of California, Santa Barbara",ISTUDIO_2A,0,0,0.7511044144630432
R_3civUlWmy2JH4mE,"UCSB: University of California, Santa Barbara",ISTUDIO_2B,0,0,0.745343029499054
R_3civUlWmy2JH4mE,"UCSB: University of California, Santa Barbara",ISTUDIO_4B,0,0,0.9907081127166748
R_1MMaspgtptvDuxP,"UCSB: University of California, Santa Barbara",ISTUDIO_4A,1,2,0.9209461808204651
R_1iVm32NHlgLDQoE,"UCSB: University of California, Santa Barbara",ISTUDIO_4A,0,1,0.4795784652233124
R_5p8cQvm82bYLJTj,"UCSB: University of California, Santa Barbara",ISTUDIO_2B,2,1,0.5340394377708435
R_1bhGPwiwFrnFEbL,"UCSB: University of California, Santa Barbara",ISTUDIO_2A,0,2,0.9907887578010559
R_6rPayWmi9tYAPrt,"UCSB: University of California, Santa Barbara",ISTUDIO_4A,1,1,0.4881901741027832
R_5U3BtRIwXPIzC0r,"UCSB: University of California, Santa Barbara",ISTUDIO_4A,1,1,0.4552671015262604
R_7xRYsPdUxM4W0mP,"UCSB: University of California, Santa Barbara",ISTUDIO_2B,0,1,0.9680376648902893
R_3YX4e4XpzwNbVY5,"UCSB: University of California, Santa Barbara",ISTUDIO_4B,2,2,0.9899438619613647
R_7axGnmOoAYFLHhn,"UCSB: University of California, Santa Barbara",ISTUDIO_2B,1,1,0.8101814985275269
R_6n70a2VWZncitTH,"UCSB: University of California, Santa Barbara",ISTUDIO_4B,1,1,0.9677188396453857
R_7CHnmb2vXSMu8TJ,"UCSB: University of California, Santa Barbara",ISTUDIO_2A,0,0,0.7223343253135681
R_3e3kxrUVfE1NXJW,"UCSB: University of California, Santa Barbara",ISTUDIO_2B,1,1,0.889289379119873
R_5WHlUMBOAylCuFP,"UCSB: University of California, Santa Barbara",ISTUDIO_4A,0,1,0.4573349058628082
R_3iVGl19sNBwmAZP,"UCSB: University of California, Santa Barbara",ISTUDIO_4B,1,1,0.6697312593460083
R_5njwQNZezfgYVgF,"UCSB: University of California, Santa Barbara",ISTUDIO_2B,1,1,0.9129437208175659
R_3V2Z3Pj0pKYs7lx,"UCSB: University of California, Santa Barbara",ISTUDIO_4A,1,1,0.46956995129585266
R_3V2Z3Pj0pKYs7lx,"UCSB: University of California, Santa Barbara",ISTUDIO_4B,1,0,0.47829142212867737
R_7HXpXBdNc1RdZ5N,"UCSB: University of California, Santa Barbara",ISTUDIO_4B,1,0,0.9951921701431274
R_7OuHCpSSFtoLxjv,"UCSB: University of California, Santa Barbara",ISTUDIO_4B,2,2,0.9896152019500732
R_3DpfTK6cEqVYvXH,"UCSB: University of California, Santa Barbara",ISTUDIO_2B,1,1,0.8607364296913147
R_6ertJznHCY6pJ8g,"UCSB: University of California, Santa Barbara",ISTUDIO_2B,1,2,0.961254894733429
R_500ihTD4bOTrNP1,"UCSB: University of California, Santa Barbara",ISTUDIO_4A,2,2,0.9899217486381531
R_3hsYmj0lO4HtkIo,"UCSB: University of California, Santa Barbara",ISTUDIO_4A,1,1,0.4582604467868805
R_5FQZdY4gchFV8mj,"UCSB: University of California, Santa Barbara",ISTUDIO_4B,0,1,0.9071475267410278
R_1bITjjQJK1suJzQ,"UCSB: University of California, Santa Barbara",ISTUDIO_2B,0,1,0.9850711822509766
R_3d6ORReeVE0TEZZ,"UCSB: University of California, Santa Barbara",ISTUDIO_2B,0,0,0.5459326505661011
R_3mPmhhX4I3QC0XF,"UCSB: University of California, Santa Barbara",ISTUDIO_2A,1,2,0.9925220608711243
R_3J517AUl8Fut7l7,"UCSB: University of California, Santa Barbara",ISTUDIO_4A,2,2,0.9910220503807068
R_5Zuod7Ye1MDM2hX,"UCSB: University of California, Santa Barbara",ISTUDIO_2B,0,0,0.6512600779533386
R_3mdUmH9WvojGTq0,"UCSB: University of California, Santa Barbara",ISTUDIO_2B,1,1,0.9560043215751648
R_3rlzqYCRg7J7WD4,"UCSB: University of California, Santa Barbara",ISTUDIO_2A,0,0,0.701765775680542
R_1Pi60XgL2aep3YB,"UCSB: University of California, Santa Barbara",ISTUDIO_2B,2,1,0.8274626731872559
R_1Pi60XgL2aep3YB,"UCSB: University of California, Santa Barbara",ISTUDIO_4B,1,0,0.9858908653259277
R_6YNv7b3t2kIAhd7,"UCSB: University of California, Santa Barbara",ISTUDIO_4B,2,2,0.4720596671104431
R_50vokjKiD3v84eH,"UCSB: University of California, Santa Barbara",ISTUDIO_2B,2,1,0.9623777270317078
R_6whpXY8HwvW8jML,"UCSB: University of California, Santa Barbara",ISTUDIO_4B,0,0,0.9945388436317444
R_3rLCbJXt7Pg6IxP,ISU: Iowa State University,Q2_ISU,2,2,0.9926304817199707
R_1ZHjHFcOrpVBUrv,ISU: Iowa State University,Q2_ISU,2,2,0.9927198886871338
R_6jRbqE4RcjNJYEF,ISU: Iowa State University,Q2_ISU,2,2,0.9928146600723267
R_3NJMRFguujj1lyt,ISU: Iowa State University,Q2_ISU,2,2,0.9915336966514587
R_1KDCsYZvNY1cwTP,ISU: Iowa State University,Q2_ISU,2,2,0.9926663041114807
R_1ZFs0BtIFA9Lazn,ISU: Iowa State University,Q2_ISU,1,1,0.9936524629592896
R_5X7o59ZK5us4KdB,ISU: Iowa State University,Q2_ISU,2,2,0.992579996585846
R_573c2iDAjQV5op5,ISU: Iowa State University,Q2_ISU,1,1,0.9934219717979431
R_7Byg2BfOtZYzKih,ISU: Iowa State University,Q2_ISU,0,0,0.9972538352012634
R_3iO0O1Lcm08ds4z,ISU: Iowa State University,Q2_ISU,2,2,0.9920257925987244
R_5mec66cETLHHsHh,ISU: Iowa State University,Q2_ISU,0,0,0.9969167709350586
R_7apoIuGgZuowl0Z,ISU: Iowa State University,Q2_ISU,1,2,0.9930667877197266
R_3pJzUZzaOlP2fsL,ISU: Iowa State University,Q2_ISU,2,2,0.9925814867019653
R_6Fw6f58Gpn1lQZP,ISU: Iowa State University,Q2_ISU,0,2,0.9924964904785156
R_3BSe0ulBpFjZ1po,ISU: Iowa State University,Q2_ISU,1,1,0.9904436469078064
R_7oF0oX79a1PM2Lc,ISU: Iowa State University,Q2_ISU,2,2,0.9596551656723022
R_3i9d2oZATODDUXV,ISU: Iowa State University,Q2_ISU,2,1,0.9939779043197632
R_5KLnpbk3JnlkUgN,ISU: Iowa State University,Q2_ISU,0,2,0.9901290535926819
R_5imR3ULui4Wn8S7,ISU: Iowa State University,Q2_ISU,1,1,0.9939868450164795
R_57iI2g5stUZcvXb,ISU: Iowa State University,Q2_ISU,1,1,0.9872555732727051
R_39SmPbrvCwocVHj,ISU: Iowa State University,Q2_ISU,1,2,0.9924680590629578
R_3hXpsn1SVq7Tu4A,ISU: Iowa State University,Q2_ISU,0,0,0.9971306920051575
R_2uJp8s0suOh0C9K,ISU: Iowa State University,Q2_ISU,2,2,0.9927806258201599
R_3gU3LnVEye65RTK,ISU: Iowa State University,Q2_ISU,2,2,0.9925774931907654
R_2kFDzTnHxamOmqL,ISU: Iowa State University,Q2_ISU,0,0,0.6039074659347534
R_3CHNkKWEZzgCXVn,ISU: Iowa State University,Q2_ISU,2,2,0.9929325580596924
R_2sjliPQrbxU3muw,ISU: Iowa State University,Q2_ISU,0,1,0.9553192853927612
R_10nde8O1tPP4BTH,ISU: Iowa State University,Q2_ISU,0,0,0.9971075654029846
R_2lNafGAhE6jQOuB,ISU: Iowa State University,Q2_ISU,0,0,0.9971070885658264
R_1fuQKaWZYO0Z619,ISU: Iowa State University,Q2_ISU,2,2,0.9926421046257019
R_1LgT7e6v6LNDgAX,ISU: Iowa State University,Q2_ISU,0,0,0.9969956874847412
R_7AMXIqeXDtxQBjm,ISU: Iowa State University,Q2_ISU,0,0,0.9970603585243225
R_1cBSuJ7h0UZJulb,ISU: Iowa State University,Q2_ISU,2,2,0.9928204417228699
R_5clhMIPMwgKPWOR,ISU: Iowa State University,Q2_ISU,0,0,0.9973994493484497
R_7I0Lqm36pVMzixL,ISU: Iowa State University,Q2_ISU,1,2,0.968058705329895
R_1Ooz3zPDlEQ8KJf,ISU: Iowa State University,Q2_ISU,2,2,0.9926030039787292
R_6fBP6vMz2oz1NeN,ISU: Iowa State University,Q2_ISU,2,2,0.9924792051315308
R_9hsVDmYWaKNSaxY,UoA: University of Auckland (NZ),ISTUDIO_2A,1,0,0.6511008739471436
R_9hsVDmYWaKNSaxY,UoA: University of Auckland (NZ),ISTUDIO_2B,0,0,0.9880878329277039
R_9UilHWUwLNI1JLs,Other university:,ISTUDIO_2A,1,0,0.7459559440612793
R_97xPMyvGG40C64l,UoA: University of Auckland (NZ),ISTUDIO_2A,0,0,0.7440540194511414
R_4feCaVt4S0Ovtip,UoA: University of Auckland (NZ),ISTUDIO_4A,0,1,0.4486437439918518
R_4JP4343x7XH07kd,UoA: University of Auckland (NZ),ISTUDIO_2B,1,1,0.9620974063873291
R_3PAjDSRX5b2tF5V,UoA: University of Auckland (NZ),ISTUDIO_4A,0,1,0.45455342531204224
R_9f7tf3nB9sjrNFM,UoA: University of Auckland (NZ),ISTUDIO_2A,2,1,0.42588770389556885
R_9l3BMqdP7afDRRL,UoA: University of Auckland (NZ),ISTUDIO_4B,0,1,0.38306188583374023
R_4CdN1BzwScgoOTT,UoA: University of Auckland (NZ),ISTUDIO_4A,0,1,0.4403698146343231
R_4nuD0OK8LmuVf1x,UoA: University of Auckland (NZ),ISTUDIO_2B,0,0,0.8798574805259705
R_9ib9jCs4seAD1bo,UoA: University of Auckland (NZ),ISTUDIO_2A,2,1,0.3836197257041931
R_9JJVtLlBafeMIhQ,UoA: University of Auckland (NZ),ISTUDIO_4B,0,2,0.42927035689353943
R_9Y3UcrzCXjDcHON,UoA: University of Auckland (NZ),ISTUDIO_4A,0,1,0.4464266300201416
R_4fjuOp4oe1teyxa,UoA: University of Auckland (NZ),ISTUDIO_2B,2,1,0.7495480179786682
R_9OHMSMVsuZwe5xf,UoA: University of Auckland (NZ),ISTUDIO_4B,1,1,0.6041972041130066
R_9KfymEQOjFar24F,UoA: University of Auckland (NZ),ISTUDIO_2A,2,1,0.4987539052963257
R_9KfymEQOjFar24F,UoA: University of Auckland (NZ),ISTUDIO_4B,1,2,0.9911672472953796
R_9DbzVCLTr3qpxIm,UoA: University of Auckland (NZ),ISTUDIO_2B,1,2,0.9909115433692932
R_9DbzVCLTr3qpxIm,UoA: University of Auckland (NZ),ISTUDIO_4B,1,2,0.9864146113395691
R_40wOWjKFD3m95bX,UoA: University of Auckland (NZ),ISTUDIO_4B,2,2,0.992478609085083
R_2QWc9NAW7oFCGuU,ISU: Iowa State University,Q4_ISU,1,2,0.9796395897865295
R_5UXhXxAxWAaXHPU,ISU: Iowa State University,Q4_ISU,0,0,0.8741003274917603
R_8M03WK8O5N2bGvO,ISU: Iowa State University,Q4_ISU,2,2,0.9879176020622253
R_1OEBQMiIVaTZVS1,ISU: Iowa State University,Q4_ISU,1,2,0.5716180205345154
R_2PBp4pSqIwQNgJb,ISU: Iowa State University,Q4_ISU,0,0,0.9964151382446289
R_5TXmCk7X8OPXX95,ISU: Iowa State University,Q4_ISU,0,0,0.9967151880264282
R_348VW0b34Y6Ill3,ISU: Iowa State University,Q4_ISU,0,0,0.9964589476585388
R_5fLv9hGiswy4e1b,ISU: Iowa State University,Q4_ISU,2,2,0.9919984936714172
R_7Ic1x1CrYwQpg3E,ISU: Iowa State University,Q4_ISU,0,0,0.9968358874320984
R_2MTUFrYLmYO2wil,ISU: Iowa State University,Q4_ISU,0,0,0.9966038465499878
R_754Czn0pLKndBe1,ISU: Iowa State University,Q4_ISU,0,0,0.9966564178466797
R_1cBV0Go9NBEqJwZ,ISU: Iowa State University,Q4_ISU,0,0,0.9965394735336304
R_196NE4pLZquAF0C,ISU: Iowa State University,Q4_ISU,0,0,0.9966224431991577
R_2olyiRAHYw4BLtD,ISU: Iowa State University,Q4_ISU,0,0,0.9963033199310303
R_3BbTeOvxTW0gTdB,ISU: Iowa State University,Q4_ISU,0,0,0.9872894883155823
R_2obVlW17yKx2DOP,ISU: Iowa State University,Q4_ISU,0,0,0.9960976839065552
R_22QzHRefe37prZR,ISU: Iowa State University,Q4_ISU,0,0,0.9965111613273621
R_8QYsC4s7hpcHIX0,ISU: Iowa State University,Q4_ISU,0,0,0.9932008385658264
R_3I4YxBDpYkJNuqi,ISU: Iowa State University,Q2_ISU,1,1,0.9909522533416748
R_2dt2t3GnwbClLrh,ISU: Iowa State University,Q2_ISU,0,0,0.9974716901779175
R_OBBZA7jZKgQ66hX,ISU: Iowa State University,Q2_ISU,2,2,0.9921407103538513
R_ZEw6vlxDe2dtYRj,ISU: Iowa State University,Q2_ISU,1,1,0.9940226674079895
R_12nky6SiWcX4Mfb,ISU: Iowa State University,Q2_ISU,0,0,0.9976412057876587
R_1DTFOpFP1TxYpLD,ISU: Iowa State University,Q2_ISU,1,1,0.6599410176277161
R_3kjheRm8d1mItly,ISU: Iowa State University,Q2_ISU,0,0,0.9972485899925232
R_3Krsszm1w8bk8mH,ISU: Iowa State University,Q2_ISU,2,2,0.9920529127120972
R_eVgl5FQb9CAP2o1,ISU: Iowa State University,Q2_ISU,2,2,0.9915828108787537
R_3mZ284jKaJindVT,ISU: Iowa State University,Q2_ISU,0,2,0.9896643757820129
R_5RpF4kDY6ME3jup,MSU: Michigan State University,Q1_MSU,0,0,0.9826394319534302
R_6UaWasGWSBZXRg5,MSU: Michigan State University,Q1_MSU,0,0,0.9819256067276001
R_52J1HsqE16PnJwB,MSU: Michigan State University,Q1_MSU,1,0,0.9823833703994751
R_1QiklPstHtvOTdx,MSU: Michigan State University,Q1_MSU,1,0,0.9803344011306763
R_7IgbMYfQZOCKdyl,MSU: Michigan State University,Q1_MSU,0,0,0.9818410277366638
R_7tyCovw8WaUUFXZ,MSU: Michigan State University,Q1_MSU,1,1,0.9723331928253174
R_6Fx1UniCpxTuoVj,MSU: Michigan State University,Q1_MSU,0,0,0.9801125526428223
R_6Fl9pqWNjuaPiAn,MSU: Michigan State University,Q1_MSU,1,1,0.9736637473106384
R_61yoJx7BTdvynyQ,MSU: Michigan State University,Q1_MSU,0,0,0.9805132150650024
R_5OxfMrRRo6PXVzr,MSU: Michigan State University,Q1_MSU,0,0,0.9248434901237488
R_5U2qlIc9gAXjol3,MSU: Michigan State University,Q1_MSU,0,0,0.9832210540771484
R_5Dv6fZ6dKbEHYUJ,MSU: Michigan State University,Q1_MSU,0,0,0.9806509613990784
R_6LHWqlLn1Useh88,MSU: Michigan State University,Q1_MSU,1,1,0.9752944707870483
R_3j7k9I5RWrEjySf,MSU: Michigan State University,Q1_MSU,2,2,0.9924876689910889
R_3nOkFI4rjyMdsLD,MSU: Michigan State University,Q1_MSU,1,0,0.946222722530365
R_1dtTwpsCxNOzXql,MSU: Michigan State University,Q1_MSU,1,0,0.9811688661575317
R_3rwjyzR2AvqLCiN,MSU: Michigan State University,Q1_MSU,0,0,0.9799542427062988
R_7aqyre6mlrzg5Kh,MSU: Michigan State University,Q1_MSU,1,1,0.9788914322853088
R_1VXEkHL1RVuhWrD,MSU: Michigan State University,Q1_MSU,0,0,0.9786592125892639
R_3KlqQ3EGq39EBHz,MSU: Michigan State University,Q1_MSU,1,1,0.8819090723991394
R_73rLx91xZUIFVTz,MSU: Michigan State University,Q1_MSU,0,0,0.9799185991287231
R_70V2Pzetn7lF2tg,MSU: Michigan State University,Q1_MSU,0,0,0.9814394116401672
R_7qevvByQ4pLCzWR,MSU: Michigan State University,Q1_MSU,1,1,0.9768699407577515
R_707xblrFz0vZ4mR,Other university:,Q1_MSU,1,1,0.9653515815734863
R_74GFZqF2FacExQs,MSU: Michigan State University,Q1_MSU,1,1,0.9668611288070679
R_7iQn2mXImWxdxF3,MSU: Michigan State University,Q1_MSU,1,1,0.9722859263420105
R_5PTZ5o1k3rvyvFu,MSU: Michigan State University,Q1_MSU,2,1,0.9592785835266113
R_6tDyls7IrK5OENe,MSU: Michigan State University,Q1_MSU,1,0,0.9724180698394775
R_7Byvi6YEEKsT7QL,MSU: Michigan State University,Q1_MSU,0,1,0.952369213104248
R_7QSkjP534haUClZ,MSU: Michigan State University,Q1_MSU,1,1,0.9702280163764954
R_5DZJgp4fDddw0Qz,MSU: Michigan State University,Q1_MSU,0,0,0.9796932935714722
R_1O8E907s9ENxlnC,MSU: Michigan State University,Q1_MSU,0,1,0.9906696081161499
R_19VSWuptBsiFdGp,MSU: Michigan State University,Q1_MSU,0,0,0.8220060467720032
R_6FfHaVrmwvwAmSX,MSU: Michigan State University,Q1_MSU,0,0,0.9819707870483398
R_6fMFRI41sDb4CvH,MSU: Michigan State University,Q1_MSU,1,0,0.9802891612052917
R_5qjpdTUGs4qTzIs,MSU: Michigan State University,Q1_MSU,0,1,0.9669215083122253
R_5sFhqvitxJL3vcR,MSU: Michigan State University,Q1_MSU,0,0,0.9804393649101257
R_78UqFZVqLqmP2uA,MSU: Michigan State University,Q1_MSU,1,1,0.9741933941841125
R_7hSCtYnkZW6RLp4,MSU: Michigan State University,Q1_MSU,1,0,0.9797213077545166
R_37Qc4yVIUs16UFm,MSU: Michigan State University,Q1_MSU,2,2,0.9901359677314758
R_7dj1SKKoygEPueN,MSU: Michigan State University,Q1_MSU,0,1,0.8663439154624939
R_1PGANlWRViITzep,MSU: Michigan State University,Q1_MSU,0,0,0.9775795340538025
R_51jgQAJvcEYwpMp,MSU: Michigan State University,Q1_MSU,1,1,0.9789488911628723
R_7gqTHLR5uIUEAdr,MSU: Michigan State University,Q1_MSU,1,2,0.9888007640838623
R_5rDCPh3zwx2QiyJ,MSU: Michigan State University,Q1_MSU,0,1,0.963863730430603
R_5Pe4QUKd1dwEAlb,MSU: Michigan State University,Q1_MSU,1,0,0.9806787967681885
R_507c8zs9u3wfVDj,MSU: Michigan State University,Q1_MSU,1,1,0.9759029746055603
R_1Z9znO69J7HZiYp,MSU: Michigan State University,Q1_MSU,1,1,0.9470189809799194
R_7PBl1EdCB2VLIX9,MSU: Michigan State University,Q1_MSU,0,0,0.9794718027114868
R_3f2QlXxCvTFmYfI,MSU: Michigan State University,Q1_MSU,2,2,0.9900985360145569
R_7rp5vugN1C4HnyU,MSU: Michigan State University,Q1_MSU,1,1,0.9714002013206482
R_7TZsAZney3uUxDT,MSU: Michigan State University,Q1_MSU,1,0,0.9815900921821594
R_3m2yYhzcRhiROtw,MSU: Michigan State University,Q1_MSU,2,2,0.9919156432151794
R_1eavcgiclzKVQIx,MSU: Michigan State University,Q1_MSU,1,1,0.9822160005569458
R_5g1VnP7CVKZ20KG,MSU: Michigan State University,Q1_MSU,1,1,0.972957968711853
R_55NI5Q6j0QJ30Tx,MSU: Michigan State University,Q1_MSU,1,1,0.9885221719741821
R_5VOdUSiq7PyX7My,MSU: Michigan State University,Q1_MSU,2,2,0.9919964671134949
R_1WIsf65qQiKMCCC,MSU: Michigan State University,Q1_MSU,1,1,0.9654869437217712
R_7NNSNb6y3yRnOZi,MSU: Michigan State University,Q1_MSU,0,1,0.8047792911529541
R_7iqBPXgMIwh8yRL,MSU: Michigan State University,Q1_MSU,0,0,0.9808748960494995
R_3mEhlWgSl7WE5ec,MSU: Michigan State University,Q1_MSU,1,1,0.9776043891906738
R_5uCi6clGfp0GiVo,MSU: Michigan State University,Q1_MSU,0,0,0.9812968373298645
R_5KxwCHGfCQRnR7q,MSU: Michigan State University,Q1_MSU,1,1,0.9759429097175598
R_57NYDey9rIq8C7D,MSU: Michigan State University,Q1_MSU,0,0,0.9796314835548401
R_3rp6PKhzOSxTB8U,MSU: Michigan State University,Q1_MSU,0,0,0.9820740222930908
R_7G5Xf9Sn1tBwVpL,MSU: Michigan State University,Q1_MSU,1,1,0.9591224789619446
R_3DTBwWvGVRJlBwE,MSU: Michigan State University,Q1_MSU,2,2,0.9910175800323486
R_7m4Pf1ESibtKQbo,MSU: Michigan State University,Q1_MSU,2,2,0.992202639579773
R_3br2mxdYVtQnQQ1,ISU: Iowa State University,Q1_MSU,1,1,0.9767333269119263
R_7uqhnFnIdkc1xU5,MSU: Michigan State University,Q1_MSU,1,1,0.9720056653022766
R_78TzHk8Xi8K5MCk,MSU: Michigan State University,Q1_MSU,1,1,0.9705719947814941
R_7ASjVFq4jxYYbxT,MSU: Michigan State University,Q1_MSU,0,0,0.9801846146583557
R_5rSCBEWJ8LjFWiS,MSU: Michigan State University,Q1_MSU,1,1,0.9092345833778381
R_77eS0Wvuj5Stnvg,MSU: Michigan State University,Q1_MSU,0,0,0.9802401661872864
R_5dSyKcVdhAup9uW,MSU: Michigan State University,Q1_MSU,1,1,0.7803404927253723
R_7YbNio5et6vy8LE,MSU: Michigan State University,Q1_MSU,2,2,0.9908639788627625
R_71yITnx8zwjR49b,MSU: Michigan State University,Q1_MSU,2,2,0.9831508994102478
R_3u4oqNbdqDVfqVz,MSU: Michigan State University,Q1_MSU,1,1,0.9737935066223145
R_1zvDROvRCvruCTf,MSU: Michigan State University,Q1_MSU,0,0,0.7222701907157898
R_3C0VyCQuRy20NrE,,Q1_MSU,1,1,0.9851688146591187
R_5EH38a3zOd2nllH,,Q1_MSU,0,1,0.9738028049468994
R_6DCgDPTWV7pfaZH,,Q1_MSU,2,1,0.934719443321228
R_1TyO4CCJZltygPk,,Q1_MSU,0,0,0.9823875427246094
R_7WOShCcEUThvFsA,,Q1_MSU,0,0,0.9071750640869141
R_6omGyoB4k3YWbfP,MSU: Michigan State University,Q1_MSU,1,1,0.9742317795753479
R_6BVDHsAmYSbX9lb,,Q1_MSU,0,1,0.9025349020957947
R_1CHgidjcglGFCvU,,Q1_MSU,0,0,0.9823117256164551
R_7sXpqjK1740xKtr,MSU: Michigan State University,Q1_MSU,0,1,0.6932369470596313
R_7W7crPoqKqhI5PP,,Q1_MSU,0,1,0.9846023321151733
R_7MMg4baKKCJ6zMj,,Q1_MSU,2,1,0.9583353996276855
R_1bQA6IVdjtmKj78,,Q1_MSU,1,1,0.9714977145195007
R_3bV2DL1CNkh8AEG,MSU: Michigan State University,Q1_MSU,1,1,0.9827207922935486
R_3PiuvuACAtV3hGB,MSU: Michigan State University,Q2_MSU,2,2,0.996405839920044
R_cTKf36AmlC1x6Rb,MSU: Michigan State University,Q2_MSU,2,2,0.98348468542099
R_2ZVxEfuChYnQyyW,MSU: Michigan State University,Q2_MSU,1,2,0.9928721785545349
R_ALNOou4JUMqukFj,MSU: Michigan State University,Q2_MSU,0,1,0.4808962941169739
R_2UfJjvkWt7HAuAb,MSU: Michigan State University,Q2_MSU,2,2,0.9962014555931091
R_3jeetFSc4mmW7Fn,MSU: Michigan State University,Q2_MSU,1,1,0.9924065470695496
R_YYPGfaOUaT7poEF,MSU: Michigan State University,Q2_MSU,2,2,0.9948318004608154
R_3FJRXcYabVVCZQr,MSU: Michigan State University,Q2_MSU,2,2,0.9961252808570862
R_5oistAcTnndh9Qt,MSU: Michigan State University,Q2_MSU,2,2,0.9913932085037231
R_DvCVQ68GObP3Tqx,MSU: Michigan State University,Q2_MSU,0,0,0.9625037312507629
R_3COalZWZZs9Ca88,MSU: Michigan State University,Q2_MSU,2,2,0.9963850975036621
R_2c1HURSF86sFm0e,MSU: Michigan State University,Q2_MSU,1,2,0.6084591746330261
R_1k1BAiZlBxQTUH3,MSU: Michigan State University,Q2_MSU,2,2,0.9960073828697205
R_2ZD0TrUputmfeZD,MSU: Michigan State University,Q2_MSU,1,1,0.5753332376480103
R_2EHoBpU7QZ0oEtr,MSU: Michigan State University,Q2_MSU,0,0,0.9847915172576904
R_2PbfdH5ldnIOWZX,MSU: Michigan State University,Q2_MSU,2,2,0.9964562058448792
R_xlzuehdtrEC4mM9,MSU: Michigan State University,Q2_MSU,1,1,0.9934885501861572
R_dpCugTShhBXyNsR,MSU: Michigan State University,Q2_MSU,1,1,0.9931714534759521
R_2aacXUTzGCaiItJ,MSU: Michigan State University,Q2_MSU,2,2,0.9962462782859802
R_1nUb0DZupQMc5XH,MSU: Michigan State University,Q2_MSU,0,0,0.5878316164016724
R_3I3pW1646Dvsnut,MSU: Michigan State University,Q2_MSU,2,2,0.9924641847610474
R_3fW9eKNC8cBVNcZ,MSU: Michigan State University,Q2_MSU,2,2,0.9399115443229675
R_2rj9wVPK7IUKNV7,MSU: Michigan State University,Q2_MSU,0,1,0.9920853972434998
R_3ReeK0ewVpT9n76,MSU: Michigan State University,Q2_MSU,1,1,0.9905416369438171
R_1pG3QhAOFQf59hv,MSU: Michigan State University,Q2_MSU,2,2,0.994507372379303
R_31TcKNUo4cGNL6F,MSU: Michigan State University,Q2_MSU,1,1,0.9922266006469727
R_5zNh2edou4s39Qt,MSU: Michigan State University,Q2_MSU,2,2,0.9960194230079651
R_1mlxriOVnOqpp1R,MSU: Michigan State University,Q2_MSU,1,1,0.9923027753829956
R_1lxXI8axsyDCGru,MSU: Michigan State University,Q2_MSU,2,2,0.9943951368331909
R_AO39veN5coMIIE1,MSU: Michigan State University,Q2_MSU,1,1,0.9892255663871765
R_1kFSnbZK3Y5qucb,MSU: Michigan State University,Q2_MSU,2,2,0.9911800026893616
R_2sYAuN0M2R1uEDh,MSU: Michigan State University,Q2_MSU,2,2,0.996275782585144
R_23epWqSrS93Mlno,MSU: Michigan State University,Q2_MSU,2,2,0.9961295127868652
R_1F8j2aAflUjNfjD,MSU: Michigan State University,Q2_MSU,2,2,0.9964345693588257
R_bKq34autjUV8lHP,MSU: Michigan State University,Q2_MSU,0,1,0.9894612431526184
R_1DD96Fr8ojd44Vm,MSU: Michigan State University,Q2_MSU,0,0,0.9929409027099609
R_2dYlbAk1ZxathfL,MSU: Michigan State University,Q2_MSU,2,1,0.9007572531700134
R_2zI9hZPouOpoVu3,MSU: Michigan State University,Q2_MSU,1,1,0.9178382158279419
R_1HdbFQNPJodO97z,MSU: Michigan State University,Q2_MSU,0,0,0.9849137663841248
R_21n7GLpmYN8QUaU,MSU: Michigan State University,Q2_MSU,1,1,0.9924065470695496
R_1MQl0WuRye8XXNT,MSU: Michigan State University,Q2_MSU,0,0,0.9924458861351013
R_3qkBqUMEUyppZ7T,MSU: Michigan State University,Q2_MSU,0,0,0.9928162097930908
R_88tf8f6ahEuofol,MSU: Michigan State University,Q2_MSU,1,2,0.9946929812431335
R_0cdlCsngRRA8nmN,MSU: Michigan State University,Q2_MSU,1,1,0.9920889139175415
R_3kAoIltu6FvbmYh,MSU: Michigan State University,Q2_MSU,2,2,0.9961100220680237
R_2VegbW3ycYGFGGk,MSU: Michigan State University,Q2_MSU,1,1,0.7067959308624268
R_0AnDFGS2ito6it3,MSU: Michigan State University,Q2_MSU,2,2,0.9965754151344299
R_2ASyEruW6b5cjOm,MSU: Michigan State University,Q2_MSU,2,2,0.8140265345573425
R_3j0QPc5J899e652,MSU: Michigan State University,Q2_MSU,1,1,0.9549430012702942
R_2t9kemxtGyG1EAo,MSU: Michigan State University,Q2_MSU,2,1,0.5065844655036926
R_2dWwlVa72nZ1Y00,MSU: Michigan State University,Q2_MSU,2,2,0.9951621890068054
R_3n71nBVmyZqQgoP,MSU: Michigan State University,Q2_MSU,2,2,0.9966238737106323
R_egnkNsCgOAMedA5,MSU: Michigan State University,Q2_MSU,2,2,0.9961754083633423
R_2B563MSE5yCdmf7,MSU: Michigan State University,Q2_MSU,1,1,0.9924966096878052
R_20O7URvtUpRlTQq,MSU: Michigan State University,Q2_MSU,2,1,0.7611039876937866
R_brda0MjvKF0yDW9,MSU: Michigan State University,Q2_MSU,1,1,0.8919047117233276
R_yxbZXhcKAPCvI7n,MSU: Michigan State University,Q2_MSU,2,2,0.9959465861320496
R_Q6QdydjG8GEsB2h,MSU: Michigan State University,Q2_MSU,0,1,0.9696063995361328
R_1BW69fOqIB0Oq6b,MSU: Michigan State University,Q2_MSU,2,2,0.9962115287780762
R_0ob5ehCn0IMOeVb,MSU: Michigan State University,Q2_MSU,1,2,0.9931132197380066
R_33g7qhZ2Snz01RT,MSU: Michigan State University,Q2_MSU,1,1,0.9918129444122314
R_xf0j0tkedSBFoYh,MSU: Michigan State University,Q2_MSU,1,1,0.8828073740005493
R_1jwAfApoJxQiwaJ,MSU: Michigan State University,Q2_MSU,2,2,0.996292769908905
R_3RxgnpBfiYCoTpg,MSU: Michigan State University,Q2_MSU,2,2,0.9961875081062317
R_3O00ZlyL6IktOFx,MSU: Michigan State University,Q2_MSU,2,2,0.9943437576293945
R_2VlRpcotpW1NJZJ,MSU: Michigan State University,Q2_MSU,2,2,0.9959391355514526
R_2lBqLqsTP5R6s1j,MSU: Michigan State University,Q2_MSU,2,2,0.9941459894180298
R_5VQ5mxRjHesjAlY,UF: University of Florida,Q3_UF,1,2,0.8293768763542175
R_7AEAFT5DaroseNX,UF: University of Florida,Q3_UF,1,1,0.9955708384513855
R_7efB6CMgGf7YZuy,UF: University of Florida,Q3_UF,1,1,0.9357938766479492
R_1VjVFuVv5VY7e8G,UF: University of Florida,Q3_UF,1,1,0.9851325750350952
R_5yqP0RU2FlbG2eC,UF: University of Florida,Q3_UF,0,0,0.8621922135353088
R_1fnWOenFmt4sXwB,UF: University of Florida,Q3_UF,1,2,0.9593784213066101
R_1CIez6d7fNguH5C,UF: University of Florida,Q3_UF,0,1,0.5722410678863525
R_7hxSMumzcFyLAvu,UF: University of Florida,Q3_UF,1,1,0.9948228597640991
R_6kFf3Kv0d9SCKKA,UF: University of Florida,Q3_UF,1,1,0.9927311539649963
R_7dszg6DpL18ur3M,UF: University of Florida,Q3_UF,1,1,0.9814070463180542
R_1v91hYGnUG4NBkJ,UF: University of Florida,Q3_UF,1,1,0.9952436089515686
R_5mkGuuw3McZZcWR,UF: University of Florida,Q3_UF,1,2,0.8786263465881348
R_62QsdQ9gNttnTJ0,UF: University of Florida,Q3_UF,1,2,0.9921962022781372
R_3pDxFNZ8pG1vAt5,UF: University of Florida,Q3_UF,0,1,0.9146009087562561
R_5fTexcIw7ma6yAJ,UF: University of Florida,Q3_UF,0,0,0.7419387698173523
R_3IoNyPA0mf5NkZJ,UF: University of Florida,Q3_UF,1,1,0.993910551071167
R_7oSm32CpfKC8ceJ,UF: University of Florida,Q3_UF,0,1,0.9865269064903259
R_36FvL4nwQPK5wUF,UF: University of Florida,Q3_UF,0,1,0.5906040668487549
R_7AxZVTWzEFkBBLz,UF: University of Florida,Q3_UF,1,1,0.982947051525116
R_3EESzPNIpH00KCp,UF: University of Florida,Q3_UF,1,1,0.966202437877655
R_7ZJMTKPDLrPebon,UF: University of Florida,Q3_UF,1,1,0.9900504350662231
R_7PBauFPjMklvISZ,UF: University of Florida,Q3_UF,1,1,0.9950265288352966
R_5GxIrqjSDJ22mRP,UF: University of Florida,Q3_UF,0,0,0.6994097828865051
R_3eapFTt1wroHHdC,UF: University of Florida,Q3_UF,1,1,0.9829018115997314
R_1Ep0GiMWu8MP4Qb,UF: University of Florida,Q3_UF,1,1,0.9931683540344238
R_36LDVJGtaTGTIo9,UF: University of Florida,Q3_UF,2,2,0.8832491040229797
R_3ml9OTWgVOZoXAg,UF: University of Florida,Q3_UF,0,1,0.9892544746398926
R_6HphmXLe8c3bWzP,UF: University of Florida,Q3_UF,1,1,0.9938947558403015
R_6gAT36ecTdvlHpm,UF: University of Florida,Q3_UF,1,1,0.9885520935058594
R_60iAF27i8EEd2Pg,UF: University of Florida,Q3_UF,1,1,0.99496990442276
R_7igs09p9Kpbsj1v,UF: University of Florida,Q3_UF,1,1,0.726473867893219
R_6gOELpsk9x2ZCTL,UF: University of Florida,Q3_UF,0,1,0.9434754252433777
R_3ribPAWv5nlPqc5,UF: University of Florida,Q3_UF,2,1,0.7624963521957397
R_6R3A96Cb7GRH2qK,,Q3_UF,1,1,0.9960522055625916
R_1QJyAsiM0oMD4fn,UF: University of Florida,Q3_UF,1,1,0.9622358083724976
R_1wG3NYG6yZNWrod,UF: University of Florida,Q3_UF,0,1,0.9596773386001587
R_6X7dX0l6oGIXehg,UF: University of Florida,Q3_UF,1,1,0.995347797870636
R_1qeEoTpPfcaY8tu,UF: University of Florida,Q3_UF,1,1,0.878741443157196
R_5kLZBeMxsyPQRoL,UF: University of Florida,Q3_UF,0,1,0.993796706199646
R_78TjnF4YE7JcFMW,UF: University of Florida,Q3_UF,2,2,0.9629510045051575
R_7siAH470ZIL8Xo3,UF: University of Florida,Q3_UF,1,2,0.5660164952278137
R_1wTgusu7e5hb2LW,UF: University of Florida,Q3_UF,2,2,0.9148375988006592
R_17llCpAQAyriZEv,UF: University of Florida,Q3_UF,2,2,0.9501971006393433
R_6fkwTWefvjgGrJA,UF: University of Florida,Q3_UF,1,1,0.9943464398384094
R_5rxadIhL2qtmMZH,UF: University of Florida,Q3_UF,1,1,0.9889188408851624
R_7GvqfzWVXNeF26R,UF: University of Florida,Q3_UF,0,1,0.949683666229248
R_1jwbqIlVMBBiuiT,UF: University of Florida,Q3_UF,1,2,0.884891152381897
R_6jTj9wbYCpZR5Zo,MSU: Michigan State University,Q2_MSU,1,0,0.9913954138755798
R_3hcU4Fr9P3hozsd,MSU: Michigan State University,Q2_MSU,0,0,0.9784563779830933
R_6CPwEMRZt7klQFa,MSU: Michigan State University,Q2_MSU,0,1,0.8087383508682251
R_3kzxOx5mMXXEnSh,MSU: Michigan State University,Q2_MSU,0,0,0.9912501573562622
R_3HpEEoHogMOz4fe,MSU: Michigan State University,Q2_MSU,2,2,0.9913126826286316
R_3kb4mvrIMSYGcUe,MSU: Michigan State University,Q2_MSU,2,2,0.9955180287361145
R_7fwm7a5tBKZgNsd,MSU: Michigan State University,Q2_MSU,2,1,0.7548892498016357
R_5uVzI5hNZXyu3lm,MSU: Michigan State University,Q2_MSU,1,2,0.9813324213027954
R_5CPEqLwCjsH4uK1,MSU: Michigan State University,Q2_MSU,0,0,0.9936716556549072
R_6IbNKFJtDg9ZK0f,MSU: Michigan State University,Q2_MSU,2,2,0.9961506128311157
R_7CJ4aUgW14GNpEu,MSU: Michigan State University,Q2_MSU,2,2,0.9721221327781677
R_7nCrG3U2QYwFuCm,MSU: Michigan State University,Q2_MSU,0,1,0.8088884353637695
R_5QqNx0qNPAjBWZr,MSU: Michigan State University,Q2_MSU,1,2,0.9949605464935303
R_7eLfYgr1qWAkImO,MSU: Michigan State University,Q2_MSU,2,1,0.9552803635597229
R_7LetkduXApj5pMX,MSU: Michigan State University,Q2_MSU,2,2,0.9958672523498535
R_5DorFLqkKldPfJa,MSU: Michigan State University,Q2_MSU,2,2,0.9963183403015137
R_1mmZf0SFihqkb1Q,MSU: Michigan State University,Q2_MSU,2,2,0.995001494884491
R_6wtASNHYLOVPZDQ,MSU: Michigan State University,Q2_MSU,1,2,0.9960039258003235
R_1dAMy6n0QnycX84,MSU: Michigan State University,Q2_MSU,1,2,0.9955529570579529
R_1WGfa5701SuYBgD,MSU: Michigan State University,Q2_MSU,2,2,0.9961485862731934
R_1g17BgssuD7QbXs,MSU: Michigan State University,Q2_MSU,1,2,0.995607316493988
R_5WvCoos5M3m4vNL,MSU: Michigan State University,Q2_MSU,2,2,0.9786683917045593
R_5E3IkntJFnqbLb3,MSU: Michigan State University,Q2_MSU,2,2,0.9944539666175842
R_3dGwBSGViniYdB7,MSU: Michigan State University,Q2_MSU,2,2,0.9957795143127441
R_63VJDgvHEEuoMu3,MSU: Michigan State University,Q2_MSU,2,2,0.9964547157287598
R_6SJF13YY7GfHmTe,MSU: Michigan State University,Q2_MSU,1,2,0.9890697598457336
R_6BrCf2cjF09VbNS,MSU: Michigan State University,Q2_MSU,2,2,0.9966307282447815
R_1eOk79WSWa8vM3H,MSU: Michigan State University,Q2_MSU,2,2,0.9941021800041199
R_30kPsbdbBjETf5l,MSU: Michigan State University,Q2_MSU,1,2,0.9949561953544617
R_62ok35LC6JOal9X,MSU: Michigan State University,Q2_MSU,0,1,0.9720777273178101
R_7NCcgyubBce0XnO,MSU: Michigan State University,Q2_MSU,1,2,0.9945151805877686
R_1mKwxkmFkXjg9HU,MSU: Michigan State University,Q2_MSU,2,2,0.9938637018203735
R_72LH5iop6FFn27J,MSU: Michigan State University,Q2_MSU,2,1,0.8989200592041016
R_6wHygsewIcJ79Eu,MSU: Michigan State University,Q2_MSU,2,2,0.996455192565918
R_3kcEtSmSV2JdBPX,MSU: Michigan State University,Q2_MSU,2,2,0.9963940978050232
R_3f3gyBDmLJKUk7z,MSU: Michigan State University,Q2_MSU,2,2,0.9963372945785522
R_3D6CJ5Yc2U9ThAx,MSU: Michigan State University,Q2_MSU,2,2,0.9959751963615417
R_1C5w6BvyCRjR0BP,MSU: Michigan State University,Q2_MSU,1,2,0.9961398243904114
R_1IWuO1fhcgDugBD,MSU: Michigan State University,Q2_MSU,2,2,0.9182742834091187
R_7CNmurJBJ7o97GN,MSU: Michigan State University,Q2_MSU,0,0,0.9822375178337097
R_7oFSs8i4iEaljYh,MSU: Michigan State University,Q2_MSU,2,2,0.9964119791984558
R_1E0Yw1slSrSLfIy,MSU: Michigan State University,Q2_MSU,2,2,0.9964408278465271
R_3vAkGtp6qVGJgbf,MSU: Michigan State University,Q2_MSU,2,2,0.9965722560882568
R_3gPBtoAUwNKUnpD,MSU: Michigan State University,Q2_MSU,2,2,0.9952924251556396
R_7Ka7l49YafrjqXD,MSU: Michigan State University,Q2_MSU,0,1,0.5323019623756409
R_1CVvruXG88oTLRT,MSU: Michigan State University,Q2_MSU,0,2,0.9952735304832458
R_17I0UjnMxh0Bn4p,MSU: Michigan State University,Q2_MSU,2,1,0.8667868375778198
R_6A9LF3rfLzGAQKZ,MSU: Michigan State University,Q2_MSU,2,2,0.995785653591156
R_1IhL8vueJkC9bQQ,MSU: Michigan State University,Q2_MSU,0,0,0.9957483410835266
R_5C5BQnlmZDz7LuV,MSU: Michigan State University,Q2_MSU,2,2,0.9945598244667053
R_63W9jCcngQMsKYl,MSU: Michigan State University,Q2_MSU,2,2,0.9958354234695435
R_54bKdFIrxQFDRIM,MSU: Michigan State University,Q2_MSU,2,2,0.995540201663971
R_52tISnIb3eHzwsS,MSU: Michigan State University,Q2_MSU,2,0,0.9539674520492554
R_6dGQZYMXpgWymXV,MSU: Michigan State University,Q2_MSU,1,2,0.9957142472267151
R_3ckiVsGQdFnQ0AV,MSU: Michigan State University,Q2_MSU,1,2,0.561556875705719
R_3JXEgsrP13Frv02,MSU: Michigan State University,Q2_MSU,2,2,0.9962794184684753
R_6mCdoD3Jiw68acs,MSU: Michigan State University,Q2_MSU,1,1,0.9083108901977539
R_6BQO0JcgdRB1DPs,MSU: Michigan State University,Q2_MSU,2,2,0.9965323209762573
R_6ZIvDhVa13bExO1,MSU: Michigan State University,Q2_MSU,2,2,0.9936625957489014
R_3P5H5mvDmeOOzlA,MSU: Michigan State University,Q2_MSU,2,2,0.9959443211555481
R_1BrKT3favgAhcDO,MSU: Michigan State University,Q2_MSU,2,2,0.9950764775276184
R_6KwpG35KMq6UprD,MSU: Michigan State University,Q2_MSU,2,2,0.996355414390564
R_7EIlf7sn9h4PvZ7,MSU: Michigan State University,Q2_MSU,2,2,0.9965183734893799
R_3lEDrTnPi770DTj,MSU: Michigan State University,Q2_MSU,2,2,0.9786683917045593
R_7pZyeOz7frU87Xb,MSU: Michigan State University,Q2_MSU,0,0,0.967066764831543
R_12KSGClKbVohAoi,MSU: Michigan State University,Q2_MSU,2,1,0.9161283373832703
R_6LcAfun4lQuO66s,MSU: Michigan State University,Q2_MSU,1,0,0.9756130576133728
R_3esGoYcpYSe2Nhv,MSU: Michigan State University,Q2_MSU,2,2,0.9961258769035339
R_6akBqqlXMvQTHYR,MSU: Michigan State University,Q2_MSU,1,2,0.9963879585266113
R_7feiQDWUZSmvKQZ,MSU: Michigan State University,Q2_MSU,2,2,0.9950219392776489
R_5UQ0EIhY39limIN,MSU: Michigan State University,Q2_MSU,2,2,0.996297299861908
R_7fs9YHLqtI5mHWb,MSU: Michigan State University,Q2_MSU,2,2,0.9306101202964783
R_3KPUVOHAQUayPO6,MSU: Michigan State University,Q2_MSU,2,2,0.9951817393302917
R_7irZXwfSoDHXjds,MSU: Michigan State University,Q2_MSU,1,2,0.996260404586792
R_6eIYuev8k1JsAeS,MSU: Michigan State University,Q2_MSU,0,0,0.9861236810684204
R_3OlOZSsl8PJD1mr,MSU: Michigan State University,Q2_MSU,1,2,0.9951581358909607
R_72Y4ZdPIdKuL6bm,MSU: Michigan State University,Q2_MSU,2,2,0.9960340857505798
R_5oF5kENi6JE54H1,UF: University of Florida,Q2_UF,1,1,0.9822263717651367
R_7nVfRs25ocLzfSo,UF: University of Florida,Q2_UF,1,1,0.9384632706642151
R_7tL4MNUlaEBThWK,UF: University of Florida,Q2_UF,1,1,0.9890271425247192
R_6TyMNCxK4es2sYK,UF: University of Florida,Q2_UF,1,1,0.9926295280456543
R_6y0DYvZvTUOmbnj,UF: University of Florida,Q2_UF,1,1,0.9844451546669006
R_6H1Oz2vkXqe5Tnd,UF: University of Florida,Q2_UF,1,0,0.9515047073364258
R_5VEGdTHjdorCmGF,UF: University of Florida,Q2_UF,0,0,0.9928436875343323
R_3PoW87XbnD3dpEs,UF: University of Florida,Q2_UF,1,1,0.9902948141098022
R_6Dp8mbUbv27vJuy,UF: University of Florida,Q2_UF,0,1,0.91423499584198
R_3iyD3QiN9w16RgJ,UF: University of Florida,Q2_UF,0,0,0.9962522387504578
R_6p2OvSk0540IFfC,UF: University of Florida,Q2_UF,0,0,0.9959729313850403
R_3QsX0w2vqfjALUL,UF: University of Florida,Q2_UF,0,0,0.6873190402984619
R_1re6BT1MoRiz2d4,,Q2_UF,0,0,0.9963580965995789
R_11zIVC07khkAE0n,UF: University of Florida,Q2_UF,2,1,0.9753583073616028
R_1Ii9nd4LTM375CP,UF: University of Florida,Q2_UF,0,0,0.9959820508956909
R_3FPUDktEVFmAUvH,UF: University of Florida,Q2_UF,0,0,0.9960440397262573
R_5Ymuae70nivIAiq,UF: University of Florida,Q2_UF,0,0,0.9964838027954102
R_6IWzg2oyLoX9kgO,UF: University of Florida,Q2_UF,1,1,0.9931922554969788
R_3Tt4svuRLqQHrgk,UF: University of Florida,Q2_UF,1,0,0.9956511855125427
R_75KEMI8F8JX1PYh,UF: University of Florida,Q2_UF,1,1,0.9923116564750671
R_3K3rB7BhXkyuS2Z,UF: University of Florida,Q2_UF,2,1,0.9686155915260315
R_7CiCHeDQmKXUMp3,UF: University of Florida,Q2_UF,1,1,0.9889316558837891
R_3fJylFscKH0qdw4,UF: University of Florida,Q2_UF,1,1,0.992384135723114
R_1pn6ILQZzwgDOmZ,UF: University of Florida,Q2_UF,1,0,0.9961485862731934
R_1Gets76lZCTCO3i,UF: University of Florida,Q2_UF,0,0,0.9952113032341003
R_1nOQ2Vql1v1wnZc,UF: University of Florida,Q2_UF,2,2,0.969947099685669
R_3jILDMHxe6wlL8Z,UF: University of Florida,Q2_UF,1,1,0.8101489543914795
R_3mIrqpv2kPdiArZ,UF: University of Florida,Q2_UF,1,1,0.992429792881012
R_5Hoc6bErnlqTHEh,UF: University of Florida,Q2_UF,0,0,0.9953472018241882
R_5VjyqH9ahKrKLwZ,UF: University of Florida,Q2_UF,1,1,0.9904007315635681
R_3ksTIU6ZV0olLDT,,Q2_UF,0,0,0.9965223073959351
R_1HjfBd9SEvFobiH,UF: University of Florida,Q2_UF,1,0,0.9963537454605103
R_3YkNzZ32Cw2ukdy,UF: University of Florida,Q2_UF,0,0,0.9958490133285522
R_7DYcLMn3CSPwZV5,UF: University of Florida,Q2_UF,0,0,0.9962288737297058
R_1Tt6iWRGtzv56xD,UF: University of Florida,Q2_UF,0,0,0.9964039325714111
R_30ShRhDUxqEuIkn,UF: University of Florida,Q2_UF,0,0,0.9966739416122437
R_5MxNwaOf7LyI34s,UF: University of Florida,Q2_UF,0,0,0.9945367574691772
R_1mgw8xyQtZQaZhG,UF: University of Florida,Q2_UF,0,0,0.9964678287506104
R_3jIEc2osnKsA5yT,UF: University of Florida,Q2_UF,0,1,0.7621626853942871
R_1p2Y6UVbMhWfxXr,UF: University of Florida,Q2_UF,2,1,0.9920654892921448
R_5Yrcd1phh6Tafb8,UF: University of Florida,Q2_UF,0,0,0.990028440952301
R_1fBrfy5Av5Hpnqs,UF: University of Florida,Q2_UF,0,0,0.9951316118240356
R_6f8TGaN95r6UJaf,UF: University of Florida,Q2_UF,1,0,0.9942783117294312
R_19AG3OHeggN6cXD,UF: University of Florida,Q2_UF,0,0,0.9921586513519287
R_1ELznnZi5K523jr,UF: University of Florida,Q2_UF,0,0,0.9965872764587402
R_7YgGtVP4bsH92wh,UF: University of Florida,Q2_UF,0,0,0.9961821436882019
R_3Q3lNEg8FGVTBDv,UF: University of Florida,Q2_UF,0,0,0.9963108897209167
R_5AISs5NNS0dTLfb,UF: University of Florida,Q2_UF,0,0,0.9733272194862366
R_7CggiWGfNLkWauo,UF: University of Florida,Q2_UF,0,0,0.9958388805389404
R_3CvSJeee7msJHbT,UF: University of Florida,Q2_UF,0,0,0.9964690208435059
R_1oGZH55nqCXoa0h,UF: University of Florida,Q2_UF,0,0,0.9964420199394226
R_5czoEwOLGXDIP7X,,Q2_UF,1,1,0.993034839630127
R_5v5IdW1UKGYl5v7,UF: University of Florida,Q2_UF,0,0,0.9954356551170349
R_5kB14hCmiSRuChM,,Q2_UF,0,0,0.9962627291679382
R_3AMTeL1LT7E01uV,MSU: Michigan State University,Q2_MSU,1,1,0.9927659034729004
R_3fva0A1J36s4rFV,MSU: Michigan State University,Q2_MSU,0,0,0.9461838006973267
R_6JFoLuMd42Edpzq,MSU: Michigan State University,Q2_MSU,2,2,0.9950201511383057
R_63eFOqpHw3y8Snn,MSU: Michigan State University,Q2_MSU,2,2,0.9961873888969421
R_35R8qFoRP6Icm4g,MSU: Michigan State University,Q2_MSU,2,2,0.9921897053718567
R_6jVEvE4i3OX7Nye,MSU: Michigan State University,Q2_MSU,1,1,0.9927431344985962
R_3EFii7hS7Fdagpj,MSU: Michigan State University,Q2_MSU,1,1,0.9926302433013916
R_1ML03448XQrI0yN,MSU: Michigan State University,Q2_MSU,2,2,0.9962557554244995
R_5QDDtW68x7yFfDM,MSU: Michigan State University,Q2_MSU,2,2,0.9957922697067261
R_17iwXAv7rjRthRv,MSU: Michigan State University,Q2_MSU,1,2,0.8660549521446228
R_6OIupqRJYKbTRwB,MSU: Michigan State University,Q2_MSU,0,2,0.6481087803840637
R_62VKbDQ1sYTVhFj,MSU: Michigan State University,Q2_MSU,2,2,0.9821597933769226
R_6NfZLFlA638jqjt,MSU: Michigan State University,Q2_MSU,2,2,0.9957075119018555
R_3BmkJFjOernZm26,MSU: Michigan State University,Q2_MSU,1,1,0.9922193288803101
R_52l0s7I6T7dNTWn,MSU: Michigan State University,Q2_MSU,1,1,0.9936517477035522
R_6K22C6A0tyi5RQK,MSU: Michigan State University,Q2_MSU,1,1,0.991425633430481
R_3uypYt8BzKn8Gtz,MSU: Michigan State University,Q2_MSU,2,2,0.9960798621177673
R_3ltC6b8g8lLehCO,MSU: Michigan State University,Q2_MSU,1,1,0.9904187321662903
R_7x5MakAo7LL97Zn,MSU: Michigan State University,Q2_MSU,2,2,0.9375928044319153
R_7f952usqALZFBkz,MSU: Michigan State University,Q2_MSU,2,2,0.9962998032569885
R_7kcwUtGiczw2Ub4,MSU: Michigan State University,Q2_MSU,2,0,0.9474844932556152
R_1EpfyKPVIN2rMFj,MSU: Michigan State University,Q2_MSU,1,1,0.990520715713501
R_1QnYWzU6D2RpO2R,MSU: Michigan State University,Q2_MSU,2,2,0.9954918026924133
R_7WATVXqN3t6irDj,MSU: Michigan State University,Q2_MSU,2,2,0.9964159727096558
R_1Ua4d6nG3i2MRr4,MSU: Michigan State University,Q2_MSU,2,2,0.9963155388832092
R_1SlDWmrMD7wqgCm,MSU: Michigan State University,Q2_MSU,2,2,0.9964120984077454
R_72t7bfQjKP9ch1L,MSU: Michigan State University,Q2_MSU,2,2,0.9959948062896729
R_1aVVfQpyroF7Bra,MSU: Michigan State University,Q2_MSU,2,2,0.9963740706443787
R_3ie4WZ6akPGXSco,MSU: Michigan State University,Q2_MSU,2,2,0.9943364262580872
R_1ClGvKp6ERG9LQQ,MSU: Michigan State University,Q2_MSU,1,2,0.9901836514472961
R_6g5cx7RbVAej6vC,MSU: Michigan State University,Q2_MSU,2,2,0.9953970313072205
R_1zqdJYecAOjRx2V,MSU: Michigan State University,Q2_MSU,2,2,0.9939788579940796
R_6RQBeuAardbSt9a,MSU: Michigan State University,Q2_MSU,2,2,0.9958168864250183
R_13D8kXmO38iNaR2,MSU: Michigan State University,Q2_MSU,1,1,0.9933470487594604
R_6Pw9RJw9EBIg1aY,MSU: Michigan State University,Q2_MSU,1,0,0.9913238286972046
R_3Ra0E6kzKRyG6l3,MSU: Michigan State University,Q2_MSU,0,1,0.9801550507545471
R_3PA1VlNN46oE4sd,MSU: Michigan State University,Q2_MSU,0,1,0.9307282567024231
R_3xqMt0M2y4aPBZv,MSU: Michigan State University,Q2_MSU,1,1,0.9929514527320862
R_77OZ0gE3T3RLwWZ,MSU: Michigan State University,Q2_MSU,2,2,0.9964176416397095
R_7LCOawcZ0rdbLVd,MSU: Michigan State University,Q2_MSU,1,1,0.9933286905288696
R_7kUHhhGExshXRl3,MSU: Michigan State University,Q2_MSU,2,2,0.9964125752449036
R_1FLH1RdB4sl2RNb,MSU: Michigan State University,Q2_MSU,0,0,0.9800440669059753
R_7CxUpKTuGduToDY,MSU: Michigan State University,Q2_MSU,2,2,0.9965736865997314
R_68oLCFMSKj6FuAp,MSU: Michigan State University,Q2_MSU,2,1,0.8938554525375366
R_67JRYTHyvkOlBDT,MSU: Michigan State University,Q2_MSU,0,1,0.850425660610199
R_34Jbjp33CUjaTpi,MSU: Michigan State University,Q2_MSU,0,0,0.9945974349975586
R_7Nq29CKDHjy4T7b,MSU: Michigan State University,Q2_MSU,1,2,0.9958072900772095
